started Thu Jun 18 17:46:20 CST 2026
/usr/bin/make -j1  O=/home/charliechen/rk-forge/third_party/buildroot/output HOSTCC="/usr/bin/gcc" HOSTCXX="/usr/bin/g++" syncconfig
make[1]: Entering directory '/home/charliechen/rk-forge/third_party/buildroot'
make[1]: Leaving directory '/home/charliechen/rk-forge/third_party/buildroot'
[7m>>> toolchain-external-custom  Configuring[27m
[7m>>> toolchain-external-custom  Building[27m
/usr/bin/gcc -O2 -I/home/charliechen/rk-forge/third_party/buildroot/output/host/include -DBR_CPU='"cortex-a7"' -DBR_ABI='"aapcs-linux"' -DBR_FPU='"neon-vfpv4"' -DBR_FLOAT_ABI='"hard"' -DBR_MODE='"arm"' -DBR_CROSS_PATH_SUFFIX='""' -DBR_CROSS_PATH_ABS='"/opt/arm-gnu-toolchain-15.2.rel1-x86_64-arm-none-linux-gnueabihf/bin"' -DBR_SYSROOT='"arm-buildroot-linux-gnueabihf/sysroot"' -DBR_ADDITIONAL_CFLAGS='"-fstack-protector-strong",' -DBR2_PIC_PIE -DBR2_RELRO_FULL -s -Wl,--hash-style=both toolchain/toolchain-wrapper.c -o /home/charliechen/rk-forge/third_party/buildroot/output/build/toolchain-external-custom/toolchain-wrapper
[7m>>> toolchain-external-custom  Installing to staging directory[27m
/usr/bin/install -D -m 0755 /home/charliechen/rk-forge/third_party/buildroot/output/build/toolchain-external-custom/toolchain-wrapper /home/charliechen/rk-forge/third_party/buildroot/output/host/bin/toolchain-wrapper
[7m>>> toolchain-external-custom  Copying external toolchain sysroot to staging...[27m
rm -f /home/charliechen/rk-forge/third_party/buildroot/output/host/arm-buildroot-linux-gnueabihf/sysroot/usr/include/crypt.h /home/charliechen/rk-forge/third_party/buildroot/output/host/arm-buildroot-linux-gnueabihf/sysroot/usr/lib/libcrypt.so /home/charliechen/rk-forge/third_party/buildroot/output/host/arm-buildroot-linux-gnueabihf/sysroot/usr/lib/libcrypt.a
[7m>>> toolchain-external-custom  Installing gdbinit[27m
[7m>>> toolchain-external-custom  Fixing libtool files[27m
for la in $(find /home/charliechen/rk-forge/third_party/buildroot/output/host/arm-buildroot-linux-gnueabihf/sysroot/usr/lib* -name "*.la"); do \
	cp -a "${la}" "${la}.fixed" && \
	/usr/bin/sed -i -e "s:/home/charliechen/rk-forge/third_party/buildroot/output:@BASE_DIR@:g" \
		-e "s:/home/charliechen/rk-forge/third_party/buildroot/output/host/arm-buildroot-linux-gnueabihf/sysroot:@STAGING_DIR@:g" \
		 -e "s:/opt/arm-gnu-toolchain-15.2.rel1-x86_64-arm-none-linux-gnueabihf:@TOOLCHAIN_EXTERNAL_INSTALL_DIR@:g" \
		-e "s:\(['= ]\)/usr:\\1@STAGING_DIR@/usr:g" \
		-e "s:\(['= ]\)/lib:\\1@STAGING_DIR@/lib:g" \
		 -e "s:@TOOLCHAIN_EXTERNAL_INSTALL_DIR@:/opt/arm-gnu-toolchain-15.2.rel1-x86_64-arm-none-linux-gnueabihf:g" \
		-e "s:@STAGING_DIR@:/home/charliechen/rk-forge/third_party/buildroot/output/host/arm-buildroot-linux-gnueabihf/sysroot:g" \
		-e "s:@BASE_DIR@:/home/charliechen/rk-forge/third_party/buildroot/output:g" \
		"${la}.fixed" && \
	if cmp -s "${la}" "${la}.fixed"; then \
		rm -f "${la}.fixed"; \
	else \
		mv "${la}.fixed" "${la}"; \
	fi || exit 1; \
done
[7m>>> toolchain-external-custom  Installing to target[27m
[7m>>> toolchain-external-custom  Copying external toolchain libraries to target...[27m
[7m>>> toolchain-external  Extracting[27m
[7m>>> toolchain-external  Patching[27m
[7m>>> toolchain-external  Configuring[27m
[7m>>> toolchain-external  Building[27m
[7m>>> toolchain-external  Installing to target[27m
[7m>>> toolchain  Extracting[27m
[7m>>> toolchain  Patching[27m
[7m>>> toolchain  Configuring[27m
[7m>>> toolchain  Building[27m
[7m>>> toolchain  Installing to staging directory[27m
sed -e 's#@@STAGING_SUBDIR@@#arm-buildroot-linux-gnueabihf/sysroot#' -e 's#@@TARGET_CFLAGS@@#-D_LARGEFILE_SOURCE -D_LARGEFILE64_SOURCE -D_FILE_OFFSET_BITS=64 -O2 -g0 -D_FORTIFY_SOURCE=1#' -e 's#@@TARGET_CXXFLAGS@@#-D_LARGEFILE_SOURCE -D_LARGEFILE64_SOURCE -D_FILE_OFFSET_BITS=64 -O2 -g0 -D_FORTIFY_SOURCE=1#' -e 's#@@TARGET_FCFLAGS@@#-O2 -g0#' -e 's#@@TARGET_LDFLAGS@@##' -e 's#@@TARGET_CC@@#bin/arm-none-linux-gnueabihf-gcc#' -e 's#@@TARGET_CXX@@#bin/arm-none-linux-gnueabihf-g++#' -e 's#@@TARGET_FC@@#bin/arm-none-linux-gnueabihf-gfortran#' -e 's#@@CMAKE_SYSTEM_PROCESSOR@@#armv7l#' -e 's#@@TOOLCHAIN_HAS_CXX@@#1#' -e 's#@@TOOLCHAIN_HAS_FORTRAN@@#1#' -e 's#@@CMAKE_BUILD_TYPE@@#Release#' /home/charliechen/rk-forge/third_party/buildroot/support/misc/toolchainfile.cmake.in > /home/charliechen/rk-forge/third_party/buildroot/output/host/share/buildroot/toolchainfile.cmake
[7m>>> toolchain  Fixing libtool files[27m
for la in $(find /home/charliechen/rk-forge/third_party/buildroot/output/host/arm-buildroot-linux-gnueabihf/sysroot/usr/lib* -name "*.la"); do \
	cp -a "${la}" "${la}.fixed" && \
	/usr/bin/sed -i -e "s:/home/charliechen/rk-forge/third_party/buildroot/output:@BASE_DIR@:g" \
		-e "s:/home/charliechen/rk-forge/third_party/buildroot/output/host/arm-buildroot-linux-gnueabihf/sysroot:@STAGING_DIR@:g" \
		 -e "s:/opt/arm-gnu-toolchain-15.2.rel1-x86_64-arm-none-linux-gnueabihf:@TOOLCHAIN_EXTERNAL_INSTALL_DIR@:g" \
		-e "s:\(['= ]\)/usr:\\1@STAGING_DIR@/usr:g" \
		-e "s:\(['= ]\)/lib:\\1@STAGING_DIR@/lib:g" \
		 -e "s:@TOOLCHAIN_EXTERNAL_INSTALL_DIR@:/opt/arm-gnu-toolchain-15.2.rel1-x86_64-arm-none-linux-gnueabihf:g" \
		-e "s:@STAGING_DIR@:/home/charliechen/rk-forge/third_party/buildroot/output/host/arm-buildroot-linux-gnueabihf/sysroot:g" \
		-e "s:@BASE_DIR@:/home/charliechen/rk-forge/third_party/buildroot/output:g" \
		"${la}.fixed" && \
	if cmp -s "${la}" "${la}.fixed"; then \
		rm -f "${la}.fixed"; \
	else \
		mv "${la}.fixed" "${la}"; \
	fi || exit 1; \
done
[7m>>> toolchain  Installing to target[27m
[7m>>> busybox 1.38.0 Downloading[27m
wget -nd -t 3 --connect-timeout=10 -O '/home/charliechen/rk-forge/third_party/buildroot/output/build/.busybox-1.38.0.tar.bz2.aOMBu2/output' 'https://www.busybox.net/downloads/busybox-1.38.0.tar.bz2' 
--2026-06-18 17:46:57--  https://www.busybox.net/downloads/busybox-1.38.0.tar.bz2
Connecting to 127.0.0.1:7890... connected.
Proxy request sent, awaiting response... 200 OK
Length: 2695723 (2.6M) [application/x-bzip2]
Saving to: ‘/home/charliechen/rk-forge/third_party/buildroot/output/build/.busybox-1.38.0.tar.bz2.aOMBu2/output’

     0K .......... .......... .......... .......... ..........  1%  341K 8s
    50K .......... .......... .......... .......... ..........  3%  234K 9s
   100K .......... .......... .......... .......... ..........  5%  756K 7s
   150K .......... .......... .......... .......... ..........  7%  460K 7s
   200K .......... .......... .......... .......... ..........  9% 2.43M 5s
   250K .......... .......... .......... .......... .......... 11%  968K 5s
   300K .......... .......... .......... .......... .......... 13%  652K 4s
   350K .......... .......... .......... .......... .......... 15% 40.9M 4s
   400K .......... .......... .......... .......... .......... 17% 3.71M 3s
   450K .......... .......... .......... .......... .......... 18%  295K 4s
   500K .......... .......... .......... .......... .......... 20% 71.1M 3s
   550K .......... .......... .......... .......... .......... 22% 6.38M 3s
   600K .......... .......... .......... .......... .......... 24%  600K 3s
   650K .......... .......... .......... .......... .......... 26%  921K 3s
   700K .......... .......... .......... .......... .......... 28% 56.8M 3s
   750K .......... .......... .......... .......... .......... 30% 87.3M 2s
   800K .......... .......... .......... .......... .......... 32% 7.41M 2s
   850K .......... .......... .......... .......... .......... 34% 6.86M 2s
   900K .......... .......... .......... .......... .......... 36%  342K 2s
   950K .......... .......... .......... .......... .......... 37% 67.1M 2s
  1000K .......... .......... .......... .......... .......... 39% 76.3M 2s
  1050K .......... .......... .......... .......... .......... 41%  852K 2s
  1100K .......... .......... .......... .......... .......... 43% 2.36M 2s
  1150K .......... .......... .......... .......... .......... 45% 3.86M 2s
  1200K .......... .......... .......... .......... .......... 47% 1.33M 1s
  1250K .......... .......... .......... .......... .......... 49% 24.6M 1s
  1300K .......... .......... .......... .......... .......... 51%  103M 1s
  1350K .......... .......... .......... .......... .......... 53% 98.7M 1s
  1400K .......... .......... .......... .......... .......... 55%  102M 1s
  1450K .......... .......... .......... .......... .......... 56% 12.3M 1s
  1500K .......... .......... .......... .......... .......... 58% 2.34M 1s
  1550K .......... .......... .......... .......... .......... 60% 1.59M 1s
  1600K .......... .......... .......... .......... .......... 62% 2.57M 1s
  1650K .......... .......... .......... .......... .......... 64% 3.52M 1s
  1700K .......... .......... .......... .......... .......... 66% 2.70M 1s
  1750K .......... .......... .......... .......... .......... 68% 1.79M 1s
  1800K .......... .......... .......... .......... .......... 70% 5.63M 1s
  1850K .......... .......... .......... .......... .......... 72% 2.32M 1s
  1900K .......... .......... .......... .......... .......... 74% 3.13M 1s
  1950K .......... .......... .......... .......... .......... 75% 2.28M 0s
  2000K .......... .......... .......... .......... .......... 77%  664K 0s
  2050K .......... .......... .......... .......... .......... 79% 39.7M 0s
  2100K .......... .......... .......... .......... .......... 81% 4.96M 0s
  2150K .......... .......... .......... .......... .......... 83% 73.4M 0s
  2200K .......... .......... .......... .......... .......... 85% 1.27M 0s
  2250K .......... .......... .......... .......... .......... 87% 62.3M 0s
  2300K .......... .......... .......... .......... .......... 89%  681K 0s
  2350K .......... .......... .......... .......... .......... 91% 27.0M 0s
  2400K .......... .......... .......... .......... .......... 93% 35.1M 0s
  2450K .......... .......... .......... .......... .......... 94% 1.79M 0s
  2500K .......... .......... .......... .......... .......... 96% 2.48M 0s
  2550K .......... .......... .......... .......... .......... 98%  163K 0s
  2600K .......... .......... .......... ..                   100%  101M=2.1s

2026-06-18 17:47:00 (1.24 MB/s) - ‘/home/charliechen/rk-forge/third_party/buildroot/output/build/.busybox-1.38.0.tar.bz2.aOMBu2/output’ saved [2695723/2695723]

busybox-1.38.0.tar.bz2: OK (sha256: 34f9ea6ff8636f2c9241153b9114eefa9e65674a45318ae1ef95bb5f31c53bb2)
[7m>>> busybox 1.38.0 Extracting[27m
bzcat /home/charliechen/rk-forge/third_party/buildroot/dl/busybox/busybox-1.38.0.tar.bz2 | tar --strip-components=1 -C /home/charliechen/rk-forge/third_party/buildroot/output/build/busybox-1.38.0   -xf -
[7m>>> busybox 1.38.0 Patching[27m

Applying 0001-networking-libiproute-use-linux-if_packet.h-instead-.patch using patch: 
patching file networking/libiproute/iplink.c

Applying 0002-Makefile.flags-strip-non-l-arguments-returned-by-pkg.patch using patch: 
patching file Makefile.flags

Applying 0003-libbb-sockaddr2str-ensure-only-printable-characters-.patch using patch: 
patching file libbb/xconnect.c
Hunk #1 succeeded at 476 (offset -21 lines).
Hunk #2 succeeded at 489 (offset -21 lines).

Applying 0004-nslookup-sanitize-all-printed-strings-with-printable.patch using patch: 
patching file networking/nslookup.c

Applying 0005-seedrng-fix-getrandom-detection-for-non-glibc-libc.patch using patch: 
patching file Makefile.flags
patching file miscutils/seedrng.c

Applying 0006-tc-Fix-compilation-with-Linux-v6.8-rc1.patch using patch: 
patching file networking/tc.c

Applying 0007-awk.c-fix-CVE-2023-42366-bug-15874.patch using patch: 
patching file editors/awk.c
Hunk #1 succeeded at 1228 (offset -6 lines).

Applying 0008-hwclock-Check-for-SYS_settimeofday-before-calling-sy.patch using patch: 
patching file util-linux/hwclock.c

Applying 0009-syslogd-fix-wrong-OPT_locallog-flag-detection.patch using patch: 
patching file sysklogd/syslogd.c

Applying 0010-testsuite-tar-tests-fix-test-after-cve-2025-46394.patch using patch: 
patching file testsuite/tar.tests

Applying 0011-wget-dont-allow-control-characters-or-spaces-in-the-URL.patch using patch: 
patching file networking/wget.c
Using /home/charliechen/rk-forge/third_party/buildroot/output/build/busybox-1.38.0/.config as base
#
# merged configuration written to /home/charliechen/rk-forge/third_party/buildroot/output/build/busybox-1.38.0/.config (needs make)
#
make[1]: Entering directory '/home/charliechen/rk-forge/third_party/buildroot/output/build/busybox-1.38.0'
  HOSTCC  scripts/basic/fixdep
  GEN     include/applets.h
  GEN     include/usage.h
  GEN     runit/Kbuild
  GEN     runit/Config.in
  GEN     e2fsprogs/Kbuild
  GEN     e2fsprogs/Config.in
  GEN     procps/Kbuild
  GEN     procps/Config.in
  GEN     printutils/Kbuild
  GEN     printutils/Config.in
  GEN     archival/Kbuild
  GEN     archival/Config.in
  GEN     archival/libarchive/Kbuild
  GEN     scripts/Kbuild
  GEN     modutils/Kbuild
  GEN     modutils/Config.in
  GEN     applets/Kbuild
  GEN     klibc-utils/Kbuild
  GEN     klibc-utils/Config.in
  GEN     shell/Kbuild
  GEN     shell/Config.in
  GEN     libbb/Kbuild
  GEN     libbb/Config.in
  GEN     libbb/yescrypt/Kbuild
  GEN     editors/Kbuild
  GEN     editors/Config.in
  GEN     init/Kbuild
  GEN     init/Config.in
  GEN     mailutils/Kbuild
  GEN     mailutils/Config.in
  GEN     findutils/Kbuild
  GEN     findutils/Config.in
  GEN     libpwdgrp/Kbuild
  GEN     selinux/Kbuild
  GEN     selinux/Config.in
  GEN     networking/Kbuild
  GEN     networking/Config.in
  GEN     networking/udhcp/Kbuild
  GEN     networking/udhcp/Config.in
  GEN     networking/libiproute/Kbuild
  GEN     console-tools/Kbuild
  GEN     console-tools/Config.in
  GEN     miscutils/Kbuild
  HOSTCC  scripts/basic/split-include
  HOSTCC  scripts/basic/docproc
  GEN     miscutils/Config.in
  GEN     loginutils/Kbuild
  GEN     loginutils/Config.in
  GEN     coreutils/Kbuild
  GEN     coreutils/Config.in
  GEN     coreutils/libcoreutils/Kbuild
  GEN     util-linux/Kbuild
  GEN     util-linux/Config.in
  GEN     util-linux/volume_id/Kbuild
  GEN     util-linux/volume_id/Config.in
  GEN     debianutils/Kbuild
  GEN     debianutils/Config.in
  GEN     sysklogd/Kbuild
  GEN     sysklogd/Config.in
  HOSTCC  scripts/kconfig/conf.o
  HOSTCC  scripts/kconfig/kxgettext.o
  HOSTCC  scripts/kconfig/mconf.o
  SHIPPED scripts/kconfig/zconf.tab.c
  SHIPPED scripts/kconfig/lex.zconf.c
  SHIPPED scripts/kconfig/zconf.hash.c
  HOSTCC  scripts/kconfig/zconf.tab.o
  HOSTLD  scripts/kconfig/conf
scripts/kconfig/conf -o Config.in
.config:1155:warning: trying to assign nonexistent symbol ASH_SLEEP
#
# using defaults found in .config
#
*
* Busybox Configuration
*
*
* Settings
*
Enable compatibility for full-blown desktop systems (8kb) (DESKTOP) [Y/n/?] y
Provide compatible behavior for rare corner cases (bigger code) (EXTRA_COMPAT) [N/y/?] n
Building for Fedora distribution (FEDORA_COMPAT) [N/y/?] n
Enable obsolete features removed before SUSv3 (INCLUDE_SUSv2) [Y/n/?] y
Support --long-options (LONG_OPTS) [Y/?] y
Show applet usage messages (SHOW_USAGE) [Y/n/?] y
  Show verbose applet usage messages (FEATURE_VERBOSE_USAGE) [Y/n/?] y
  Store applet usage messages in compressed form (FEATURE_COMPRESS_USAGE) [N/y/?] n
Support files > 2 GB (LFS) [Y/n/?] y
  Support 64bit wide time types (TIME64) [Y/n/?] (NEW) Support PAM (Pluggable Authentication Modules) (PAM) [N/y/?] n
Use the devpts filesystem for Unix98 PTYs (FEATURE_DEVPTS) [Y/n/?] y
Support utmp file (FEATURE_UTMP) [Y/n/?] y
  Support wtmp file (FEATURE_WTMP) [Y/n/?] y
Support writing pidfiles (FEATURE_PIDFILE) [N/y/?] n
  Directory for pidfiles (PID_FILE_PATH) [] 
Include busybox applet (BUSYBOX) [Y/n/?] y
  Support --show SCRIPT (FEATURE_SHOW_SCRIPT) [Y/n] y
  Support --install [-s] to install applet links at runtime (FEATURE_INSTALLER) [Y/n/?] y
  Support --version (FEATURE_VERSION) [Y/n/?] (NEW) Don't use /usr (INSTALL_NO_USR) [N/y/?] n
Drop SUID state for most applets (FEATURE_SUID) [Y/n/?] y
  Enable SUID configuration via /etc/busybox.conf (FEATURE_SUID_CONFIG) [N/y/?] n
exec prefers applets (FEATURE_PREFER_APPLETS) [N/y/?] n
Path to busybox executable (BUSYBOX_EXEC_PATH) [/proc/self/exe] /proc/self/exe
Support NSA Security Enhanced Linux (SELINUX) [N/y/?] n
Clean up all memory before exiting (usually not needed) (FEATURE_CLEAN_UP) [N/y/?] n
Support LOG_INFO level syslog messages (FEATURE_SYSLOG_INFO) [Y/n/?] y
*
* Build Options
*
Build static binary (no shared libs) (STATIC) [N/y/?] n
  Build position independent executable (PIE) [N/y/?] n
Force NOMMU build (NOMMU) [N/y/?] n
Build shared libbusybox (BUILD_LIBBUSYBOX) [N/y/?] n
Cross compiler prefix (CROSS_COMPILER_PREFIX) [] 
Path to sysroot (SYSROOT) [] 
Additional CFLAGS (EXTRA_CFLAGS) [] 
Additional LDFLAGS (EXTRA_LDFLAGS) [] 
Additional LDLIBS (EXTRA_LDLIBS) [] 
Avoid using GCC-specific code constructs (USE_PORTABLE_CODE) [N/y/?] n
Use -mpreferred-stack-boundary=2 on i386 arch (STACK_OPTIMIZATION_386) [N/y/?] n
Use -static-libgcc (STATIC_LIBGCC) [Y/n/?] y
*
* Installation Options ("make install" behavior)
*
What kind of applet links to install
> 1. as soft-links (INSTALL_APPLET_SYMLINKS)
  2. as hard-links (INSTALL_APPLET_HARDLINKS)
  3. as script wrappers (INSTALL_APPLET_SCRIPT_WRAPPERS)
  4. not installed (INSTALL_APPLET_DONT)
choice[1-4?]: 1
Destination path for 'make install' (PREFIX) [./_install] ./_install
*
* Debugging Options
*
Build with debug information (DEBUG) [N/y/?] n
Enable runtime sanitizers (ASAN/LSAN/USAN/etc...) (DEBUG_SANITIZE) [N/y/?] n
Build unit tests (UNIT_TEST) [N/y/?] n
Abort compilation on any warning (WERROR) [N/y/?] n
Warn about single parameter bb_xx_msg calls (WARN_SIMPLE_MSG) [N/y/?] n
Additional debugging library
> 1. None (NO_DEBUG_LIB)
  2. Dmalloc (DMALLOC)
  3. Electric-fence (EFENCE)
choice[1-3?]: 1
*
* Library Tuning
*
Use the end of BSS page (FEATURE_USE_BSS_TAIL) [N/y/?] n
Enable fractional duration arguments (FLOAT_DURATION) [Y/n/?] y
Support RTMIN[+n] and RTMAX[-n] signal names (FEATURE_RTMINMAX) [Y/n/?] y
  Use the definitions of SIGRTMIN/SIGRTMAX provided by libc (FEATURE_RTMINMAX_USE_LIBC_DEFINITIONS) [Y/n/?] y
Buffer allocation policy
> 1. Allocate with Malloc (FEATURE_BUFFERS_USE_MALLOC)
  2. Allocate on the Stack (FEATURE_BUFFERS_GO_ON_STACK)
  3. Allocate in the .bss section (FEATURE_BUFFERS_GO_IN_BSS)
choice[1-3?]: 1
Minimum password length (PASSWORD_MINLEN) [6] 6
MD5: Trade bytes for speed (0:fast, 3:slow) (MD5_SMALL) [1] 1
SHA1: Trade bytes for speed (0:fast, 3:slow) (SHA1_SMALL) [3] 3
SHA1: Use hardware accelerated instructions if possible (SHA1_HWACCEL) [Y/n/?] y
SHA256: Use hardware accelerated instructions if possible (SHA256_HWACCEL) [Y/n/?] y
SHA3: Trade bytes for speed (0:fast, 1:slow) (SHA3_SMALL) [1] 1
Non-POSIX, but safer, copying to special nodes (FEATURE_NON_POSIX_CP) [Y/n/?] y
Give more precise messages when copy fails (cp, mv etc) (FEATURE_VERBOSE_CP_MESSAGE) [N/y/?] n
Use sendfile system call (FEATURE_USE_SENDFILE) [Y/n/?] y
Copy buffer size, in kilobytes (FEATURE_COPYBUF_KB) [4] 4
Use clock_gettime(CLOCK_MONOTONIC) syscall (MONOTONIC_SYSCALL) [Y/n/?] y
Use ioctl names rather than hex values in error messages (IOCTL_HEX2STR_ERROR) [Y/n/?] y
Command line editing (FEATURE_EDITING) [Y/n/?] y
  Maximum length of input (FEATURE_EDITING_MAX_LEN) [1024] 1024
  vi-style line editing commands (FEATURE_EDITING_VI) [Y/n/?] y
  History size (FEATURE_EDITING_HISTORY) [999] 999
  History saving (FEATURE_EDITING_SAVEHISTORY) [Y/n/?] y
    Save history on shell exit, not after every command (FEATURE_EDITING_SAVE_ON_EXIT) [Y/n/?] y
  Reverse history search (FEATURE_REVERSE_SEARCH) [Y/n/?] y
  Tab completion (FEATURE_TAB_COMPLETION) [Y/n] y
    Username completion (FEATURE_USERNAME_COMPLETION) [N/y] n
  Fancy shell prompts (FEATURE_EDITING_FANCY_PROMPT) [Y/n/?] y
  Enable automatic tracking of window size changes (FEATURE_EDITING_WINCH) [Y/n] y
  Query cursor position from terminal (FEATURE_EDITING_ASK_TERMINAL) [N/y/?] n
Enable locale support (system needs locale for this to work) (LOCALE_SUPPORT) [N/y/?] n
Support Unicode (UNICODE_SUPPORT) [N/y/?] n
Use LOOP_CONFIGURE for losetup and loop mounts
  1. use LOOP_CONFIGURE, needs kernel >= 5.8 (LOOP_CONFIGURE)
  2. use LOOP_SET_FD + LOOP_SET_STATUS (NO_LOOP_CONFIGURE)
> 3. try LOOP_CONFIGURE, fall back to LOOP_SET_FD + LOOP_SET_STATUS (TRY_LOOP_CONFIGURE)
choice[1-3?]: 3
*
* Applets
*
*
* Archival Utilities
*
Make tar, rpm, modprobe etc understand .xz data (FEATURE_SEAMLESS_XZ) [N/y] n
Make tar, rpm, modprobe etc understand .lzma data (FEATURE_SEAMLESS_LZMA) [N/y] n
Make tar, rpm, modprobe etc understand .bz2 data (FEATURE_SEAMLESS_BZ2) [N/y] n
Make tar, rpm, modprobe etc understand .gz data (FEATURE_SEAMLESS_GZ) [N/y] n
Make tar, rpm, modprobe etc understand .Z data (FEATURE_SEAMLESS_Z) [N/y] n
ar (9.5 kb) (AR) [Y/n/?] y
  Support long filenames (not needed for debs) (FEATURE_AR_LONG_FILENAMES) [N/y/?] n
  Support archive creation (FEATURE_AR_CREATE) [Y/n/?] y
uncompress (7.1 kb) (UNCOMPRESS) [N/y/?] n
gunzip (11 kb) (GUNZIP) [Y/n/?] y
zcat (24 kb) (ZCAT) [Y/n/?] y
  Enable long options (FEATURE_GUNZIP_LONG_OPTIONS) [Y/n] y
bunzip2 (9.1 kb) (BUNZIP2) [Y/n/?] y
bzcat (9 kb) (BZCAT) [Y/n/?] y
unlzma (7.8 kb) (UNLZMA) [Y/n/?] y
lzcat (7.8 kb) (LZCAT) [Y/n/?] y
lzma -d (LZMA) [Y/n/?] y
unxz (13 kb) (UNXZ) [Y/n/?] y
xzcat (13 kb) (XZCAT) [Y/n/?] y
xz -d (XZ) [Y/n/?] y
bzip2 (16 kb) (BZIP2) [N/y/?] n
  Enable decompression (FEATURE_BZIP2_DECOMPRESS) [Y/?] y
cpio (15 kb) (CPIO) [Y/n/?] y
  Support archive creation (FEATURE_CPIO_O) [N/y/?] n
dpkg (43 kb) (DPKG) [N/y/?] n
dpkg-deb (29 kb) (DPKG_DEB) [N/y/?] n
gzip (17 kb) (GZIP) [Y/n/?] y
  Enable long options (FEATURE_GZIP_LONG_OPTIONS) [N/y] n
  Trade memory for speed (0:small,slow - 2:fast,big) (GZIP_FAST) [0] 0
  Enable compression levels (FEATURE_GZIP_LEVELS) [N/y/?] n
  Enable decompression (FEATURE_GZIP_DECOMPRESS) [Y/?] y
lzop (13 kb) (LZOP) [N/y/?] n
unlzop (13 kb) (UNLZOP) [Y/n/?] y
lzopcat (13 kb) (LZOPCAT) [Y/n/?] y
  lzop compression levels 7,8,9 (not very useful) (LZOP_COMPR_HIGH) [N/y/?] n
rpm (32 kb) (RPM) [N/y/?] n
rpm2cpio (21 kb) (RPM2CPIO) [N/y/?] n
tar (39 kb) (TAR) [Y/n/?] y
  Enable long options (FEATURE_TAR_LONG_OPTIONS) [Y/n] y
  Enable -c (archive creation) (FEATURE_TAR_CREATE) [Y/n] y
  Enable -X (exclude from) and -T (include from) options (FEATURE_TAR_FROM) [Y/n/?] y
  Support old tar header format (FEATURE_TAR_OLDGNU_COMPATIBILITY) [N/y/?] n
  Enable untarring of tarballs with checksums produced by buggy Sun tar (FEATURE_TAR_OLDSUN_COMPATIBILITY) [N/y/?] n
  Support GNU tar extensions (long filenames) (FEATURE_TAR_GNU_EXTENSIONS) [Y/n] y
  Support writing to an external program (--to-command) (FEATURE_TAR_TO_COMMAND) [Y/n/?] y
  Enable use of user and group names (FEATURE_TAR_UNAME_GNAME) [N/y/?] n
  Enable -m (do not preserve time) GNU option (FEATURE_TAR_NOPRESERVE_TIME) [N/y] n
unzip (26 kb) (UNZIP) [Y/n/?] y
  Read and use Central Directory data (FEATURE_UNZIP_CDF) [Y/n/?] y
    Support compression method 12 (bzip2) (FEATURE_UNZIP_BZIP2) [Y/n] y
    Support compression method 14 (lzma) (FEATURE_UNZIP_LZMA) [Y/n] y
    Support compression method 95 (xz) (FEATURE_UNZIP_XZ) [Y/n] y
Optimize lzma for speed (FEATURE_LZMA_FAST) [N/y/?] n
Prevent extraction of filenames with /../ path component (FEATURE_PATH_TRAVERSAL_PROTECTION) [Y/n/?] y
*
* Coreutils
*
Support verbose options (usually -v) for various applets (FEATURE_VERBOSE) [Y/n/?] y
*
* Common options for date and touch
*
Allow timezone in dates (FEATURE_TIMEZONE) [Y/n/?] y
*
* Common options for cp and mv
*
Preserve hard links (FEATURE_PRESERVE_HARDLINKS) [Y/n/?] y
*
* Common options for df, du, ls
*
Support human readable output (example 13k, 23M, 235G) (FEATURE_HUMAN_READABLE) [Y/n/?] y
basename (3.7 kb) (BASENAME) [Y/n/?] y
cat (5.8 kb) (CAT) [Y/n/?] y
  Enable -n and -b options (FEATURE_CATN) [Y/n/?] y
  cat -v[etA] (FEATURE_CATV) [Y/n/?] y
chgrp (7.6 kb) (CHGRP) [Y/n/?] y
chmod (5.5 kb) (CHMOD) [Y/n/?] y
chown (7.6 kb) (CHOWN) [Y/n/?] y
  Enable long options (FEATURE_CHOWN_LONG_OPTIONS) [N/y] n
chroot (4 kb) (CHROOT) [Y/n/?] y
cksum (4.3 kb) (CKSUM) [Y/n] y
crc32 (4.2 kb) (CRC32) [Y/n] y
comm (4.4 kb) (COMM) [N/y/?] n
cp (10 kb) (CP) [Y/n/?] y
  Enable long options (FEATURE_CP_LONG_OPTIONS) [N/y/?] n
cut (6.7 kb) (CUT) [Y/n/?] y
  cut -F (FEATURE_CUT_REGEX) [Y/n/?] y
date (7.2 kb) (DATE) [Y/n/?] y
  Enable ISO date format output (-I) (FEATURE_DATE_ISOFMT) [Y/n/?] y
  Support %[num]N nanosecond format specifier (FEATURE_DATE_NANO) [N/y/?] n
  Support weird 'date MMDDhhmm[[YY]YY][.ss]' format (FEATURE_DATE_COMPAT) [Y/n/?] y
dd (8.3 kb) (DD) [Y/n/?] y
  Enable signal handling for status reporting (FEATURE_DD_SIGNAL_HANDLING) [Y/n/?] y
    Enable the third status line upon signal (FEATURE_DD_THIRD_STATUS_LINE) [N/y/?] n
  Enable ibs, obs, iflag, oflag and conv options (FEATURE_DD_IBS_OBS) [Y/n/?] y
  Enable status display options (FEATURE_DD_STATUS) [Y/n/?] y
df (7.1 kb) (DF) [Y/n/?] y
  Enable -a, -i, -B (FEATURE_DF_FANCY) [N/y/?] n
  Skip rootfs in mount table (FEATURE_SKIP_ROOTFS) [Y/n/?] y
dirname (611 bytes) (DIRNAME) [Y/n/?] y
dos2unix (5.5 kb) (DOS2UNIX) [Y/n/?] y
unix2dos (5.5 kb) (UNIX2DOS) [Y/n/?] y
du (6.5 kb) (DU) [Y/n/?] y
  Use default blocksize of 1024 bytes (else it's 512 bytes) (FEATURE_DU_DEFAULT_BLOCKSIZE_1K) [Y/n] y
echo (2 kb) (ECHO) [Y/n/?] y
  Enable -n and -e options (FEATURE_FANCY_ECHO) [Y/n] y
env (4.3 kb) (ENV) [Y/n/?] y
expand (5.3 kb) (EXPAND) [N/y/?] n
unexpand (5.5 kb) (UNEXPAND) [N/y/?] n
expr (6.8 kb) (EXPR) [Y/n/?] y
  Extend Posix numbers support to 64 bit (EXPR_MATH_SUPPORT_64) [Y/n/?] y
factor (3.2 kb) (FACTOR) [Y/n/?] y
false (314 bytes) (FALSE) [Y/n/?] y
fold (4.8 kb) (FOLD) [Y/n/?] y
head (4 kb) (HEAD) [Y/n/?] y
  Enable -c, -q, and -v (FEATURE_FANCY_HEAD) [Y/n] y
hostid (566 bytes) (HOSTID) [Y/n/?] y
id (7.1 kb) (ID) [Y/n/?] y
groups (6.8 kb) (GROUPS) [N/y/?] n
install (12 kb) (INSTALL) [Y/n/?] y
  Enable long options (FEATURE_INSTALL_LONG_OPTIONS) [Y/n] y
link (3.5 kb) (LINK) [Y/n/?] y
ln (5.1 kb) (LN) [Y/n/?] y
logname (1.4 kb) (LOGNAME) [Y/n/?] y
ls (14 kb) (LS) [Y/n/?] y
  Enable filetyping options (-p and -F) (FEATURE_LS_FILETYPES) [Y/n] y
  Enable symlinks dereferencing (-L) (FEATURE_LS_FOLLOWLINKS) [Y/n] y
  Enable recursion (-R) (FEATURE_LS_RECURSIVE) [Y/n] y
  Enable -w WIDTH and window size autodetection (FEATURE_LS_WIDTH) [Y/n] y
  Sort the file names (FEATURE_LS_SORTFILES) [Y/n/?] y
  Show file timestamps (FEATURE_LS_TIMESTAMPS) [Y/n/?] y
  Show username/groupnames (FEATURE_LS_USERNAME) [Y/n/?] y
  Allow use of color to identify file types (FEATURE_LS_COLOR) [Y/n/?] y
    Produce colored ls output by default (FEATURE_LS_COLOR_IS_DEFAULT) [Y/n/?] y
md5sum (6.7 kb) (MD5SUM) [Y/n/?] y
sha1sum (6.7 kb) (SHA1SUM) [Y/n/?] y
sha256sum (8.2 kb) (SHA256SUM) [Y/n/?] y
sha384sum (7.3 kb) (SHA384SUM) [Y/n/?] (NEW) sha512sum (7.3 kb) (SHA512SUM) [Y/n/?] y
sha3sum (6.3 kb) (SHA3SUM) [Y/n/?] y
  *
  * Common options for md5sum, sha1sum, sha256sum, ..., sha3sum
  *
  Enable -c, -s and -w options (FEATURE_MD5_SHA1_SUM_CHECK) [Y/n/?] y
mkdir (4.7 kb) (MKDIR) [Y/n/?] y
mkfifo (4 kb) (MKFIFO) [Y/n/?] y
mknod (4.6 kb) (MKNOD) [Y/n/?] y
mktemp (4.5 kb) (MKTEMP) [Y/n/?] y
mv (10 kb) (MV) [Y/n/?] y
nice (2.3 kb) (NICE) [Y/n/?] y
nl (4.9 kb) (NL) [Y/n/?] y
nohup (2.2 kb) (NOHUP) [Y/n/?] y
nproc (3.9 kb) (NPROC) [Y/n/?] y
od (11 kb) (OD) [Y/n/?] y
paste (5.1 kb) (PASTE) [Y/n/?] y
printenv (1.6 kb) (PRINTENV) [Y/n/?] y
printf (4.1 kb) (PRINTF) [Y/n/?] y
pwd (4 kb) (PWD) [Y/n/?] y
readlink (4.8 kb) (READLINK) [Y/n/?] y
  Enable canonicalization by following all symlinks (-f) (FEATURE_READLINK_FOLLOW) [Y/n/?] y
realpath (2.5 kb) (REALPATH) [Y/n/?] y
rm (5.5 kb) (RM) [Y/n/?] y
rmdir (3.8 kb) (RMDIR) [Y/n/?] y
seq (4 kb) (SEQ) [Y/n/?] y
shred (5.5 kb) (SHRED) [Y/n/?] y
shuf (6 kb) (SHUF) [N/y/?] n
sleep (2.4 kb) (SLEEP) [Y/n/?] y
  Enable multiple arguments and s/m/h/d suffixes (FEATURE_FANCY_SLEEP) [Y/n/?] y
sort (8.1 kb) (SORT) [Y/n/?] y
  Full SuSv3 compliant sort (support -ktcbdfioghM) (FEATURE_SORT_BIG) [Y/n/?] y
  Use less memory (but might be slower) (FEATURE_SORT_OPTIMIZE_MEMORY) [N/y/?] n
split (5.2 kb) (SPLIT) [N/y/?] n
stat (11 kb) (STAT) [N/y/?] n
stty (9.2 kb) (STTY) [Y/n/?] y
sum (4.2 kb) (SUM) [N/y/?] n
sync (4 kb) (SYNC) [Y/n/?] y
  Enable -d and -f flags (requires syncfs(2) in libc) (FEATURE_SYNC_FANCY) [N/y/?] n
fsync (3.8 kb) (FSYNC) [N/y/?] n
tac (4.1 kb) (TAC) [N/y/?] n
tail (7.2 kb) (TAIL) [Y/n/?] y
  Enable -q, -s, -v, and -F options (FEATURE_FANCY_TAIL) [Y/n/?] y
tee (4.4 kb) (TEE) [Y/n/?] y
  Enable block I/O (larger/faster) instead of byte I/O (FEATURE_TEE_USE_BLOCK_IO) [Y/n/?] y
test (4.4 kb) (TEST) [Y/n/?] y
test as [ (TEST1) [Y/n/?] y
test as [[ (TEST2) [Y/n/?] y
  Extend test to 64 bit (FEATURE_TEST_64) [Y/n/?] y
timeout (6.5 kb) (TIMEOUT) [N/y/?] n
touch (6.1 kb) (TOUCH) [Y/n/?] y
  Add support for SUSV3 features (-a -d -m -t -r) (FEATURE_TOUCH_SUSV3) [Y/n/?] y
tr (5.3 kb) (TR) [Y/n/?] y
  Enable character classes (such as [:upper:]) (FEATURE_TR_CLASSES) [Y/n/?] y
  Enable equivalence classes (FEATURE_TR_EQUIV) [Y/n/?] y
true (311 bytes) (TRUE) [Y/n/?] y
truncate (4.4 kb) (TRUNCATE) [Y/n/?] y
tsort (2.6 kb) (TSORT) [Y/n/?] y
tty (3.9 kb) (TTY) [Y/n/?] y
uname (4.2 kb) (UNAME) [Y/n/?] y
  Operating system name (UNAME_OSNAME) [GNU/Linux] GNU/Linux
arch (1.4 kb) (BB_ARCH) [Y/n/?] y
uniq (5.1 kb) (UNIQ) [Y/n/?] y
unlink (3.5 kb) (UNLINK) [Y/n/?] y
usleep (1.6 kb) (USLEEP) [Y/n/?] y
uudecode (5.9 kb) (UUDECODE) [Y/n/?] y
base32 (5.5 kb) (BASE32) [Y/n/?] y
base64 (5.3 kb) (BASE64) [Y/n/?] y
uuencode (4.7 kb) (UUENCODE) [Y/n/?] y
wc (4.7 kb) (WC) [Y/n/?] y
  Support very large counts (FEATURE_WC_LARGE) [N/y/?] n
who (5.6 kb) (WHO) [Y/n/?] y
w (5.5 kb) (W) [Y/n/?] y
users (3.6 kb) (USERS) [N/y/?] n
whoami (3.5 kb) (WHOAMI) [Y/n/?] y
yes (1.5 kb) (YES) [Y/n/?] y
*
* Console Utilities
*
chvt (2.2 kb) (CHVT) [Y/n/?] y
clear (371 bytes) (CLEAR) [Y/n/?] y
deallocvt (2.2 kb) (DEALLOCVT) [Y/n/?] y
dumpkmap (1.9 kb) (DUMPKMAP) [Y/n/?] y
fgconsole (1.8 kb) (FGCONSOLE) [N/y/?] n
kbd_mode (4.3 kb) (KBD_MODE) [N/y/?] n
loadfont (5.4 kb) (LOADFONT) [Y/n/?] y
setfont (24 kb) (SETFONT) [N/y/?] n
  *
  * Common options for loadfont and setfont
  *
  Support PSF2 console fonts (FEATURE_LOADFONT_PSF2) [Y/n] y
  Support old (raw) console fonts (FEATURE_LOADFONT_RAW) [Y/n] y
loadkmap (2.1 kb) (LOADKMAP) [Y/n/?] y
openvt (7.4 kb) (OPENVT) [Y/n/?] y
reset (676 bytes) (RESET) [Y/n/?] y
resize (1.2 kb) (RESIZE) [Y/n/?] y
  Print environment variables (FEATURE_RESIZE_PRINT) [Y/n/?] y
setconsole (3.8 kb) (SETCONSOLE) [Y/n/?] y
  Enable long options (FEATURE_SETCONSOLE_LONG_OPTIONS) [N/y] n
setkeycodes (2.4 kb) (SETKEYCODES) [Y/n/?] y
setlogcons (2 kb) (SETLOGCONS) [Y/n/?] y
showkey (4.9 kb) (SHOWKEY) [N/y/?] n
*
* Debian Utilities
*
pipe_progress (576 bytes) (PIPE_PROGRESS) [Y/n/?] y
run-parts (6.2 kb) (RUN_PARTS) [Y/n/?] y
  Enable long options (FEATURE_RUN_PARTS_LONG_OPTIONS) [Y/n] y
  Support additional arguments (FEATURE_RUN_PARTS_FANCY) [N/y/?] n
start-stop-daemon (12 kb) (START_STOP_DAEMON) [Y/n/?] y
  Enable long options (FEATURE_START_STOP_DAEMON_LONG_OPTIONS) [Y/n] y
  Support additional arguments (FEATURE_START_STOP_DAEMON_FANCY) [Y/n/?] y
which (4 kb) (WHICH) [Y/n/?] y
*
* klibc-utils
*
minips (11 kb) (MINIPS) [N/y/?] n
nuke (2.9 kb) (NUKE) [Y/n/?] y
resume (3.6 kb) (RESUME) [Y/n/?] y
run-init (8 kb) (RUN_INIT) [Y/n/?] y
*
* Editors
*
awk (24 kb) (AWK) [Y/n/?] y
  Enable math functions (requires libm) (FEATURE_AWK_LIBM) [N/y/?] n
  Enable a few GNU extensions (FEATURE_AWK_GNU_EXTENSIONS) [Y/n/?] y
cmp (5.3 kb) (CMP) [Y/n/?] y
diff (13 kb) (DIFF) [Y/n/?] y
  Enable long options (FEATURE_DIFF_LONG_OPTIONS) [N/y] n
  Enable directory support (FEATURE_DIFF_DIR) [Y/n/?] y
ed (16 kb) (ED) [N/y/?] n
patch (9.6 kb) (PATCH) [Y/n/?] y
sed (12 kb) (SED) [Y/n/?] y
vi (26 kb) (VI) [Y/n/?] y
  Maximum screen width (FEATURE_VI_MAX_LEN) [4096] 4096
  Allow to display 8-bit chars (otherwise shows dots) (FEATURE_VI_8BIT) [Y/n/?] y
  Enable ":" colon commands (no "ex" mode) (FEATURE_VI_COLON) [Y/n/?] y
    Expand "%" and "#" in colon commands (FEATURE_VI_COLON_EXPAND) [Y/n/?] y
  Enable yank/put commands and mark cmds (FEATURE_VI_YANKMARK) [Y/n/?] y
  Enable search and replace cmds (FEATURE_VI_SEARCH) [Y/n/?] y
    Enable regex in search and replace (FEATURE_VI_REGEX_SEARCH) [N/y/?] n
  Catch signals (FEATURE_VI_USE_SIGNALS) [Y/n/?] y
  Remember previous cmd and "." cmd (FEATURE_VI_DOT_CMD) [Y/n/?] y
  Enable -R option and "view" mode (FEATURE_VI_READONLY) [Y/n/?] y
  Enable settable options, ai ic showmatch (FEATURE_VI_SETOPTS) [Y/n/?] y
  Support :set (FEATURE_VI_SET) [Y/n] y
  Handle window resize (FEATURE_VI_WIN_RESIZE) [Y/n/?] y
  Use 'tell me cursor position' ESC sequence to measure window (FEATURE_VI_ASK_TERMINAL) [Y/n/?] y
  Support undo command "u" (FEATURE_VI_UNDO) [Y/n/?] y
    Enable undo operation queuing (FEATURE_VI_UNDO_QUEUE) [Y/n/?] y
      Maximum undo character queue size (FEATURE_VI_UNDO_QUEUE_MAX) [256] 256
  Enable verbose status reporting (FEATURE_VI_VERBOSE_STATUS) [Y/n/?] y
  Allow vi and awk to execute shell commands (FEATURE_ALLOW_EXEC) [Y/n/?] y
*
* Finding Utilities
*
find (16 kb) (FIND) [Y/n/?] y
  Enable -print0: NUL-terminated output (FEATURE_FIND_PRINT0) [Y/n/?] y
  Enable -mtime: modification time matching (FEATURE_FIND_MTIME) [Y/n/?] y
    Enable -atime: access time matching (FEATURE_FIND_ATIME) [Y/n/?] y
    Enable -ctime: status change timestamp matching (FEATURE_FIND_CTIME) [Y/n/?] y
  Enable -mmin: modification time matching by minutes (FEATURE_FIND_MMIN) [Y/n/?] y
    Enable -amin: access time matching by minutes (FEATURE_FIND_AMIN) [Y/n/?] y
    Enable -cmin: status change timestamp matching by minutes (FEATURE_FIND_CMIN) [Y/n/?] y
  Enable -perm: permissions matching (FEATURE_FIND_PERM) [Y/n] y
  Enable -type: file type matching (file/dir/link/...) (FEATURE_FIND_TYPE) [Y/n/?] y
  Enable -executable: file is executable (FEATURE_FIND_EXECUTABLE) [Y/n] y
  Enable -xdev: 'stay in filesystem' (FEATURE_FIND_XDEV) [Y/n] y
  Enable -mindepth N and -maxdepth N (FEATURE_FIND_MAXDEPTH) [Y/n] y
  Enable -newer: compare file modification times (FEATURE_FIND_NEWER) [Y/n/?] y
  Enable -inum: inode number matching (FEATURE_FIND_INUM) [N/y] n
  Enable -samefile: reference file matching (FEATURE_FIND_SAMEFILE) [Y/n/?] y
  Enable -exec: execute commands (FEATURE_FIND_EXEC) [Y/n/?] y
    Enable -exec ... {} + (FEATURE_FIND_EXEC_PLUS) [Y/n/?] y
    Enable -ok: execute confirmed commands (FEATURE_FIND_EXEC_OK) [Y/n/?] (NEW)   Enable -user: username/uid matching (FEATURE_FIND_USER) [Y/n] y
  Enable -group: group/gid matching (FEATURE_FIND_GROUP) [Y/n] y
  Enable the 'not' (!) operator (FEATURE_FIND_NOT) [Y/n/?] y
  Enable -depth (FEATURE_FIND_DEPTH) [Y/n/?] y
  Enable parens in options (FEATURE_FIND_PAREN) [Y/n/?] y
  Enable -size: file size matching (FEATURE_FIND_SIZE) [Y/n] y
  Enable -prune: exclude subdirectories (FEATURE_FIND_PRUNE) [Y/n/?] y
  Enable -quit: exit (FEATURE_FIND_QUIT) [Y/n/?] y
  Enable -delete: delete files/dirs (FEATURE_FIND_DELETE) [N/y/?] n
  Enable -empty: match empty files or directories (FEATURE_FIND_EMPTY) [Y/n/?] y
  Enable -path: match pathname with shell pattern (FEATURE_FIND_PATH) [Y/n/?] y
  Enable -regex: match pathname with regex (FEATURE_FIND_REGEX) [Y/n/?] y
  Enable -links: link count matching (FEATURE_FIND_LINKS) [N/y/?] n
grep (8.9 kb) (GREP) [Y/n/?] y
egrep (8 kb) (EGREP) [Y/n/?] y
fgrep (8 kb) (FGREP) [Y/n/?] y
  Enable before and after context flags (-A, -B and -C) (FEATURE_GREP_CONTEXT) [Y/n/?] y
xargs (7.6 kb) (XARGS) [Y/n/?] y
  Enable -p: prompt and confirmation (FEATURE_XARGS_SUPPORT_CONFIRMATION) [N/y/?] n
  Enable single and double quotes and backslash (FEATURE_XARGS_SUPPORT_QUOTES) [Y/n/?] y
  Enable -x: exit if -s or -n is exceeded (FEATURE_XARGS_SUPPORT_TERMOPT) [Y/n/?] y
  Enable -0: NUL-terminated input (FEATURE_XARGS_SUPPORT_ZERO_TERM) [Y/n/?] y
  Enable -I STR: string to replace (FEATURE_XARGS_SUPPORT_REPL_STR) [Y/n/?] y
  Enable -P N: processes to run in parallel (FEATURE_XARGS_SUPPORT_PARALLEL) [Y/n] y
  Enable -a FILE: use FILE instead of stdin (FEATURE_XARGS_SUPPORT_ARGS_FILE) [Y/n] y
*
* Init Utilities
*
bootchartd (10 kb) (BOOTCHARTD) [N/y/?] n
halt (4.3 kb) (HALT) [Y/n/?] y
poweroff (4.3 kb) (POWEROFF) [Y/n/?] y
reboot (4.3 kb) (REBOOT) [Y/n/?] y
  Before signaling init, make sure it is ready for it (FEATURE_WAIT_FOR_INIT) [Y/n/?] y
init (10 kb) (INIT) [Y/n/?] y
linuxrc: support running init from initrd (not initramfs) (LINUXRC) [Y/n/?] y
  Support reading an inittab file (FEATURE_USE_INITTAB) [Y/n/?] y
    Support killing processes that have been removed from inittab (FEATURE_KILL_REMOVED) [Y/n/?] y
      How long to wait between TERM and KILL (0 - send TERM only) (FEATURE_KILL_DELAY) [0] 0
  Run commands with leading dash with controlling tty (FEATURE_INIT_SCTTY) [Y/n/?] y
  Enable init to write to syslog (FEATURE_INIT_SYSLOG) [Y/n/?] y
  Be quiet on boot (no 'init started:' message) (FEATURE_INIT_QUIET) [Y/n] y
  Support dumping core for child processes (debugging only) (FEATURE_INIT_COREDUMPS) [N/y/?] n
  Initial terminal type (INIT_TERMINAL_TYPE) [linux] linux
  Clear init's command line (FEATURE_INIT_MODIFY_CMDLINE) [Y/n/?] y
*
* Login/Password Management Utilities
*
Support shadow passwords (FEATURE_SHADOWPASSWDS) [Y/n/?] y
Use internal password and group functions rather than system functions (USE_BB_PWD_GRP) [N/y/?] n
Use internal crypt functions (USE_BB_CRYPT) [Y/n/?] y
  Enable SHA256/512 crypt functions (USE_BB_CRYPT_SHA) [Y/n/?] y
  Enable yescrypt functions (USE_BB_CRYPT_YES) [Y/n/?] (NEW) add-shell (3.3 kb) (ADD_SHELL) [N/y/?] n
remove-shell (3.3 kb) (REMOVE_SHELL) [N/y/?] n
addgroup (8.8 kb) (ADDGROUP) [Y/n/?] y
  Support adding users to groups (FEATURE_ADDUSER_TO_GROUP) [N/y/?] n
adduser (15 kb) (ADDUSER) [Y/n/?] y
  Enable sanity check on user/group names in adduser and addgroup (FEATURE_CHECK_NAMES) [N/y/?] n
  Last valid uid or gid for adduser and addgroup (LAST_ID) [60000] 60000
  First valid system uid or gid for adduser and addgroup (FIRST_SYSTEM_ID) [100] 100
  Last valid system uid or gid for adduser and addgroup (LAST_SYSTEM_ID) [999] 999
chpasswd (19 kb) (CHPASSWD) [N/y/?] n
  Default encryption method (passwd -a, cryptpw -m, chpasswd -c ALG) (FEATURE_DEFAULT_PASSWD_ALGO) [md5] md5
cryptpw (15 kb) (CRYPTPW) [N/y/?] n
mkpasswd (16 kb) (MKPASSWD) [Y/n/?] y
deluser (9.3 kb) (DELUSER) [Y/n/?] y
delgroup (6.6 kb) (DELGROUP) [Y/n/?] y
  Support removing users from groups (FEATURE_DEL_USER_FROM_GROUP) [N/y/?] n
getty (11 kb) (GETTY) [Y/n/?] y
login (25 kb) (LOGIN) [Y/n/?] y
  Run logged in session in a child process (LOGIN_SESSION_AS_CHILD) [N/y/?] n
  Support login scripts (LOGIN_SCRIPTS) [N/y/?] n
  Support /etc/nologin (FEATURE_NOLOGIN) [Y/n/?] y
  Support /etc/securetty (FEATURE_SECURETTY) [Y/n/?] y
passwd (22 kb) (PASSWD) [Y/n/?] y
  Check new passwords for weakness (FEATURE_PASSWD_WEAK_CHECK) [Y/n/?] y
su (19 kb) (SU) [Y/n/?] y
  Log to syslog all attempts to use su (FEATURE_SU_SYSLOG) [Y/n] y
  If user's shell is not in /etc/shells, disallow -s PROG (FEATURE_SU_CHECKS_SHELLS) [Y/n] y
  Allow blank passwords only on TTYs in /etc/securetty (FEATURE_SU_BLANK_PW_NEEDS_SECURE_TTY) [N/y] n
sulogin (18 kb) (SULOGIN) [Y/n/?] y
vlock (18 kb) (VLOCK) [Y/n/?] y
*
* Linux Ext2 FS Progs
*
chattr (4.1 kb) (CHATTR) [Y/n/?] y
fsck (7.6 kb) (FSCK) [Y/n/?] y
lsattr (5.7 kb) (LSATTR) [Y/n/?] y
tune2fs (4.4 kb) (TUNE2FS) [N/y/?] n
*
* Linux Module Utilities
*
Simplified modutils (MODPROBE_SMALL) [N/y/?] n
depmod (27 kb) (DEPMOD) [N/y/?] n
insmod (22 kb) (INSMOD) [Y/n/?] y
lsmod (2.1 kb) (LSMOD) [Y/n/?] y
  Pretty output (FEATURE_LSMOD_PRETTY_2_6_OUTPUT) [Y/n/?] y
modinfo (24 kb) (MODINFO) [N/y/?] n
modprobe (27 kb) (MODPROBE) [Y/n/?] y
  Blacklist support (FEATURE_MODPROBE_BLACKLIST) [N/y/?] n
rmmod (3.5 kb) (RMMOD) [Y/n/?] y
*
* Options common to multiple modutils
*
Accept module options on modprobe command line (FEATURE_CMDLINE_MODULE_OPTIONS) [Y/n/?] y
Support version 2.2/2.4 Linux kernels (FEATURE_2_4_MODULES) [N/y/?] n
Support tainted module checking with new kernels (FEATURE_CHECK_TAINTED_MODULE) [Y/n/?] y
Try to load module from a mmap'ed area (FEATURE_INSMOD_TRY_MMAP) [N/y/?] n
Support module.aliases file (FEATURE_MODUTILS_ALIAS) [Y/n/?] y
Support module.symbols file (FEATURE_MODUTILS_SYMBOLS) [Y/n/?] y
Default directory containing modules (DEFAULT_MODULES_DIR) [/lib/modules] /lib/modules
Default name of modules.dep (DEFAULT_DEPMOD_FILE) [modules.dep] modules.dep
*
* Linux System Utilities
*
acpid (9.3 kb) (ACPID) [N/y/?] n
blkdiscard (4.6 kb) (BLKDISCARD) [N/y/?] n
blkid (12 kb) (BLKID) [Y/n/?] y
  Print filesystem type (FEATURE_BLKID_TYPE) [N/y/?] n
blockdev (2.6 kb) (BLOCKDEV) [N/y/?] n
cal (6.1 kb) (CAL) [N/y/?] n
chrt (5.1 kb) (CHRT) [Y/n/?] y
dmesg (3.9 kb) (DMESG) [Y/n/?] y
  Pretty output (FEATURE_DMESG_PRETTY) [Y/n/?] y
eject (4.3 kb) (EJECT) [Y/n/?] y
  SCSI support (FEATURE_EJECT_SCSI) [N/y/?] n
fallocate (4.3 kb) (FALLOCATE) [Y/n/?] y
fatattr (2.2 kb) (FATATTR) [N/y/?] n
fbset (6.2 kb) (FBSET) [Y/n/?] y
  Enable extra options (FEATURE_FBSET_FANCY) [Y/n/?] y
  Enable readmode support (FEATURE_FBSET_READMODE) [Y/n/?] y
fdformat (4.7 kb) (FDFORMAT) [Y/n/?] y
fdisk (31 kb) (FDISK) [Y/n/?] y
  Support -s option to list sizes (FEATURE_FDISK_BLKSIZE) [Y/n] (NEW)   Write support (FEATURE_FDISK_WRITABLE) [Y/n/?] y
    Support AIX disklabels (FEATURE_AIX_LABEL) [N/y/?] n
    Support SGI disklabels (FEATURE_SGI_LABEL) [N/y/?] n
    Support SUN disklabels (FEATURE_SUN_LABEL) [N/y/?] n
    Support BSD disklabels (FEATURE_OSF_LABEL) [N/y/?] n
    Support GPT disklabels (FEATURE_GPT_LABEL) [Y/n/?] y
    Support expert mode (FEATURE_FDISK_ADVANCED) [Y/n/?] y
findfs (11 kb) (FINDFS) [N/y/?] n
flock (6.5 kb) (FLOCK) [Y/n/?] y
fdflush (1.6 kb) (FDFLUSH) [Y/n/?] y
freeramdisk (1.6 kb) (FREERAMDISK) [Y/n/?] y
fsck.minix (13 kb) (FSCK_MINIX) [N/y/?] n
fsfreeze (3.7 kb) (FSFREEZE) [Y/n/?] y
fstrim (4.6 kb) (FSTRIM) [Y/n/?] y
getopt (6 kb) (GETOPT) [Y/n/?] y
  Support -l LONGOPTs (FEATURE_GETOPT_LONG) [Y/n/?] y
hexdump (8.7 kb) (HEXDUMP) [Y/n/?] y
hd (8.3 kb) (HD) [N/y/?] n
xxd (11 kb) (XXD) [Y/n/?] y
hwclock (5.9 kb) (HWCLOCK) [Y/n/?] y
  Use FHS /var/lib/hwclock/adjtime (FEATURE_HWCLOCK_ADJTIME_FHS) [Y/n/?] y
ionice (4 kb) (IONICE) [N/y/?] n
ipcrm (3.5 kb) (IPCRM) [Y/n/?] y
ipcs (12 kb) (IPCS) [Y/n/?] y
last (7.4 kb) (LAST) [Y/n/?] y
  Output extra information (FEATURE_LAST_FANCY) [N/y/?] n
losetup (6.2 kb) (LOSETUP) [Y/n/?] y
lsblk (2.5 kb) (LSBLK) [Y/n/?] (NEW) lspci (6.4 kb) (LSPCI) [Y/n/?] y
lsusb (4.4 kb) (LSUSB) [Y/n/?] y
mdev (20 kb) (MDEV) [Y/n/?] y
  Support /etc/mdev.conf (FEATURE_MDEV_CONF) [Y/n/?] y
    Support subdirs/symlinks (FEATURE_MDEV_RENAME) [Y/n/?] y
      Support regular expressions substitutions when renaming device (FEATURE_MDEV_RENAME_REGEXP) [N/y/?] n
    Support command execution at device addition/removal (FEATURE_MDEV_EXEC) [Y/n/?] y
  Support loading of firmware (FEATURE_MDEV_LOAD_FIRMWARE) [N/y/?] n
  Support daemon mode (FEATURE_MDEV_DAEMON) [Y/n/?] y
mesg (1.8 kb) (MESG) [Y/n/?] y
  Enable writing to tty only by group, not by everybody (FEATURE_MESG_ENABLE_ONLY_GROUP) [Y/n/?] y
mke2fs (10 kb) (MKE2FS) [Y/n/?] y
mkfs.ext2 (10 kb) (MKFS_EXT2) [N/y/?] n
mkfs.minix (10 kb) (MKFS_MINIX) [N/y/?] n
mkfs_reiser (MKFS_REISER) [N/y/?] n
mkdosfs (7.6 kb) (MKDOSFS) [Y/n/?] y
mkfs.vfat (7.6 kb) (MKFS_VFAT) [N/y/?] n
mkswap (6.6 kb) (MKSWAP) [Y/n/?] y
  UUID support (FEATURE_MKSWAP_UUID) [N/y/?] n
more (7.2 kb) (MORE) [Y/n/?] y
mount (24 kb) (MOUNT) [Y/n/?] y
  Support -f (fake mount) (FEATURE_MOUNT_FAKE) [N/y/?] n
  Support -v (verbose) (FEATURE_MOUNT_VERBOSE) [N/y/?] n
  Support mount helpers (FEATURE_MOUNT_HELPERS) [N/y/?] n
  Support specifying devices by label or UUID (FEATURE_MOUNT_LABEL) [N/y/?] n
  Support mounting NFS file systems on Linux < 2.6.23 (FEATURE_MOUNT_NFS) [N/y/?] n
  Support mounting CIFS/SMB file systems (FEATURE_MOUNT_CIFS) [Y/n/?] y
  Support lots of -o flags (FEATURE_MOUNT_FLAGS) [Y/n/?] y
  Support /etc/fstab and -a (mount all) (FEATURE_MOUNT_FSTAB) [Y/n/?] y
    Support -T <alt_fstab> (FEATURE_MOUNT_OTHERTAB) [Y/n/?] y
mountpoint (5.1 kb) (MOUNTPOINT) [Y/n/?] y
nologin (NOLOGIN) [Y/n/?] y
  Enable dependencies for nologin (NOLOGIN_DEPENDENCIES) [N/y/?] n
nsenter (6.8 kb) (NSENTER) [N/y/?] n
pivot_root (1.4 kb) (PIVOT_ROOT) [Y/n/?] y
rdate (5.9 kb) (RDATE) [Y/n/?] y
rdev (2.1 kb) (RDEV) [N/y/?] n
readprofile (7.5 kb) (READPROFILE) [Y/n/?] y
renice (4.4 kb) (RENICE) [Y/n/?] y
rev (4.6 kb) (REV) [N/y/?] n
rtcwake (7.5 kb) (RTCWAKE) [N/y/?] n
script (8.8 kb) (SCRIPT) [N/y/?] n
scriptreplay (2.6 kb) (SCRIPTREPLAY) [N/y/?] n
setarch (3.8 kb) (SETARCH) [Y/n/?] y
linux32 (3.6 kb) (LINUX32) [Y/n/?] y
linux64 (3.5 kb) (LINUX64) [Y/n/?] y
setpriv (6.9 kb) (SETPRIV) [Y/n/?] y
  Support dumping current privilege state (FEATURE_SETPRIV_DUMP) [Y/n/?] y
  Support capabilities (FEATURE_SETPRIV_CAPABILITIES) [Y/n/?] y
    Support capability names (FEATURE_SETPRIV_CAPABILITY_NAMES) [Y/n/?] y
setsid (3.8 kb) (SETSID) [Y/n/?] y
swapon (15 kb) (SWAPON) [Y/n/?] y
  Support discard option -d (FEATURE_SWAPON_DISCARD) [N/y/?] n
  Support priority option -p (FEATURE_SWAPON_PRI) [N/y/?] n
swapoff (14 kb) (SWAPOFF) [Y/n] y
  Support specifying devices by label or UUID (FEATURE_SWAPONOFF_LABEL) [Y/n/?] y
switch_root (5.7 kb) (SWITCH_ROOT) [Y/n/?] y
taskset (5.6 kb) (TASKSET) [N/y/?] n
uevent (3.5 kb) (UEVENT) [Y/n/?] y
umount (5.1 kb) (UMOUNT) [Y/n/?] y
  Support -a (unmount all) (FEATURE_UMOUNT_ALL) [Y/n/?] y
unshare (7.3 kb) (UNSHARE) [N/y/?] n
uuidgen (1.1 kb) (UUIDGEN) [Y/n/?] (NEW) wall (2.9 kb) (WALL) [N/y/?] n
*
* Common options for mount/umount
*
Support loopback mounts (FEATURE_MOUNT_LOOP) [Y/n/?] y
  Create new loopback devices if needed (FEATURE_MOUNT_LOOP_CREATE) [Y/n/?] y
Support old /etc/mtab file (FEATURE_MTAB_SUPPORT) [N/y/?] n
*
* Filesystem/Volume identification
*
bcache filesystem (FEATURE_VOLUMEID_BCACHE) [N/y] n
btrfs filesystem (FEATURE_VOLUMEID_BTRFS) [N/y] n
cramfs filesystem (FEATURE_VOLUMEID_CRAMFS) [N/y] n
erofs filesystem (FEATURE_VOLUMEID_EROFS) [Y/n/?] y
exFAT filesystem (FEATURE_VOLUMEID_EXFAT) [Y/n/?] y
Ext filesystem (FEATURE_VOLUMEID_EXT) [Y/n] y
f2fs filesystem (FEATURE_VOLUMEID_F2FS) [Y/n/?] y
fat filesystem (FEATURE_VOLUMEID_FAT) [Y/n] y
hfs filesystem (FEATURE_VOLUMEID_HFS) [N/y] n
iso9660 filesystem (FEATURE_VOLUMEID_ISO9660) [N/y] n
jfs filesystem (FEATURE_VOLUMEID_JFS) [N/y] n
linuxraid (FEATURE_VOLUMEID_LINUXRAID) [N/y] n
linux swap filesystem (FEATURE_VOLUMEID_LINUXSWAP) [N/y] n
luks filesystem (FEATURE_VOLUMEID_LUKS) [N/y] n
minix filesystem (FEATURE_VOLUMEID_MINIX) [Y/n] y
nilfs filesystem (FEATURE_VOLUMEID_NILFS) [N/y/?] n
ntfs filesystem (FEATURE_VOLUMEID_NTFS) [N/y] n
ocfs2 filesystem (FEATURE_VOLUMEID_OCFS2) [N/y] n
Reiser filesystem (FEATURE_VOLUMEID_REISERFS) [N/y] n
romfs filesystem (FEATURE_VOLUMEID_ROMFS) [N/y] n
sysv filesystem (FEATURE_VOLUMEID_SYSV) [N/y] n
UBIFS filesystem (FEATURE_VOLUMEID_UBIFS) [Y/n/?] y
udf filesystem (FEATURE_VOLUMEID_UDF) [N/y] n
xfs filesystem (FEATURE_VOLUMEID_XFS) [N/y] n
*
* Miscellaneous Utilities
*
adjtimex (4.9 kb) (ADJTIMEX) [N/y/?] n
ascii (784 bytes) (ASCII) [Y/n/?] y
bbconfig (9.7 kb) (BBCONFIG) [N/y/?] n
bc (38 kb) (BC) [Y/n/?] y
dc (29 kb) (DC) [Y/n/?] y
  Use bc code base for dc (larger, more features) (FEATURE_DC_BIG) [Y] y
    Interactive mode (+4kb) (FEATURE_BC_INTERACTIVE) [Y/n/?] y
    Enable bc/dc long options (FEATURE_BC_LONG_OPTIONS) [Y/n] y
beep (2.7 kb) (BEEP) [N/y/?] n
chat (6.7 kb) (CHAT) [N/y/?] n
conspy (10 kb) (CONSPY) [N/y/?] n
crond (15 kb) (CROND) [Y/n/?] y
  Support -d (redirect output to stderr) (FEATURE_CROND_D) [N/y/?] n
  Report command output via email (using sendmail) (FEATURE_CROND_CALL_SENDMAIL) [N/y/?] n
  Support special times (@reboot, @daily, etc) in crontabs (FEATURE_CROND_SPECIAL_TIMES) [Y/n/?] y
  crond spool directory (FEATURE_CROND_DIR) [/etc/cron] /etc/cron
crontab (10 kb) (CRONTAB) [Y/n/?] y
devfsd (obsolete) (DEVFSD) [N/y/?] n
Use devfs names for all devices (obsolete) (FEATURE_DEVFS) [N/y/?] n
devmem (2.7 kb) (DEVMEM) [Y/n/?] y
fbsplash (26 kb) (FBSPLASH) [N/y/?] n
flash_eraseall (5.9 kb) (FLASH_ERASEALL) [N/y/?] n
flash_lock (2.1 kb) (FLASH_LOCK) [N/y/?] n
flash_unlock (1.3 kb) (FLASH_UNLOCK) [N/y/?] n
flashcp (5.3 kb) (FLASHCP) [N/y/?] n
getfattr (12.3 kb) (GETFATTR) [Y/n/?] (NEW) hdparm (25 kb) (HDPARM) [Y/n/?] y
  Support obtaining detailed information directly from drives (FEATURE_HDPARM_GET_IDENTITY) [Y/n/?] y
  Register an IDE interface (DANGEROUS) (FEATURE_HDPARM_HDIO_SCAN_HWIF) [N/y/?] n
  Un-register an IDE interface (DANGEROUS) (FEATURE_HDPARM_HDIO_UNREGISTER_HWIF) [N/y/?] n
  Perform device reset (DANGEROUS) (FEATURE_HDPARM_HDIO_DRIVE_RESET) [N/y/?] n
  Tristate device for hotswap (DANGEROUS) (FEATURE_HDPARM_HDIO_TRISTATE_HWIF) [N/y/?] n
  Get/set using_dma flag (FEATURE_HDPARM_HDIO_GETSET_DMA) [N/y/?] n
hexedit (15 kb) (HEXEDIT) [Y/n/?] y
i2cget (5.7 kb) (I2CGET) [Y/n/?] y
i2cset (6.9 kb) (I2CSET) [Y/n/?] y
i2cdump (7.2 kb) (I2CDUMP) [Y/n/?] y
i2cdetect (7.3 kb) (I2CDETECT) [Y/n/?] y
i2ctransfer (5.5 kb) (I2CTRANSFER) [Y/n/?] y
inotifyd (3.6 kb) (INOTIFYD) [N/y/?] n
less (16 kb) (LESS) [Y/n/?] y
  Max number of input lines less will try to eat (FEATURE_LESS_MAXLINES) [9999999] 9999999
  Enable bracket searching (FEATURE_LESS_BRACKETS) [Y/n/?] y
  Enable -m/-M (FEATURE_LESS_FLAGS) [Y/n/?] y
  Enable -S (FEATURE_LESS_TRUNCATE) [Y/n/?] y
  Enable marks (FEATURE_LESS_MARKS) [N/y/?] n
  Enable regular expressions (FEATURE_LESS_REGEXP) [Y/n/?] y
  Enable automatic resizing on window size changes (FEATURE_LESS_WINCH) [N/y/?] n
  Enable flag changes ('-' command) (FEATURE_LESS_DASHCMD) [Y/n/?] y
    Enable -N (dynamic switching of line numbers) (FEATURE_LESS_LINENUMS) [N/y] n
    Enable -R ('raw control characters') (FEATURE_LESS_RAW) [Y/n/?] y
    Take options from $LESS environment variable (FEATURE_LESS_ENV) [Y/n/?] y
lsscsi (2.9 kb) (LSSCSI) [Y/n/?] y
makedevs (9.4 kb) (MAKEDEVS) [Y/n/?] y
  Choose makedevs behaviour
    1. leaf (FEATURE_MAKEDEVS_LEAF)
  > 2. table (FEATURE_MAKEDEVS_TABLE)
  choice[1-2]: 2
man (26 kb) (MAN) [N/y/?] n
microcom (5.9 kb) (MICROCOM) [Y/n/?] y
mim (0.5 kb) (MIM) [Y/n/?] y
mt (2.7 kb) (MT) [Y/n/?] y
nandwrite (5 kb) (NANDWRITE) [N/y/?] n
nanddump (5.4 kb) (NANDDUMP) [N/y/?] n
partprobe (3.7 kb) (PARTPROBE) [Y/n/?] y
raidautorun (1.6 kb) (RAIDAUTORUN) [N/y/?] n
readahead (1.7 kb) (READAHEAD) [N/y/?] n
rfkill (4.4 kb) (RFKILL) [N/y/?] n
runlevel (837 bytes) (RUNLEVEL) [Y/n/?] y
rx (3.2 kb) (RX) [N/y/?] n
seedrng (9.1 kb) (SEEDRNG) [Y/n/?] y
setfattr (3.9 kb) (SETFATTR) [Y/n/?] y
setserial (7.1 kb) (SETSERIAL) [Y/n/?] y
strings (4.8 kb) (STRINGS) [Y/n/?] y
time (8.1 kb) (TIME) [Y/n/?] y
tree (2.5 kb) (TREE) [Y/n/?] y
ts (4.4 kb) (TS) [Y/n] y
ttysize (718 bytes) (TTYSIZE) [N/y/?] n
ubiattach (4.5 kb) (UBIATTACH) [N/y/?] n
ubidetach (4.3 kb) (UBIDETACH) [N/y/?] n
ubimkvol (5.5 kb) (UBIMKVOL) [N/y/?] n
ubirmvol (5.1 kb) (UBIRMVOL) [N/y/?] n
ubirsvol (4.4 kb) (UBIRSVOL) [N/y/?] n
ubiupdatevol (5.6 kb) (UBIUPDATEVOL) [N/y/?] n
ubirename (2.7 kb) (UBIRENAME) [Y/n/?] y
volname (1.9 kb) (VOLNAME) [N/y/?] n
watchdog (5.7 kb) (WATCHDOG) [Y/n/?] y
  Open watchdog device twice, closing it gracefully in between (FEATURE_WATCHDOG_OPEN_TWICE) [N/y/?] n
*
* Networking Utilities
*
Enable IPv6 support (FEATURE_IPV6) [Y/n/?] y
Enable Unix domain socket support (usually not needed) (FEATURE_UNIX_LOCAL) [N/y/?] n
Prefer IPv4 addresses from DNS queries (FEATURE_PREFER_IPV4_ADDRESS) [Y/n/?] y
Verbose resolution errors (VERBOSE_RESOLUTION_ERRORS) [N/y/?] n
Support /etc/networks (FEATURE_ETC_NETWORKS) [N/y/?] n
Consult /etc/services even for well-known ports (FEATURE_ETC_SERVICES) [N/y/?] n
Support infiniband HW (FEATURE_HWIB) [Y/n/?] y
In TLS code, support ciphers which use deprecated SHA1 (FEATURE_TLS_SHA1) [N/y/?] n
arp (10 kb) (ARP) [Y/n/?] y
arping (9.1 kb) (ARPING) [Y/n/?] y
brctl (9.9 kb) (BRCTL) [N/y/?] n
dnsd (10 kb) (DNSD) [Y/n/?] y
ether-wake (5.2 kb) (ETHER_WAKE) [Y/n/?] y
ftpd (30 kb) (FTPD) [N/y/?] n
ftpget (7.9 kb) (FTPGET) [N/y/?] n
ftpput (7.6 kb) (FTPPUT) [N/y/?] n
hostname (5.8 kb) (HOSTNAME) [Y/n/?] y
dnsdomainname (3.8 kb) (DNSDOMAINNAME) [Y/n/?] y
httpd (32 kb) (HTTPD) [N/y/?] n
ifconfig (12 kb) (IFCONFIG) [Y/n/?] y
  Enable status reporting output (+7k) (FEATURE_IFCONFIG_STATUS) [Y/n/?] y
  Enable slip-specific options "keepalive" and "outfill" (FEATURE_IFCONFIG_SLIP) [Y/n/?] y
  Enable options "mem_start", "io_addr", and "irq" (FEATURE_IFCONFIG_MEMSTART_IOADDR_IRQ) [Y/n/?] y
  Enable option "hw" (ether only) (FEATURE_IFCONFIG_HW) [Y/n/?] y
  Set the broadcast automatically (FEATURE_IFCONFIG_BROADCAST_PLUS) [N/y/?] n
ifenslave (13 kb) (IFENSLAVE) [N/y/?] n
ifplugd (11 kb) (IFPLUGD) [N/y/?] n
ifup (14 kb) (IFUP) [Y/n/?] y
ifdown (13 kb) (IFDOWN) [Y/n/?] y
  Absolute path to ifstate file (IFUPDOWN_IFSTATE_PATH) [/var/run/ifstate] /var/run/ifstate
  Use ip tool (else ifconfig/route is used) (FEATURE_IFUPDOWN_IP) [Y/n/?] y
  Support IPv4 (FEATURE_IFUPDOWN_IPV4) [Y/n/?] y
  Support IPv6 (FEATURE_IFUPDOWN_IPV6) [Y/n/?] y
  Enable mapping support (FEATURE_IFUPDOWN_MAPPING) [Y/n/?] y
  Support external DHCP clients (FEATURE_IFUPDOWN_EXTERNAL_DHCP) [N/y/?] n
inetd (18 kb) (INETD) [Y/n/?] y
  Support echo service on port 7 (FEATURE_INETD_SUPPORT_BUILTIN_ECHO) [Y/n/?] y
  Support discard service on port 8 (FEATURE_INETD_SUPPORT_BUILTIN_DISCARD) [Y/n/?] y
  Support time service on port 37 (FEATURE_INETD_SUPPORT_BUILTIN_TIME) [Y/n/?] y
  Support daytime service on port 13 (FEATURE_INETD_SUPPORT_BUILTIN_DAYTIME) [Y/n/?] y
  Support chargen service on port 19 (FEATURE_INETD_SUPPORT_BUILTIN_CHARGEN) [Y/n/?] y
  Support RPC services (FEATURE_INETD_RPC) [N/y/?] n
ip (35 kb) (IP) [Y/n/?] y
ipaddr (15 kb) (IPADDR) [Y/n/?] y
iplink (17 kb) (IPLINK) [Y/n/?] y
iproute (15 kb) (IPROUTE) [Y/n/?] y
iptunnel (9.8 kb) (IPTUNNEL) [Y/n/?] y
iprule (10 kb) (IPRULE) [Y/n/?] y
ipneigh (8.6 kb) (IPNEIGH) [Y/n/?] y
ip address (FEATURE_IP_ADDRESS) [Y/?] y
ip link (FEATURE_IP_LINK) [Y/?] y
ip link set type can (FEATURE_IP_LINK_CAN) [Y/n/?] (NEW) ip route (FEATURE_IP_ROUTE) [Y/?] y
  ip route configuration directory (FEATURE_IP_ROUTE_DIR) [/etc/iproute2] /etc/iproute2
ip tunnel (FEATURE_IP_TUNNEL) [Y/?] y
ip rule (FEATURE_IP_RULE) [Y/?] y
ip neighbor (FEATURE_IP_NEIGH) [Y/?] y
Support displaying rarely used link types (FEATURE_IP_RARE_PROTOCOLS) [N/y/?] n
ipcalc (4.6 kb) (IPCALC) [N/y/?] n
fakeidentd (9 kb) (FAKEIDENTD) [N/y/?] n
nameif (6.9 kb) (NAMEIF) [Y/n/?] y
  Extended nameif (FEATURE_NAMEIF_EXTENDED) [N/y/?] n
nbd-client (6.3 kb) (NBDCLIENT) [N/y/?] n
nc (11 kb) (NC) [N/y/?] n
netcat (11 kb) (NETCAT) [N/y/?] n
netstat (10 kb) (NETSTAT) [Y/n/?] y
  Enable wide output (FEATURE_NETSTAT_WIDE) [N/y/?] n
  Enable PID/Program name output (FEATURE_NETSTAT_PRG) [N/y/?] n
nslookup (10 kb) (NSLOOKUP) [Y/n/?] y
  Use internal resolver code instead of libc (FEATURE_NSLOOKUP_BIG) [Y/n] y
    Enable long options (FEATURE_NSLOOKUP_LONG_OPTIONS) [Y/n] y
ntpd (23 kb) (NTPD) [N/y/?] n
ping (10 kb) (PING) [Y/n/?] y
ping6 (11 kb) (PING6) [N/y/?] n
Enable fancy ping output (FEATURE_FANCY_PING) [Y/n/?] y
pscan (6.2 kb) (PSCAN) [N/y/?] n
route (9 kb) (ROUTE) [Y/n/?] y
slattach (6.3 kb) (SLATTACH) [N/y/?] n
ssl_client (28 kb) (SSL_CLIENT) [N/y/?] n
ssl_server (test TLS server) (SSL_SERVER) [Y/n/?] (NEW) tc (8.3 kb) (TC) [N/y/?] n
tcpsvd (14 kb) (TCPSVD) [N/y/?] n
udpsvd (13 kb) (UDPSVD) [N/y/?] n
telnet (8.8 kb) (TELNET) [Y/n/?] y
  Pass TERM type to remote host (FEATURE_TELNET_TTYPE) [Y/n/?] y
  Pass USER type to remote host (FEATURE_TELNET_AUTOLOGIN) [Y/n/?] y
  Enable window size autodetection (FEATURE_TELNET_WIDTH) [Y/n] y
telnetd (13 kb) (TELNETD) [N/y/?] n
tftp (11 kb) (TFTP) [Y/n/?] y
  Enable progress bar (FEATURE_TFTP_PROGRESS_BAR) [N/y] n
  tftp-hpa compat (support -c get/put FILE) (FEATURE_TFTP_HPA_COMPAT) [Y/n] y
tftpd (10 kb) (TFTPD) [N/y/?] n
  Enable 'tftp get' and/or tftpd upload code (FEATURE_TFTP_GET) [Y/n/?] y
  Enable 'tftp put' and/or tftpd download code (FEATURE_TFTP_PUT) [Y/n/?] y
  Enable 'blksize' and 'tsize' protocol options (FEATURE_TFTP_BLOCKSIZE) [Y/n/?] y
  Enable debug (TFTP_DEBUG) [N/y/?] n
traceroute (11 kb) (TRACEROUTE) [Y/n/?] y
traceroute6 (12 kb) (TRACEROUTE6) [N/y/?] n
Enable verbose output (FEATURE_TRACEROUTE_VERBOSE) [N/y/?] n
Enable -I option (use ICMP instead of UDP) (FEATURE_TRACEROUTE_USE_ICMP) [N/y] n
tunctl (6.4 kb) (TUNCTL) [N/y/?] n
vconfig (2.6 kb) (VCONFIG) [Y/n/?] y
wget (41 kb) (WGET) [Y/n/?] y
  Enable long options (FEATURE_WGET_LONG_OPTIONS) [Y/n] y
  Enable progress bar (+2k) (FEATURE_WGET_STATUSBAR) [Y/n] y
  Enable FTP protocol (+1k) (FEATURE_WGET_FTP) [Y/n/?] y
  Enable HTTP authentication (FEATURE_WGET_AUTHENTICATION) [Y/n/?] y
  Enable timeout option -T SEC (FEATURE_WGET_TIMEOUT) [Y/n/?] y
  Support HTTPS using internal TLS code (FEATURE_WGET_HTTPS) [N/y/?] n
  Try to connect to HTTPS using openssl (FEATURE_WGET_OPENSSL) [N/y/?] n
whois (6.5 kb) (WHOIS) [N/y/?] n
zcip (8.7 kb) (ZCIP) [N/y/?] n
udhcpd (21 kb) (UDHCPD) [N/y/?] n
dumpleases (5.3 kb) (DUMPLEASES) [N/y/?] n
dhcprelay (5.5 kb) (DHCPRELAY) [N/y/?] n
udhcpc (24 kb) (UDHCPC) [Y/n/?] y
  Verify that the offered address is free, using ARP ping (FEATURE_UDHCPC_ARPING) [Y/n/?] y
  Do not pass malformed host and domain names (FEATURE_UDHCPC_SANITIZEOPT) [Y/n/?] y
  Absolute path to config script (UDHCPC_DEFAULT_SCRIPT) [/usr/share/udhcpc/default.script] /usr/share/udhcpc/default.script
udhcpc6 (21 kb) (UDHCPC6) [N/y/?] n
*
* Common options for DHCP applets
*
Default interface name (UDHCPC_DEFAULT_INTERFACE) [eth0] eth0
Enable '-P port' option for udhcpd and udhcpc (FEATURE_UDHCP_PORT) [N/y/?] n
Maximum verbosity level (0..9) (UDHCP_DEBUG) [0] 0
DHCP options slack buffer size (UDHCPC_SLACK_FOR_BUGGY_SERVERS) [80] 80
Support RFC 3397 domain search options (FEATURE_UDHCP_RFC3397) [Y/n/?] y
Support 802.1Q VLAN parameters options (FEATURE_UDHCP_8021Q) [Y/n/?] y
ifup udhcpc command line options (IFUPDOWN_UDHCPC_CMD_OPTIONS) [-t1 -A3 -b -R -O search -O staticroutes] -t1 -A3 -b -R -O search -O staticroutes
*
* Print Utilities
*
lpd (5.7 kb) (LPD) [N/y/?] n
lpr (10 kb) (LPR) [N/y/?] n
lpq (10 kb) (LPQ) [N/y/?] n
*
* Mail Utilities
*
makemime (5.6 kb) (MAKEMIME) [N/y/?] n
popmaildir (11 kb) (POPMAILDIR) [N/y/?] n
reformime (7.6 kb) (REFORMIME) [N/y/?] n
sendmail (14 kb) (SENDMAIL) [N/y/?] n
*
* Process Utilities
*
Faster /proc scanning code (+100 bytes) (FEATURE_FAST_TOP) [N/y/?] n
Support thread display in ps/pstree/top (FEATURE_SHOW_THREADS) [N/y/?] n
free (3.8 kb) (FREE) [Y/n/?] y
fuser (7.3 kb) (FUSER) [Y/n/?] y
iostat (8 kb) (IOSTAT) [N/y/?] n
kill (3.4 kb) (KILL) [Y/n/?] y
killall (5.9 kb) (KILLALL) [Y/n/?] y
killall5 (5.6 kb) (KILLALL5) [Y/n/?] y
lsof (3.7 kb) (LSOF) [Y/n/?] y
mpstat (10 kb) (MPSTAT) [N/y/?] n
nmeter (12 kb) (NMETER) [N/y/?] n
pgrep (6.8 kb) (PGREP) [N/y/?] n
pkill (7.8 kb) (PKILL) [N/y/?] n
pidof (6.5 kb) (PIDOF) [Y/n/?] y
  Enable single shot (-s) (FEATURE_PIDOF_SINGLE) [Y/n/?] y
  Enable omitting pids (-o PID) (FEATURE_PIDOF_OMIT) [Y/n/?] y
pmap (6.2 kb) (PMAP) [N/y/?] n
powertop (9.9 kb) (POWERTOP) [N/y/?] n
ps (12 kb) (PS) [Y/n/?] y
  Enable -o time and -o etime specifiers (FEATURE_PS_TIME) [N/y] n
  Enable -o rgroup, -o ruser, -o nice specifiers (FEATURE_PS_ADDITIONAL_COLUMNS) [N/y] n
pstree (9.4 kb) (PSTREE) [N/y/?] n
pwdx (3.9 kb) (PWDX) [N/y/?] n
smemcap (3 kb) (SMEMCAP) [N/y/?] n
sysctl (7.9 kb) (BB_SYSCTL) [Y/n/?] y
top (18 kb) (TOP) [Y/n/?] y
  Accept keyboard commands (FEATURE_TOP_INTERACTIVE) [Y/n/?] y
  Show CPU per-process usage percentage (FEATURE_TOP_CPU_USAGE_PERCENTAGE) [Y/n/?] y
    Show CPU global usage percentage (FEATURE_TOP_CPU_GLOBAL_PERCENTS) [Y/n/?] y
      SMP CPU usage display ('c' key) (FEATURE_TOP_SMP_CPU) [N/y/?] n
    Show 1/10th of a percent in CPU/mem statistics (FEATURE_TOP_DECIMALS) [N/y/?] n
  Show CPU process runs on ('j' field) (FEATURE_TOP_SMP_PROCESS) [N/y/?] n
  Topmem command ('s' key) (FEATURE_TOPMEM) [N/y/?] n
uptime (4 kb) (UPTIME) [Y/n/?] y
  Show the number of users (FEATURE_UPTIME_UTMP_SUPPORT) [N/y/?] n
vmstat (2 kb) (VMSTAT) [Y/n/?] (NEW) watch (5.2 kb) (WATCH) [Y/n/?] y
*
* Runit Utilities
*
chpst (9.2 kb) (CHPST) [N/y/?] n
setuidgid (4.2 kb) (SETUIDGID) [N/y/?] n
envuidgid (4.1 kb) (ENVUIDGID) [N/y/?] n
envdir (2.9 kb) (ENVDIR) [N/y/?] n
softlimit (4.7 kb) (SOFTLIMIT) [N/y/?] n
runsv (8.2 kb) (RUNSV) [N/y/?] n
runsvdir (6.6 kb) (RUNSVDIR) [N/y/?] n
sv (8.7 kb) (SV) [N/y/?] n
  Default directory for services (SV_DEFAULT_SERVICE_DIR) [] 
svc (8.7 kb) (SVC) [Y/n/?] y
svok (1.8 kb) (SVOK) [Y/n/?] y
svlogd (16 kb) (SVLOGD) [N/y/?] n
*
* Shells
*
Choose which shell is aliased to 'sh' name
> 1. ash (SH_IS_ASH)
  2. hush (SH_IS_HUSH)
  3. none (SH_IS_NONE)
choice[1-3?]: 1
Choose which shell is aliased to 'bash' name
  1. ash (BASH_IS_ASH)
  2. hush (BASH_IS_HUSH)
> 3. none (BASH_IS_NONE)
choice[1-3?]: 3
ash (80 kb) (ASH) [Y/n/?] y
  Optimize for size instead of speed (ASH_OPTIMIZE_FOR_SIZE) [Y/n] y
  Use internal glob() implementation (ASH_INTERNAL_GLOB) [Y/n/?] y
  bash-compatible extensions (ASH_BASH_COMPAT) [Y/n] y
    'source' and '.' builtins search current directory after $PATH (ASH_BASH_SOURCE_CURDIR) [N/y/?] n
    command_not_found_handle hook support (ASH_BASH_NOT_FOUND_HOOK) [Y/n/?] y
  Job control (ASH_JOB_CONTROL) [Y/n/?] y
  Alias support (ASH_ALIAS) [Y/n] y
  Pseudorandom generator and $RANDOM variable (ASH_RANDOM_SUPPORT) [Y/n/?] y
  Expand prompt string (ASH_EXPAND_PRMT) [Y/n/?] y
  Idle timeout variable $TMOUT (ASH_IDLE_TIMEOUT) [Y/n/?] y
  Check for new mail in interactive shell (ASH_MAIL) [N/y/?] n
  echo builtin (ASH_ECHO) [Y/n] y
  printf builtin (ASH_PRINTF) [Y/n] y
  test builtin (ASH_TEST) [Y/n] y
  help builtin (ASH_HELP) [Y/n] y
  getopts builtin (ASH_GETOPTS) [Y/n] y
  command builtin (ASH_CMDCMD) [Y/n/?] y
cttyhack (2.7 kb) (CTTYHACK) [N/y/?] n
hush (70 kb) (HUSH) [N/y/?] n
Internal shell for embedded script support (SHELL_HUSH) [N/y] n
*
* Options common to all shells
*
POSIX math support (FEATURE_SH_MATH) [Y/n/?] y
  Extend POSIX math support to 64 bit (FEATURE_SH_MATH_64) [Y/n/?] y
  Support BASE#nnnn literals (FEATURE_SH_MATH_BASE) [Y/n] y
Hide message on interactive shell startup (FEATURE_SH_EXTRA_QUIET) [Y/n/?] y
Standalone shell (FEATURE_SH_STANDALONE) [N/y/?] n
Run 'nofork' applets directly (FEATURE_SH_NOFORK) [N/y/?] n
read -t N.NNN support (+110 bytes) (FEATURE_SH_READ_FRAC) [Y/n/?] y
Use $HISTFILESIZE (FEATURE_SH_HISTFILESIZE) [N/y/?] n
Embed scripts in the binary (FEATURE_SH_EMBEDDED_SCRIPTS) [Y/n/?] y
*
* System Logging Utilities
*
klogd (6.2 kb) (KLOGD) [Y/n/?] y
  Use the klogctl() interface (FEATURE_KLOGD_KLOGCTL) [Y/n/?] y
logger (6.5 kb) (LOGGER) [Y/n/?] y
logread (5 kb) (LOGREAD) [N/y/?] n
syslogd (14 kb) (SYSLOGD) [Y/n/?] y
  Rotate message files (FEATURE_ROTATE_LOGFILE) [Y/n/?] y
  Remote Log support (FEATURE_REMOTE_LOG) [Y/n/?] y
  Support -D (drop dups) option (FEATURE_SYSLOGD_DUP) [N/y/?] n
  Support syslog.conf (FEATURE_SYSLOGD_CFG) [N/y/?] n
  Include milliseconds in timestamps (FEATURE_SYSLOGD_PRECISE_TIMESTAMPS) [N/y/?] n
  Read buffer size in bytes (FEATURE_SYSLOGD_READ_BUFFER_SIZE) [256] 256
  Circular Buffer support (FEATURE_IPC_SYSLOG) [N/y/?] n
  Linux kernel printk buffer support (FEATURE_KMSG_SYSLOG) [N/y/?] n
make[1]: Leaving directory '/home/charliechen/rk-forge/third_party/buildroot/output/build/busybox-1.38.0'
make[1]: Entering directory '/home/charliechen/rk-forge/third_party/buildroot/output/build/busybox-1.38.0'
scripts/kconfig/conf -o Config.in
#
# using defaults found in .config
#
*
* Busybox Configuration
*
*
* Settings
*
Enable compatibility for full-blown desktop systems (8kb) (DESKTOP) [Y/n/?] y
Provide compatible behavior for rare corner cases (bigger code) (EXTRA_COMPAT) [N/y/?] n
Building for Fedora distribution (FEDORA_COMPAT) [N/y/?] n
Enable obsolete features removed before SUSv3 (INCLUDE_SUSv2) [Y/n/?] y
Support --long-options (LONG_OPTS) [Y/?] y
Show applet usage messages (SHOW_USAGE) [Y/n/?] y
  Show verbose applet usage messages (FEATURE_VERBOSE_USAGE) [Y/n/?] y
  Store applet usage messages in compressed form (FEATURE_COMPRESS_USAGE) [N/y/?] n
Support files > 2 GB (LFS) [Y/n/?] y
  Support 64bit wide time types (TIME64) [Y/n/?] y
Support PAM (Pluggable Authentication Modules) (PAM) [N/y/?] n
Use the devpts filesystem for Unix98 PTYs (FEATURE_DEVPTS) [Y/n/?] y
Support utmp file (FEATURE_UTMP) [Y/n/?] y
  Support wtmp file (FEATURE_WTMP) [Y/n/?] y
Support writing pidfiles (FEATURE_PIDFILE) [N/y/?] n
  Directory for pidfiles (PID_FILE_PATH) [] 
Include busybox applet (BUSYBOX) [Y/n/?] y
  Support --show SCRIPT (FEATURE_SHOW_SCRIPT) [Y/n] y
  Support --install [-s] to install applet links at runtime (FEATURE_INSTALLER) [Y/n/?] y
  Support --version (FEATURE_VERSION) [Y/n/?] y
Don't use /usr (INSTALL_NO_USR) [N/y/?] n
Drop SUID state for most applets (FEATURE_SUID) [Y/n/?] y
  Enable SUID configuration via /etc/busybox.conf (FEATURE_SUID_CONFIG) [N/y/?] n
exec prefers applets (FEATURE_PREFER_APPLETS) [N/y/?] n
Path to busybox executable (BUSYBOX_EXEC_PATH) [/proc/self/exe] /proc/self/exe
Support NSA Security Enhanced Linux (SELINUX) [N/y/?] n
Clean up all memory before exiting (usually not needed) (FEATURE_CLEAN_UP) [N/y/?] n
Support LOG_INFO level syslog messages (FEATURE_SYSLOG_INFO) [Y/n/?] y
*
* Build Options
*
Build static binary (no shared libs) (STATIC) [N/y/?] n
  Build position independent executable (PIE) [N/y/?] n
Force NOMMU build (NOMMU) [N/y/?] n
Build shared libbusybox (BUILD_LIBBUSYBOX) [N/y/?] n
Cross compiler prefix (CROSS_COMPILER_PREFIX) [] 
Path to sysroot (SYSROOT) [] 
Additional CFLAGS (EXTRA_CFLAGS) [] 
Additional LDFLAGS (EXTRA_LDFLAGS) [] 
Additional LDLIBS (EXTRA_LDLIBS) [] 
Avoid using GCC-specific code constructs (USE_PORTABLE_CODE) [N/y/?] n
Use -mpreferred-stack-boundary=2 on i386 arch (STACK_OPTIMIZATION_386) [N/y/?] n
Use -static-libgcc (STATIC_LIBGCC) [Y/n/?] y
*
* Installation Options ("make install" behavior)
*
What kind of applet links to install
> 1. as soft-links (INSTALL_APPLET_SYMLINKS)
  2. as hard-links (INSTALL_APPLET_HARDLINKS)
  3. as script wrappers (INSTALL_APPLET_SCRIPT_WRAPPERS)
  4. not installed (INSTALL_APPLET_DONT)
choice[1-4?]: 1
Destination path for 'make install' (PREFIX) [./_install] ./_install
*
* Debugging Options
*
Build with debug information (DEBUG) [N/y/?] n
Enable runtime sanitizers (ASAN/LSAN/USAN/etc...) (DEBUG_SANITIZE) [N/y/?] n
Build unit tests (UNIT_TEST) [N/y/?] n
Abort compilation on any warning (WERROR) [N/y/?] n
Warn about single parameter bb_xx_msg calls (WARN_SIMPLE_MSG) [N/y/?] n
Additional debugging library
> 1. None (NO_DEBUG_LIB)
  2. Dmalloc (DMALLOC)
  3. Electric-fence (EFENCE)
choice[1-3?]: 1
*
* Library Tuning
*
Use the end of BSS page (FEATURE_USE_BSS_TAIL) [N/y/?] n
Enable fractional duration arguments (FLOAT_DURATION) [Y/n/?] y
Support RTMIN[+n] and RTMAX[-n] signal names (FEATURE_RTMINMAX) [Y/n/?] y
  Use the definitions of SIGRTMIN/SIGRTMAX provided by libc (FEATURE_RTMINMAX_USE_LIBC_DEFINITIONS) [Y/n/?] y
Buffer allocation policy
> 1. Allocate with Malloc (FEATURE_BUFFERS_USE_MALLOC)
  2. Allocate on the Stack (FEATURE_BUFFERS_GO_ON_STACK)
  3. Allocate in the .bss section (FEATURE_BUFFERS_GO_IN_BSS)
choice[1-3?]: 1
Minimum password length (PASSWORD_MINLEN) [6] 6
MD5: Trade bytes for speed (0:fast, 3:slow) (MD5_SMALL) [1] 1
SHA1: Trade bytes for speed (0:fast, 3:slow) (SHA1_SMALL) [3] 3
SHA1: Use hardware accelerated instructions if possible (SHA1_HWACCEL) [Y/n/?] y
SHA256: Use hardware accelerated instructions if possible (SHA256_HWACCEL) [Y/n/?] y
SHA3: Trade bytes for speed (0:fast, 1:slow) (SHA3_SMALL) [1] 1
Non-POSIX, but safer, copying to special nodes (FEATURE_NON_POSIX_CP) [Y/n/?] y
Give more precise messages when copy fails (cp, mv etc) (FEATURE_VERBOSE_CP_MESSAGE) [N/y/?] n
Use sendfile system call (FEATURE_USE_SENDFILE) [Y/n/?] y
Copy buffer size, in kilobytes (FEATURE_COPYBUF_KB) [4] 4
Use clock_gettime(CLOCK_MONOTONIC) syscall (MONOTONIC_SYSCALL) [Y/n/?] y
Use ioctl names rather than hex values in error messages (IOCTL_HEX2STR_ERROR) [Y/n/?] y
Command line editing (FEATURE_EDITING) [Y/n/?] y
  Maximum length of input (FEATURE_EDITING_MAX_LEN) [1024] 1024
  vi-style line editing commands (FEATURE_EDITING_VI) [Y/n/?] y
  History size (FEATURE_EDITING_HISTORY) [999] 999
  History saving (FEATURE_EDITING_SAVEHISTORY) [Y/n/?] y
    Save history on shell exit, not after every command (FEATURE_EDITING_SAVE_ON_EXIT) [Y/n/?] y
  Reverse history search (FEATURE_REVERSE_SEARCH) [Y/n/?] y
  Tab completion (FEATURE_TAB_COMPLETION) [Y/n] y
    Username completion (FEATURE_USERNAME_COMPLETION) [N/y] n
  Fancy shell prompts (FEATURE_EDITING_FANCY_PROMPT) [Y/n/?] y
  Enable automatic tracking of window size changes (FEATURE_EDITING_WINCH) [Y/n] y
  Query cursor position from terminal (FEATURE_EDITING_ASK_TERMINAL) [N/y/?] n
Enable locale support (system needs locale for this to work) (LOCALE_SUPPORT) [N/y/?] n
Support Unicode (UNICODE_SUPPORT) [N/y/?] n
Use LOOP_CONFIGURE for losetup and loop mounts
  1. use LOOP_CONFIGURE, needs kernel >= 5.8 (LOOP_CONFIGURE)
  2. use LOOP_SET_FD + LOOP_SET_STATUS (NO_LOOP_CONFIGURE)
> 3. try LOOP_CONFIGURE, fall back to LOOP_SET_FD + LOOP_SET_STATUS (TRY_LOOP_CONFIGURE)
choice[1-3?]: 3
*
* Applets
*
*
* Archival Utilities
*
Make tar, rpm, modprobe etc understand .xz data (FEATURE_SEAMLESS_XZ) [N/y] n
Make tar, rpm, modprobe etc understand .lzma data (FEATURE_SEAMLESS_LZMA) [N/y] n
Make tar, rpm, modprobe etc understand .bz2 data (FEATURE_SEAMLESS_BZ2) [N/y] n
Make tar, rpm, modprobe etc understand .gz data (FEATURE_SEAMLESS_GZ) [N/y] n
Make tar, rpm, modprobe etc understand .Z data (FEATURE_SEAMLESS_Z) [N/y] n
ar (9.5 kb) (AR) [Y/n/?] y
  Support long filenames (not needed for debs) (FEATURE_AR_LONG_FILENAMES) [N/y/?] n
  Support archive creation (FEATURE_AR_CREATE) [Y/n/?] y
uncompress (7.1 kb) (UNCOMPRESS) [N/y/?] n
gunzip (11 kb) (GUNZIP) [Y/n/?] y
zcat (24 kb) (ZCAT) [Y/n/?] y
  Enable long options (FEATURE_GUNZIP_LONG_OPTIONS) [Y/n] y
bunzip2 (9.1 kb) (BUNZIP2) [Y/n/?] y
bzcat (9 kb) (BZCAT) [Y/n/?] y
unlzma (7.8 kb) (UNLZMA) [Y/n/?] y
lzcat (7.8 kb) (LZCAT) [Y/n/?] y
lzma -d (LZMA) [Y/n/?] y
unxz (13 kb) (UNXZ) [Y/n/?] y
xzcat (13 kb) (XZCAT) [Y/n/?] y
xz -d (XZ) [Y/n/?] y
bzip2 (16 kb) (BZIP2) [N/y/?] n
  Enable decompression (FEATURE_BZIP2_DECOMPRESS) [Y/?] y
cpio (15 kb) (CPIO) [Y/n/?] y
  Support archive creation (FEATURE_CPIO_O) [N/y/?] n
dpkg (43 kb) (DPKG) [N/y/?] n
dpkg-deb (29 kb) (DPKG_DEB) [N/y/?] n
gzip (17 kb) (GZIP) [Y/n/?] y
  Enable long options (FEATURE_GZIP_LONG_OPTIONS) [N/y] n
  Trade memory for speed (0:small,slow - 2:fast,big) (GZIP_FAST) [0] 0
  Enable compression levels (FEATURE_GZIP_LEVELS) [N/y/?] n
  Enable decompression (FEATURE_GZIP_DECOMPRESS) [Y/?] y
lzop (13 kb) (LZOP) [N/y/?] n
unlzop (13 kb) (UNLZOP) [Y/n/?] y
lzopcat (13 kb) (LZOPCAT) [Y/n/?] y
  lzop compression levels 7,8,9 (not very useful) (LZOP_COMPR_HIGH) [N/y/?] n
rpm (32 kb) (RPM) [N/y/?] n
rpm2cpio (21 kb) (RPM2CPIO) [N/y/?] n
tar (39 kb) (TAR) [Y/n/?] y
  Enable long options (FEATURE_TAR_LONG_OPTIONS) [Y/n] y
  Enable -c (archive creation) (FEATURE_TAR_CREATE) [Y/n] y
  Enable -X (exclude from) and -T (include from) options (FEATURE_TAR_FROM) [Y/n/?] y
  Support old tar header format (FEATURE_TAR_OLDGNU_COMPATIBILITY) [N/y/?] n
  Enable untarring of tarballs with checksums produced by buggy Sun tar (FEATURE_TAR_OLDSUN_COMPATIBILITY) [N/y/?] n
  Support GNU tar extensions (long filenames) (FEATURE_TAR_GNU_EXTENSIONS) [Y/n] y
  Support writing to an external program (--to-command) (FEATURE_TAR_TO_COMMAND) [Y/n/?] y
  Enable use of user and group names (FEATURE_TAR_UNAME_GNAME) [N/y/?] n
  Enable -m (do not preserve time) GNU option (FEATURE_TAR_NOPRESERVE_TIME) [N/y] n
unzip (26 kb) (UNZIP) [Y/n/?] y
  Read and use Central Directory data (FEATURE_UNZIP_CDF) [Y/n/?] y
    Support compression method 12 (bzip2) (FEATURE_UNZIP_BZIP2) [Y/n] y
    Support compression method 14 (lzma) (FEATURE_UNZIP_LZMA) [Y/n] y
    Support compression method 95 (xz) (FEATURE_UNZIP_XZ) [Y/n] y
Optimize lzma for speed (FEATURE_LZMA_FAST) [N/y/?] n
Prevent extraction of filenames with /../ path component (FEATURE_PATH_TRAVERSAL_PROTECTION) [Y/n/?] y
*
* Coreutils
*
Support verbose options (usually -v) for various applets (FEATURE_VERBOSE) [Y/n/?] y
*
* Common options for date and touch
*
Allow timezone in dates (FEATURE_TIMEZONE) [Y/n/?] y
*
* Common options for cp and mv
*
Preserve hard links (FEATURE_PRESERVE_HARDLINKS) [Y/n/?] y
*
* Common options for df, du, ls
*
Support human readable output (example 13k, 23M, 235G) (FEATURE_HUMAN_READABLE) [Y/n/?] y
basename (3.7 kb) (BASENAME) [Y/n/?] y
cat (5.8 kb) (CAT) [Y/n/?] y
  Enable -n and -b options (FEATURE_CATN) [Y/n/?] y
  cat -v[etA] (FEATURE_CATV) [Y/n/?] y
chgrp (7.6 kb) (CHGRP) [Y/n/?] y
chmod (5.5 kb) (CHMOD) [Y/n/?] y
chown (7.6 kb) (CHOWN) [Y/n/?] y
  Enable long options (FEATURE_CHOWN_LONG_OPTIONS) [N/y] n
chroot (4 kb) (CHROOT) [Y/n/?] y
cksum (4.3 kb) (CKSUM) [Y/n] y
crc32 (4.2 kb) (CRC32) [Y/n] y
comm (4.4 kb) (COMM) [N/y/?] n
cp (10 kb) (CP) [Y/n/?] y
  Enable long options (FEATURE_CP_LONG_OPTIONS) [N/y/?] n
cut (6.7 kb) (CUT) [Y/n/?] y
  cut -F (FEATURE_CUT_REGEX) [Y/n/?] y
date (7.2 kb) (DATE) [Y/n/?] y
  Enable ISO date format output (-I) (FEATURE_DATE_ISOFMT) [Y/n/?] y
  Support %[num]N nanosecond format specifier (FEATURE_DATE_NANO) [N/y/?] n
  Support weird 'date MMDDhhmm[[YY]YY][.ss]' format (FEATURE_DATE_COMPAT) [Y/n/?] y
dd (8.3 kb) (DD) [Y/n/?] y
  Enable signal handling for status reporting (FEATURE_DD_SIGNAL_HANDLING) [Y/n/?] y
    Enable the third status line upon signal (FEATURE_DD_THIRD_STATUS_LINE) [N/y/?] n
  Enable ibs, obs, iflag, oflag and conv options (FEATURE_DD_IBS_OBS) [Y/n/?] y
  Enable status display options (FEATURE_DD_STATUS) [Y/n/?] y
df (7.1 kb) (DF) [Y/n/?] y
  Enable -a, -i, -B (FEATURE_DF_FANCY) [N/y/?] n
  Skip rootfs in mount table (FEATURE_SKIP_ROOTFS) [Y/n/?] y
dirname (611 bytes) (DIRNAME) [Y/n/?] y
dos2unix (5.5 kb) (DOS2UNIX) [Y/n/?] y
unix2dos (5.5 kb) (UNIX2DOS) [Y/n/?] y
du (6.5 kb) (DU) [Y/n/?] y
  Use default blocksize of 1024 bytes (else it's 512 bytes) (FEATURE_DU_DEFAULT_BLOCKSIZE_1K) [Y/n] y
echo (2 kb) (ECHO) [Y/n/?] y
  Enable -n and -e options (FEATURE_FANCY_ECHO) [Y/n] y
env (4.3 kb) (ENV) [Y/n/?] y
expand (5.3 kb) (EXPAND) [N/y/?] n
unexpand (5.5 kb) (UNEXPAND) [N/y/?] n
expr (6.8 kb) (EXPR) [Y/n/?] y
  Extend Posix numbers support to 64 bit (EXPR_MATH_SUPPORT_64) [Y/n/?] y
factor (3.2 kb) (FACTOR) [Y/n/?] y
false (314 bytes) (FALSE) [Y/n/?] y
fold (4.8 kb) (FOLD) [Y/n/?] y
head (4 kb) (HEAD) [Y/n/?] y
  Enable -c, -q, and -v (FEATURE_FANCY_HEAD) [Y/n] y
hostid (566 bytes) (HOSTID) [Y/n/?] y
id (7.1 kb) (ID) [Y/n/?] y
groups (6.8 kb) (GROUPS) [N/y/?] n
install (12 kb) (INSTALL) [Y/n/?] y
  Enable long options (FEATURE_INSTALL_LONG_OPTIONS) [Y/n] y
link (3.5 kb) (LINK) [Y/n/?] y
ln (5.1 kb) (LN) [Y/n/?] y
logname (1.4 kb) (LOGNAME) [Y/n/?] y
ls (14 kb) (LS) [Y/n/?] y
  Enable filetyping options (-p and -F) (FEATURE_LS_FILETYPES) [Y/n] y
  Enable symlinks dereferencing (-L) (FEATURE_LS_FOLLOWLINKS) [Y/n] y
  Enable recursion (-R) (FEATURE_LS_RECURSIVE) [Y/n] y
  Enable -w WIDTH and window size autodetection (FEATURE_LS_WIDTH) [Y/n] y
  Sort the file names (FEATURE_LS_SORTFILES) [Y/n/?] y
  Show file timestamps (FEATURE_LS_TIMESTAMPS) [Y/n/?] y
  Show username/groupnames (FEATURE_LS_USERNAME) [Y/n/?] y
  Allow use of color to identify file types (FEATURE_LS_COLOR) [Y/n/?] y
    Produce colored ls output by default (FEATURE_LS_COLOR_IS_DEFAULT) [Y/n/?] y
md5sum (6.7 kb) (MD5SUM) [Y/n/?] y
sha1sum (6.7 kb) (SHA1SUM) [Y/n/?] y
sha256sum (8.2 kb) (SHA256SUM) [Y/n/?] y
sha384sum (7.3 kb) (SHA384SUM) [Y/n/?] y
sha512sum (7.3 kb) (SHA512SUM) [Y/n/?] y
sha3sum (6.3 kb) (SHA3SUM) [Y/n/?] y
  *
  * Common options for md5sum, sha1sum, sha256sum, ..., sha3sum
  *
  Enable -c, -s and -w options (FEATURE_MD5_SHA1_SUM_CHECK) [Y/n/?] y
mkdir (4.7 kb) (MKDIR) [Y/n/?] y
mkfifo (4 kb) (MKFIFO) [Y/n/?] y
mknod (4.6 kb) (MKNOD) [Y/n/?] y
mktemp (4.5 kb) (MKTEMP) [Y/n/?] y
mv (10 kb) (MV) [Y/n/?] y
nice (2.3 kb) (NICE) [Y/n/?] y
nl (4.9 kb) (NL) [Y/n/?] y
nohup (2.2 kb) (NOHUP) [Y/n/?] y
nproc (3.9 kb) (NPROC) [Y/n/?] y
od (11 kb) (OD) [Y/n/?] y
paste (5.1 kb) (PASTE) [Y/n/?] y
printenv (1.6 kb) (PRINTENV) [Y/n/?] y
printf (4.1 kb) (PRINTF) [Y/n/?] y
pwd (4 kb) (PWD) [Y/n/?] y
readlink (4.8 kb) (READLINK) [Y/n/?] y
  Enable canonicalization by following all symlinks (-f) (FEATURE_READLINK_FOLLOW) [Y/n/?] y
realpath (2.5 kb) (REALPATH) [Y/n/?] y
rm (5.5 kb) (RM) [Y/n/?] y
rmdir (3.8 kb) (RMDIR) [Y/n/?] y
seq (4 kb) (SEQ) [Y/n/?] y
shred (5.5 kb) (SHRED) [Y/n/?] y
shuf (6 kb) (SHUF) [N/y/?] n
sleep (2.4 kb) (SLEEP) [Y/n/?] y
  Enable multiple arguments and s/m/h/d suffixes (FEATURE_FANCY_SLEEP) [Y/n/?] y
sort (8.1 kb) (SORT) [Y/n/?] y
  Full SuSv3 compliant sort (support -ktcbdfioghM) (FEATURE_SORT_BIG) [Y/n/?] y
  Use less memory (but might be slower) (FEATURE_SORT_OPTIMIZE_MEMORY) [N/y/?] n
split (5.2 kb) (SPLIT) [N/y/?] n
stat (11 kb) (STAT) [N/y/?] n
stty (9.2 kb) (STTY) [Y/n/?] y
sum (4.2 kb) (SUM) [N/y/?] n
sync (4 kb) (SYNC) [Y/n/?] y
  Enable -d and -f flags (requires syncfs(2) in libc) (FEATURE_SYNC_FANCY) [N/y/?] n
fsync (3.8 kb) (FSYNC) [N/y/?] n
tac (4.1 kb) (TAC) [N/y/?] n
tail (7.2 kb) (TAIL) [Y/n/?] y
  Enable -q, -s, -v, and -F options (FEATURE_FANCY_TAIL) [Y/n/?] y
tee (4.4 kb) (TEE) [Y/n/?] y
  Enable block I/O (larger/faster) instead of byte I/O (FEATURE_TEE_USE_BLOCK_IO) [Y/n/?] y
test (4.4 kb) (TEST) [Y/n/?] y
test as [ (TEST1) [Y/n/?] y
test as [[ (TEST2) [Y/n/?] y
  Extend test to 64 bit (FEATURE_TEST_64) [Y/n/?] y
timeout (6.5 kb) (TIMEOUT) [N/y/?] n
touch (6.1 kb) (TOUCH) [Y/n/?] y
  Add support for SUSV3 features (-a -d -m -t -r) (FEATURE_TOUCH_SUSV3) [Y/n/?] y
tr (5.3 kb) (TR) [Y/n/?] y
  Enable character classes (such as [:upper:]) (FEATURE_TR_CLASSES) [Y/n/?] y
  Enable equivalence classes (FEATURE_TR_EQUIV) [Y/n/?] y
true (311 bytes) (TRUE) [Y/n/?] y
truncate (4.4 kb) (TRUNCATE) [Y/n/?] y
tsort (2.6 kb) (TSORT) [Y/n/?] y
tty (3.9 kb) (TTY) [Y/n/?] y
uname (4.2 kb) (UNAME) [Y/n/?] y
  Operating system name (UNAME_OSNAME) [GNU/Linux] GNU/Linux
arch (1.4 kb) (BB_ARCH) [Y/n/?] y
uniq (5.1 kb) (UNIQ) [Y/n/?] y
unlink (3.5 kb) (UNLINK) [Y/n/?] y
usleep (1.6 kb) (USLEEP) [Y/n/?] y
uudecode (5.9 kb) (UUDECODE) [Y/n/?] y
base32 (5.5 kb) (BASE32) [Y/n/?] y
base64 (5.3 kb) (BASE64) [Y/n/?] y
uuencode (4.7 kb) (UUENCODE) [Y/n/?] y
wc (4.7 kb) (WC) [Y/n/?] y
  Support very large counts (FEATURE_WC_LARGE) [N/y/?] n
who (5.6 kb) (WHO) [Y/n/?] y
w (5.5 kb) (W) [Y/n/?] y
users (3.6 kb) (USERS) [N/y/?] n
whoami (3.5 kb) (WHOAMI) [Y/n/?] y
yes (1.5 kb) (YES) [Y/n/?] y
*
* Console Utilities
*
chvt (2.2 kb) (CHVT) [Y/n/?] y
clear (371 bytes) (CLEAR) [Y/n/?] y
deallocvt (2.2 kb) (DEALLOCVT) [Y/n/?] y
dumpkmap (1.9 kb) (DUMPKMAP) [Y/n/?] y
fgconsole (1.8 kb) (FGCONSOLE) [N/y/?] n
kbd_mode (4.3 kb) (KBD_MODE) [N/y/?] n
loadfont (5.4 kb) (LOADFONT) [Y/n/?] y
setfont (24 kb) (SETFONT) [N/y/?] n
  *
  * Common options for loadfont and setfont
  *
  Support PSF2 console fonts (FEATURE_LOADFONT_PSF2) [Y/n] y
  Support old (raw) console fonts (FEATURE_LOADFONT_RAW) [Y/n] y
loadkmap (2.1 kb) (LOADKMAP) [Y/n/?] y
openvt (7.4 kb) (OPENVT) [Y/n/?] y
reset (676 bytes) (RESET) [Y/n/?] y
resize (1.2 kb) (RESIZE) [Y/n/?] y
  Print environment variables (FEATURE_RESIZE_PRINT) [Y/n/?] y
setconsole (3.8 kb) (SETCONSOLE) [Y/n/?] y
  Enable long options (FEATURE_SETCONSOLE_LONG_OPTIONS) [N/y] n
setkeycodes (2.4 kb) (SETKEYCODES) [Y/n/?] y
setlogcons (2 kb) (SETLOGCONS) [Y/n/?] y
showkey (4.9 kb) (SHOWKEY) [N/y/?] n
*
* Debian Utilities
*
pipe_progress (576 bytes) (PIPE_PROGRESS) [Y/n/?] y
run-parts (6.2 kb) (RUN_PARTS) [Y/n/?] y
  Enable long options (FEATURE_RUN_PARTS_LONG_OPTIONS) [Y/n] y
  Support additional arguments (FEATURE_RUN_PARTS_FANCY) [N/y/?] n
start-stop-daemon (12 kb) (START_STOP_DAEMON) [Y/n/?] y
  Enable long options (FEATURE_START_STOP_DAEMON_LONG_OPTIONS) [Y/n] y
  Support additional arguments (FEATURE_START_STOP_DAEMON_FANCY) [Y/n/?] y
which (4 kb) (WHICH) [Y/n/?] y
*
* klibc-utils
*
minips (11 kb) (MINIPS) [N/y/?] n
nuke (2.9 kb) (NUKE) [Y/n/?] y
resume (3.6 kb) (RESUME) [Y/n/?] y
run-init (8 kb) (RUN_INIT) [Y/n/?] y
*
* Editors
*
awk (24 kb) (AWK) [Y/n/?] y
  Enable math functions (requires libm) (FEATURE_AWK_LIBM) [N/y/?] n
  Enable a few GNU extensions (FEATURE_AWK_GNU_EXTENSIONS) [Y/n/?] y
cmp (5.3 kb) (CMP) [Y/n/?] y
diff (13 kb) (DIFF) [Y/n/?] y
  Enable long options (FEATURE_DIFF_LONG_OPTIONS) [N/y] n
  Enable directory support (FEATURE_DIFF_DIR) [Y/n/?] y
ed (16 kb) (ED) [N/y/?] n
patch (9.6 kb) (PATCH) [Y/n/?] y
sed (12 kb) (SED) [Y/n/?] y
vi (26 kb) (VI) [Y/n/?] y
  Maximum screen width (FEATURE_VI_MAX_LEN) [4096] 4096
  Allow to display 8-bit chars (otherwise shows dots) (FEATURE_VI_8BIT) [Y/n/?] y
  Enable ":" colon commands (no "ex" mode) (FEATURE_VI_COLON) [Y/n/?] y
    Expand "%" and "#" in colon commands (FEATURE_VI_COLON_EXPAND) [Y/n/?] y
  Enable yank/put commands and mark cmds (FEATURE_VI_YANKMARK) [Y/n/?] y
  Enable search and replace cmds (FEATURE_VI_SEARCH) [Y/n/?] y
    Enable regex in search and replace (FEATURE_VI_REGEX_SEARCH) [N/y/?] n
  Catch signals (FEATURE_VI_USE_SIGNALS) [Y/n/?] y
  Remember previous cmd and "." cmd (FEATURE_VI_DOT_CMD) [Y/n/?] y
  Enable -R option and "view" mode (FEATURE_VI_READONLY) [Y/n/?] y
  Enable settable options, ai ic showmatch (FEATURE_VI_SETOPTS) [Y/n/?] y
  Support :set (FEATURE_VI_SET) [Y/n] y
  Handle window resize (FEATURE_VI_WIN_RESIZE) [Y/n/?] y
  Use 'tell me cursor position' ESC sequence to measure window (FEATURE_VI_ASK_TERMINAL) [Y/n/?] y
  Support undo command "u" (FEATURE_VI_UNDO) [Y/n/?] y
    Enable undo operation queuing (FEATURE_VI_UNDO_QUEUE) [Y/n/?] y
      Maximum undo character queue size (FEATURE_VI_UNDO_QUEUE_MAX) [256] 256
  Enable verbose status reporting (FEATURE_VI_VERBOSE_STATUS) [Y/n/?] y
  Allow vi and awk to execute shell commands (FEATURE_ALLOW_EXEC) [Y/n/?] y
*
* Finding Utilities
*
find (16 kb) (FIND) [Y/n/?] y
  Enable -print0: NUL-terminated output (FEATURE_FIND_PRINT0) [Y/n/?] y
  Enable -mtime: modification time matching (FEATURE_FIND_MTIME) [Y/n/?] y
    Enable -atime: access time matching (FEATURE_FIND_ATIME) [Y/n/?] y
    Enable -ctime: status change timestamp matching (FEATURE_FIND_CTIME) [Y/n/?] y
  Enable -mmin: modification time matching by minutes (FEATURE_FIND_MMIN) [Y/n/?] y
    Enable -amin: access time matching by minutes (FEATURE_FIND_AMIN) [Y/n/?] y
    Enable -cmin: status change timestamp matching by minutes (FEATURE_FIND_CMIN) [Y/n/?] y
  Enable -perm: permissions matching (FEATURE_FIND_PERM) [Y/n] y
  Enable -type: file type matching (file/dir/link/...) (FEATURE_FIND_TYPE) [Y/n/?] y
  Enable -executable: file is executable (FEATURE_FIND_EXECUTABLE) [Y/n] y
  Enable -xdev: 'stay in filesystem' (FEATURE_FIND_XDEV) [Y/n] y
  Enable -mindepth N and -maxdepth N (FEATURE_FIND_MAXDEPTH) [Y/n] y
  Enable -newer: compare file modification times (FEATURE_FIND_NEWER) [Y/n/?] y
  Enable -inum: inode number matching (FEATURE_FIND_INUM) [N/y] n
  Enable -samefile: reference file matching (FEATURE_FIND_SAMEFILE) [Y/n/?] y
  Enable -exec: execute commands (FEATURE_FIND_EXEC) [Y/n/?] y
    Enable -exec ... {} + (FEATURE_FIND_EXEC_PLUS) [Y/n/?] y
    Enable -ok: execute confirmed commands (FEATURE_FIND_EXEC_OK) [Y/n/?] y
  Enable -user: username/uid matching (FEATURE_FIND_USER) [Y/n] y
  Enable -group: group/gid matching (FEATURE_FIND_GROUP) [Y/n] y
  Enable the 'not' (!) operator (FEATURE_FIND_NOT) [Y/n/?] y
  Enable -depth (FEATURE_FIND_DEPTH) [Y/n/?] y
  Enable parens in options (FEATURE_FIND_PAREN) [Y/n/?] y
  Enable -size: file size matching (FEATURE_FIND_SIZE) [Y/n] y
  Enable -prune: exclude subdirectories (FEATURE_FIND_PRUNE) [Y/n/?] y
  Enable -quit: exit (FEATURE_FIND_QUIT) [Y/n/?] y
  Enable -delete: delete files/dirs (FEATURE_FIND_DELETE) [N/y/?] n
  Enable -empty: match empty files or directories (FEATURE_FIND_EMPTY) [Y/n/?] y
  Enable -path: match pathname with shell pattern (FEATURE_FIND_PATH) [Y/n/?] y
  Enable -regex: match pathname with regex (FEATURE_FIND_REGEX) [Y/n/?] y
  Enable -links: link count matching (FEATURE_FIND_LINKS) [N/y/?] n
grep (8.9 kb) (GREP) [Y/n/?] y
egrep (8 kb) (EGREP) [Y/n/?] y
fgrep (8 kb) (FGREP) [Y/n/?] y
  Enable before and after context flags (-A, -B and -C) (FEATURE_GREP_CONTEXT) [Y/n/?] y
xargs (7.6 kb) (XARGS) [Y/n/?] y
  Enable -p: prompt and confirmation (FEATURE_XARGS_SUPPORT_CONFIRMATION) [N/y/?] n
  Enable single and double quotes and backslash (FEATURE_XARGS_SUPPORT_QUOTES) [Y/n/?] y
  Enable -x: exit if -s or -n is exceeded (FEATURE_XARGS_SUPPORT_TERMOPT) [Y/n/?] y
  Enable -0: NUL-terminated input (FEATURE_XARGS_SUPPORT_ZERO_TERM) [Y/n/?] y
  Enable -I STR: string to replace (FEATURE_XARGS_SUPPORT_REPL_STR) [Y/n/?] y
  Enable -P N: processes to run in parallel (FEATURE_XARGS_SUPPORT_PARALLEL) [Y/n] y
  Enable -a FILE: use FILE instead of stdin (FEATURE_XARGS_SUPPORT_ARGS_FILE) [Y/n] y
*
* Init Utilities
*
bootchartd (10 kb) (BOOTCHARTD) [N/y/?] n
halt (4.3 kb) (HALT) [Y/n/?] y
poweroff (4.3 kb) (POWEROFF) [Y/n/?] y
reboot (4.3 kb) (REBOOT) [Y/n/?] y
  Before signaling init, make sure it is ready for it (FEATURE_WAIT_FOR_INIT) [Y/n/?] y
init (10 kb) (INIT) [Y/n/?] y
linuxrc: support running init from initrd (not initramfs) (LINUXRC) [Y/n/?] y
  Support reading an inittab file (FEATURE_USE_INITTAB) [Y/n/?] y
    Support killing processes that have been removed from inittab (FEATURE_KILL_REMOVED) [Y/n/?] y
      How long to wait between TERM and KILL (0 - send TERM only) (FEATURE_KILL_DELAY) [0] 0
  Run commands with leading dash with controlling tty (FEATURE_INIT_SCTTY) [Y/n/?] y
  Enable init to write to syslog (FEATURE_INIT_SYSLOG) [Y/n/?] y
  Be quiet on boot (no 'init started:' message) (FEATURE_INIT_QUIET) [Y/n] y
  Support dumping core for child processes (debugging only) (FEATURE_INIT_COREDUMPS) [N/y/?] n
  Initial terminal type (INIT_TERMINAL_TYPE) [linux] linux
  Clear init's command line (FEATURE_INIT_MODIFY_CMDLINE) [Y/n/?] y
*
* Login/Password Management Utilities
*
Support shadow passwords (FEATURE_SHADOWPASSWDS) [Y/n/?] y
Use internal password and group functions rather than system functions (USE_BB_PWD_GRP) [N/y/?] n
Use internal crypt functions (USE_BB_CRYPT) [Y/n/?] y
  Enable SHA256/512 crypt functions (USE_BB_CRYPT_SHA) [Y/n/?] y
  Enable yescrypt functions (USE_BB_CRYPT_YES) [Y/n/?] y
add-shell (3.3 kb) (ADD_SHELL) [N/y/?] n
remove-shell (3.3 kb) (REMOVE_SHELL) [N/y/?] n
addgroup (8.8 kb) (ADDGROUP) [Y/n/?] y
  Support adding users to groups (FEATURE_ADDUSER_TO_GROUP) [N/y/?] n
adduser (15 kb) (ADDUSER) [Y/n/?] y
  Enable sanity check on user/group names in adduser and addgroup (FEATURE_CHECK_NAMES) [N/y/?] n
  Last valid uid or gid for adduser and addgroup (LAST_ID) [60000] 60000
  First valid system uid or gid for adduser and addgroup (FIRST_SYSTEM_ID) [100] 100
  Last valid system uid or gid for adduser and addgroup (LAST_SYSTEM_ID) [999] 999
chpasswd (19 kb) (CHPASSWD) [N/y/?] n
  Default encryption method (passwd -a, cryptpw -m, chpasswd -c ALG) (FEATURE_DEFAULT_PASSWD_ALGO) [sha256] sha256
cryptpw (15 kb) (CRYPTPW) [N/y/?] n
mkpasswd (16 kb) (MKPASSWD) [Y/n/?] y
deluser (9.3 kb) (DELUSER) [Y/n/?] y
delgroup (6.6 kb) (DELGROUP) [Y/n/?] y
  Support removing users from groups (FEATURE_DEL_USER_FROM_GROUP) [N/y/?] n
getty (11 kb) (GETTY) [Y/n/?] y
login (25 kb) (LOGIN) [Y/n/?] y
  Run logged in session in a child process (LOGIN_SESSION_AS_CHILD) [N/y/?] n
  Support login scripts (LOGIN_SCRIPTS) [N/y/?] n
  Support /etc/nologin (FEATURE_NOLOGIN) [Y/n/?] y
  Support /etc/securetty (FEATURE_SECURETTY) [Y/n/?] y
passwd (22 kb) (PASSWD) [Y/n/?] y
  Check new passwords for weakness (FEATURE_PASSWD_WEAK_CHECK) [Y/n/?] y
su (19 kb) (SU) [Y/n/?] y
  Log to syslog all attempts to use su (FEATURE_SU_SYSLOG) [Y/n] y
  If user's shell is not in /etc/shells, disallow -s PROG (FEATURE_SU_CHECKS_SHELLS) [Y/n] y
  Allow blank passwords only on TTYs in /etc/securetty (FEATURE_SU_BLANK_PW_NEEDS_SECURE_TTY) [N/y] n
sulogin (18 kb) (SULOGIN) [Y/n/?] y
vlock (18 kb) (VLOCK) [Y/n/?] y
*
* Linux Ext2 FS Progs
*
chattr (4.1 kb) (CHATTR) [Y/n/?] y
fsck (7.6 kb) (FSCK) [Y/n/?] y
lsattr (5.7 kb) (LSATTR) [Y/n/?] y
tune2fs (4.4 kb) (TUNE2FS) [N/y/?] n
*
* Linux Module Utilities
*
Simplified modutils (MODPROBE_SMALL) [N/y/?] n
depmod (27 kb) (DEPMOD) [N/y/?] n
insmod (22 kb) (INSMOD) [Y/n/?] y
lsmod (2.1 kb) (LSMOD) [Y/n/?] y
  Pretty output (FEATURE_LSMOD_PRETTY_2_6_OUTPUT) [Y/n/?] y
modinfo (24 kb) (MODINFO) [N/y/?] n
modprobe (27 kb) (MODPROBE) [Y/n/?] y
  Blacklist support (FEATURE_MODPROBE_BLACKLIST) [N/y/?] n
rmmod (3.5 kb) (RMMOD) [Y/n/?] y
*
* Options common to multiple modutils
*
Accept module options on modprobe command line (FEATURE_CMDLINE_MODULE_OPTIONS) [Y/n/?] y
Support version 2.2/2.4 Linux kernels (FEATURE_2_4_MODULES) [N/y/?] n
Support tainted module checking with new kernels (FEATURE_CHECK_TAINTED_MODULE) [Y/n/?] y
Try to load module from a mmap'ed area (FEATURE_INSMOD_TRY_MMAP) [N/y/?] n
Support module.aliases file (FEATURE_MODUTILS_ALIAS) [Y/n/?] y
Support module.symbols file (FEATURE_MODUTILS_SYMBOLS) [Y/n/?] y
Default directory containing modules (DEFAULT_MODULES_DIR) [/lib/modules] /lib/modules
Default name of modules.dep (DEFAULT_DEPMOD_FILE) [modules.dep] modules.dep
*
* Linux System Utilities
*
acpid (9.3 kb) (ACPID) [N/y/?] n
blkdiscard (4.6 kb) (BLKDISCARD) [N/y/?] n
blkid (12 kb) (BLKID) [Y/n/?] y
  Print filesystem type (FEATURE_BLKID_TYPE) [N/y/?] n
blockdev (2.6 kb) (BLOCKDEV) [N/y/?] n
cal (6.1 kb) (CAL) [N/y/?] n
chrt (5.1 kb) (CHRT) [Y/n/?] y
dmesg (3.9 kb) (DMESG) [Y/n/?] y
  Pretty output (FEATURE_DMESG_PRETTY) [Y/n/?] y
eject (4.3 kb) (EJECT) [Y/n/?] y
  SCSI support (FEATURE_EJECT_SCSI) [N/y/?] n
fallocate (4.3 kb) (FALLOCATE) [Y/n/?] y
fatattr (2.2 kb) (FATATTR) [N/y/?] n
fbset (6.2 kb) (FBSET) [Y/n/?] y
  Enable extra options (FEATURE_FBSET_FANCY) [Y/n/?] y
  Enable readmode support (FEATURE_FBSET_READMODE) [Y/n/?] y
fdformat (4.7 kb) (FDFORMAT) [Y/n/?] y
fdisk (31 kb) (FDISK) [Y/n/?] y
  Support -s option to list sizes (FEATURE_FDISK_BLKSIZE) [Y/n] y
  Write support (FEATURE_FDISK_WRITABLE) [Y/n/?] y
    Support AIX disklabels (FEATURE_AIX_LABEL) [N/y/?] n
    Support SGI disklabels (FEATURE_SGI_LABEL) [N/y/?] n
    Support SUN disklabels (FEATURE_SUN_LABEL) [N/y/?] n
    Support BSD disklabels (FEATURE_OSF_LABEL) [N/y/?] n
    Support GPT disklabels (FEATURE_GPT_LABEL) [Y/n/?] y
    Support expert mode (FEATURE_FDISK_ADVANCED) [Y/n/?] y
findfs (11 kb) (FINDFS) [N/y/?] n
flock (6.5 kb) (FLOCK) [Y/n/?] y
fdflush (1.6 kb) (FDFLUSH) [Y/n/?] y
freeramdisk (1.6 kb) (FREERAMDISK) [Y/n/?] y
fsck.minix (13 kb) (FSCK_MINIX) [N/y/?] n
fsfreeze (3.7 kb) (FSFREEZE) [Y/n/?] y
fstrim (4.6 kb) (FSTRIM) [Y/n/?] y
getopt (6 kb) (GETOPT) [Y/n/?] y
  Support -l LONGOPTs (FEATURE_GETOPT_LONG) [Y/n/?] y
hexdump (8.7 kb) (HEXDUMP) [Y/n/?] y
hd (8.3 kb) (HD) [N/y/?] n
xxd (11 kb) (XXD) [Y/n/?] y
hwclock (5.9 kb) (HWCLOCK) [Y/n/?] y
  Use FHS /var/lib/hwclock/adjtime (FEATURE_HWCLOCK_ADJTIME_FHS) [Y/n/?] y
ionice (4 kb) (IONICE) [N/y/?] n
ipcrm (3.5 kb) (IPCRM) [Y/n/?] y
ipcs (12 kb) (IPCS) [Y/n/?] y
last (7.4 kb) (LAST) [Y/n/?] y
  Output extra information (FEATURE_LAST_FANCY) [N/y/?] n
losetup (6.2 kb) (LOSETUP) [Y/n/?] y
lsblk (2.5 kb) (LSBLK) [Y/n/?] y
lspci (6.4 kb) (LSPCI) [Y/n/?] y
lsusb (4.4 kb) (LSUSB) [Y/n/?] y
mdev (20 kb) (MDEV) [Y/n/?] y
  Support /etc/mdev.conf (FEATURE_MDEV_CONF) [Y/n/?] y
    Support subdirs/symlinks (FEATURE_MDEV_RENAME) [Y/n/?] y
      Support regular expressions substitutions when renaming device (FEATURE_MDEV_RENAME_REGEXP) [N/y/?] n
    Support command execution at device addition/removal (FEATURE_MDEV_EXEC) [Y/n/?] y
  Support loading of firmware (FEATURE_MDEV_LOAD_FIRMWARE) [N/y/?] n
  Support daemon mode (FEATURE_MDEV_DAEMON) [Y/n/?] y
mesg (1.8 kb) (MESG) [Y/n/?] y
  Enable writing to tty only by group, not by everybody (FEATURE_MESG_ENABLE_ONLY_GROUP) [Y/n/?] y
mke2fs (10 kb) (MKE2FS) [Y/n/?] y
mkfs.ext2 (10 kb) (MKFS_EXT2) [N/y/?] n
mkfs.minix (10 kb) (MKFS_MINIX) [N/y/?] n
mkfs_reiser (MKFS_REISER) [N/y/?] n
mkdosfs (7.6 kb) (MKDOSFS) [Y/n/?] y
mkfs.vfat (7.6 kb) (MKFS_VFAT) [N/y/?] n
mkswap (6.6 kb) (MKSWAP) [Y/n/?] y
  UUID support (FEATURE_MKSWAP_UUID) [N/y/?] n
more (7.2 kb) (MORE) [Y/n/?] y
mount (24 kb) (MOUNT) [Y/n/?] y
  Support -f (fake mount) (FEATURE_MOUNT_FAKE) [N/y/?] n
  Support -v (verbose) (FEATURE_MOUNT_VERBOSE) [N/y/?] n
  Support mount helpers (FEATURE_MOUNT_HELPERS) [N/y/?] n
  Support specifying devices by label or UUID (FEATURE_MOUNT_LABEL) [N/y/?] n
  Support mounting NFS file systems on Linux < 2.6.23 (FEATURE_MOUNT_NFS) [N/y/?] n
  Support mounting CIFS/SMB file systems (FEATURE_MOUNT_CIFS) [Y/n/?] y
  Support lots of -o flags (FEATURE_MOUNT_FLAGS) [Y/n/?] y
  Support /etc/fstab and -a (mount all) (FEATURE_MOUNT_FSTAB) [Y/n/?] y
    Support -T <alt_fstab> (FEATURE_MOUNT_OTHERTAB) [Y/n/?] y
mountpoint (5.1 kb) (MOUNTPOINT) [Y/n/?] y
nologin (NOLOGIN) [Y/n/?] y
  Enable dependencies for nologin (NOLOGIN_DEPENDENCIES) [N/y/?] n
nsenter (6.8 kb) (NSENTER) [N/y/?] n
pivot_root (1.4 kb) (PIVOT_ROOT) [Y/n/?] y
rdate (5.9 kb) (RDATE) [Y/n/?] y
rdev (2.1 kb) (RDEV) [N/y/?] n
readprofile (7.5 kb) (READPROFILE) [Y/n/?] y
renice (4.4 kb) (RENICE) [Y/n/?] y
rev (4.6 kb) (REV) [N/y/?] n
rtcwake (7.5 kb) (RTCWAKE) [N/y/?] n
script (8.8 kb) (SCRIPT) [N/y/?] n
scriptreplay (2.6 kb) (SCRIPTREPLAY) [N/y/?] n
setarch (3.8 kb) (SETARCH) [Y/n/?] y
linux32 (3.6 kb) (LINUX32) [Y/n/?] y
linux64 (3.5 kb) (LINUX64) [Y/n/?] y
setpriv (6.9 kb) (SETPRIV) [Y/n/?] y
  Support dumping current privilege state (FEATURE_SETPRIV_DUMP) [Y/n/?] y
  Support capabilities (FEATURE_SETPRIV_CAPABILITIES) [Y/n/?] y
    Support capability names (FEATURE_SETPRIV_CAPABILITY_NAMES) [Y/n/?] y
setsid (3.8 kb) (SETSID) [Y/n/?] y
swapon (15 kb) (SWAPON) [Y/n/?] y
  Support discard option -d (FEATURE_SWAPON_DISCARD) [N/y/?] n
  Support priority option -p (FEATURE_SWAPON_PRI) [N/y/?] n
swapoff (14 kb) (SWAPOFF) [Y/n] y
  Support specifying devices by label or UUID (FEATURE_SWAPONOFF_LABEL) [Y/n/?] y
switch_root (5.7 kb) (SWITCH_ROOT) [Y/n/?] y
taskset (5.6 kb) (TASKSET) [N/y/?] n
uevent (3.5 kb) (UEVENT) [Y/n/?] y
umount (5.1 kb) (UMOUNT) [Y/n/?] y
  Support -a (unmount all) (FEATURE_UMOUNT_ALL) [Y/n/?] y
unshare (7.3 kb) (UNSHARE) [N/y/?] n
uuidgen (1.1 kb) (UUIDGEN) [Y/n/?] y
wall (2.9 kb) (WALL) [N/y/?] n
*
* Common options for mount/umount
*
Support loopback mounts (FEATURE_MOUNT_LOOP) [Y/n/?] y
  Create new loopback devices if needed (FEATURE_MOUNT_LOOP_CREATE) [Y/n/?] y
Support old /etc/mtab file (FEATURE_MTAB_SUPPORT) [N/y/?] n
*
* Filesystem/Volume identification
*
bcache filesystem (FEATURE_VOLUMEID_BCACHE) [N/y] n
btrfs filesystem (FEATURE_VOLUMEID_BTRFS) [N/y] n
cramfs filesystem (FEATURE_VOLUMEID_CRAMFS) [N/y] n
erofs filesystem (FEATURE_VOLUMEID_EROFS) [Y/n/?] y
exFAT filesystem (FEATURE_VOLUMEID_EXFAT) [Y/n/?] y
Ext filesystem (FEATURE_VOLUMEID_EXT) [Y/n] y
f2fs filesystem (FEATURE_VOLUMEID_F2FS) [Y/n/?] y
fat filesystem (FEATURE_VOLUMEID_FAT) [Y/n] y
hfs filesystem (FEATURE_VOLUMEID_HFS) [N/y] n
iso9660 filesystem (FEATURE_VOLUMEID_ISO9660) [N/y] n
jfs filesystem (FEATURE_VOLUMEID_JFS) [N/y] n
linuxraid (FEATURE_VOLUMEID_LINUXRAID) [N/y] n
linux swap filesystem (FEATURE_VOLUMEID_LINUXSWAP) [N/y] n
luks filesystem (FEATURE_VOLUMEID_LUKS) [N/y] n
minix filesystem (FEATURE_VOLUMEID_MINIX) [Y/n] y
nilfs filesystem (FEATURE_VOLUMEID_NILFS) [N/y/?] n
ntfs filesystem (FEATURE_VOLUMEID_NTFS) [N/y] n
ocfs2 filesystem (FEATURE_VOLUMEID_OCFS2) [N/y] n
Reiser filesystem (FEATURE_VOLUMEID_REISERFS) [N/y] n
romfs filesystem (FEATURE_VOLUMEID_ROMFS) [N/y] n
sysv filesystem (FEATURE_VOLUMEID_SYSV) [N/y] n
UBIFS filesystem (FEATURE_VOLUMEID_UBIFS) [Y/n/?] y
udf filesystem (FEATURE_VOLUMEID_UDF) [N/y] n
xfs filesystem (FEATURE_VOLUMEID_XFS) [N/y] n
*
* Miscellaneous Utilities
*
adjtimex (4.9 kb) (ADJTIMEX) [N/y/?] n
ascii (784 bytes) (ASCII) [Y/n/?] y
bbconfig (9.7 kb) (BBCONFIG) [N/y/?] n
bc (38 kb) (BC) [Y/n/?] y
dc (29 kb) (DC) [Y/n/?] y
  Use bc code base for dc (larger, more features) (FEATURE_DC_BIG) [Y] y
    Interactive mode (+4kb) (FEATURE_BC_INTERACTIVE) [Y/n/?] y
    Enable bc/dc long options (FEATURE_BC_LONG_OPTIONS) [Y/n] y
beep (2.7 kb) (BEEP) [N/y/?] n
chat (6.7 kb) (CHAT) [N/y/?] n
conspy (10 kb) (CONSPY) [N/y/?] n
crond (15 kb) (CROND) [Y/n/?] y
  Support -d (redirect output to stderr) (FEATURE_CROND_D) [N/y/?] n
  Report command output via email (using sendmail) (FEATURE_CROND_CALL_SENDMAIL) [N/y/?] n
  Support special times (@reboot, @daily, etc) in crontabs (FEATURE_CROND_SPECIAL_TIMES) [Y/n/?] y
  crond spool directory (FEATURE_CROND_DIR) [/etc/cron] /etc/cron
crontab (10 kb) (CRONTAB) [Y/n/?] y
devfsd (obsolete) (DEVFSD) [N/y/?] n
Use devfs names for all devices (obsolete) (FEATURE_DEVFS) [N/y/?] n
devmem (2.7 kb) (DEVMEM) [Y/n/?] y
fbsplash (26 kb) (FBSPLASH) [N/y/?] n
flash_eraseall (5.9 kb) (FLASH_ERASEALL) [N/y/?] n
flash_lock (2.1 kb) (FLASH_LOCK) [N/y/?] n
flash_unlock (1.3 kb) (FLASH_UNLOCK) [N/y/?] n
flashcp (5.3 kb) (FLASHCP) [N/y/?] n
getfattr (12.3 kb) (GETFATTR) [Y/n/?] y
hdparm (25 kb) (HDPARM) [Y/n/?] y
  Support obtaining detailed information directly from drives (FEATURE_HDPARM_GET_IDENTITY) [Y/n/?] y
  Register an IDE interface (DANGEROUS) (FEATURE_HDPARM_HDIO_SCAN_HWIF) [N/y/?] n
  Un-register an IDE interface (DANGEROUS) (FEATURE_HDPARM_HDIO_UNREGISTER_HWIF) [N/y/?] n
  Perform device reset (DANGEROUS) (FEATURE_HDPARM_HDIO_DRIVE_RESET) [N/y/?] n
  Tristate device for hotswap (DANGEROUS) (FEATURE_HDPARM_HDIO_TRISTATE_HWIF) [N/y/?] n
  Get/set using_dma flag (FEATURE_HDPARM_HDIO_GETSET_DMA) [N/y/?] n
hexedit (15 kb) (HEXEDIT) [Y/n/?] y
i2cget (5.7 kb) (I2CGET) [Y/n/?] y
i2cset (6.9 kb) (I2CSET) [Y/n/?] y
i2cdump (7.2 kb) (I2CDUMP) [Y/n/?] y
i2cdetect (7.3 kb) (I2CDETECT) [Y/n/?] y
i2ctransfer (5.5 kb) (I2CTRANSFER) [Y/n/?] y
inotifyd (3.6 kb) (INOTIFYD) [N/y/?] n
less (16 kb) (LESS) [Y/n/?] y
  Max number of input lines less will try to eat (FEATURE_LESS_MAXLINES) [9999999] 9999999
  Enable bracket searching (FEATURE_LESS_BRACKETS) [Y/n/?] y
  Enable -m/-M (FEATURE_LESS_FLAGS) [Y/n/?] y
  Enable -S (FEATURE_LESS_TRUNCATE) [Y/n/?] y
  Enable marks (FEATURE_LESS_MARKS) [N/y/?] n
  Enable regular expressions (FEATURE_LESS_REGEXP) [Y/n/?] y
  Enable automatic resizing on window size changes (FEATURE_LESS_WINCH) [N/y/?] n
  Enable flag changes ('-' command) (FEATURE_LESS_DASHCMD) [Y/n/?] y
    Enable -N (dynamic switching of line numbers) (FEATURE_LESS_LINENUMS) [N/y] n
    Enable -R ('raw control characters') (FEATURE_LESS_RAW) [Y/n/?] y
    Take options from $LESS environment variable (FEATURE_LESS_ENV) [Y/n/?] y
lsscsi (2.9 kb) (LSSCSI) [Y/n/?] y
makedevs (9.4 kb) (MAKEDEVS) [Y/n/?] y
  Choose makedevs behaviour
    1. leaf (FEATURE_MAKEDEVS_LEAF)
  > 2. table (FEATURE_MAKEDEVS_TABLE)
  choice[1-2]: 2
man (26 kb) (MAN) [N/y/?] n
microcom (5.9 kb) (MICROCOM) [Y/n/?] y
mim (0.5 kb) (MIM) [Y/n/?] y
mt (2.7 kb) (MT) [Y/n/?] y
nandwrite (5 kb) (NANDWRITE) [N/y/?] n
nanddump (5.4 kb) (NANDDUMP) [N/y/?] n
partprobe (3.7 kb) (PARTPROBE) [Y/n/?] y
raidautorun (1.6 kb) (RAIDAUTORUN) [N/y/?] n
readahead (1.7 kb) (READAHEAD) [N/y/?] n
rfkill (4.4 kb) (RFKILL) [N/y/?] n
runlevel (837 bytes) (RUNLEVEL) [Y/n/?] y
rx (3.2 kb) (RX) [N/y/?] n
seedrng (9.1 kb) (SEEDRNG) [Y/n/?] y
setfattr (3.9 kb) (SETFATTR) [Y/n/?] y
setserial (7.1 kb) (SETSERIAL) [Y/n/?] y
strings (4.8 kb) (STRINGS) [Y/n/?] y
time (8.1 kb) (TIME) [Y/n/?] y
tree (2.5 kb) (TREE) [Y/n/?] y
ts (4.4 kb) (TS) [Y/n] y
ttysize (718 bytes) (TTYSIZE) [N/y/?] n
ubiattach (4.5 kb) (UBIATTACH) [N/y/?] n
ubidetach (4.3 kb) (UBIDETACH) [N/y/?] n
ubimkvol (5.5 kb) (UBIMKVOL) [N/y/?] n
ubirmvol (5.1 kb) (UBIRMVOL) [N/y/?] n
ubirsvol (4.4 kb) (UBIRSVOL) [N/y/?] n
ubiupdatevol (5.6 kb) (UBIUPDATEVOL) [N/y/?] n
ubirename (2.7 kb) (UBIRENAME) [Y/n/?] y
volname (1.9 kb) (VOLNAME) [N/y/?] n
watchdog (5.7 kb) (WATCHDOG) [Y/n/?] y
  Open watchdog device twice, closing it gracefully in between (FEATURE_WATCHDOG_OPEN_TWICE) [N/y/?] n
*
* Networking Utilities
*
Enable IPv6 support (FEATURE_IPV6) [Y/n/?] y
Enable Unix domain socket support (usually not needed) (FEATURE_UNIX_LOCAL) [N/y/?] n
Prefer IPv4 addresses from DNS queries (FEATURE_PREFER_IPV4_ADDRESS) [Y/n/?] y
Verbose resolution errors (VERBOSE_RESOLUTION_ERRORS) [N/y/?] n
Support /etc/networks (FEATURE_ETC_NETWORKS) [N/y/?] n
Consult /etc/services even for well-known ports (FEATURE_ETC_SERVICES) [N/y/?] n
Support infiniband HW (FEATURE_HWIB) [Y/n/?] y
In TLS code, support ciphers which use deprecated SHA1 (FEATURE_TLS_SHA1) [N/y/?] n
arp (10 kb) (ARP) [Y/n/?] y
arping (9.1 kb) (ARPING) [Y/n/?] y
brctl (9.9 kb) (BRCTL) [N/y/?] n
dnsd (10 kb) (DNSD) [Y/n/?] y
ether-wake (5.2 kb) (ETHER_WAKE) [Y/n/?] y
ftpd (30 kb) (FTPD) [N/y/?] n
ftpget (7.9 kb) (FTPGET) [N/y/?] n
ftpput (7.6 kb) (FTPPUT) [N/y/?] n
hostname (5.8 kb) (HOSTNAME) [Y/n/?] y
dnsdomainname (3.8 kb) (DNSDOMAINNAME) [Y/n/?] y
httpd (32 kb) (HTTPD) [N/y/?] n
ifconfig (12 kb) (IFCONFIG) [Y/n/?] y
  Enable status reporting output (+7k) (FEATURE_IFCONFIG_STATUS) [Y/n/?] y
  Enable slip-specific options "keepalive" and "outfill" (FEATURE_IFCONFIG_SLIP) [Y/n/?] y
  Enable options "mem_start", "io_addr", and "irq" (FEATURE_IFCONFIG_MEMSTART_IOADDR_IRQ) [Y/n/?] y
  Enable option "hw" (ether only) (FEATURE_IFCONFIG_HW) [Y/n/?] y
  Set the broadcast automatically (FEATURE_IFCONFIG_BROADCAST_PLUS) [N/y/?] n
ifenslave (13 kb) (IFENSLAVE) [N/y/?] n
ifplugd (11 kb) (IFPLUGD) [N/y/?] n
ifup (14 kb) (IFUP) [Y/n/?] y
ifdown (13 kb) (IFDOWN) [Y/n/?] y
  Absolute path to ifstate file (IFUPDOWN_IFSTATE_PATH) [/var/run/ifstate] /var/run/ifstate
  Use ip tool (else ifconfig/route is used) (FEATURE_IFUPDOWN_IP) [Y/n/?] y
  Support IPv4 (FEATURE_IFUPDOWN_IPV4) [Y/n/?] y
  Support IPv6 (FEATURE_IFUPDOWN_IPV6) [Y/n/?] y
  Enable mapping support (FEATURE_IFUPDOWN_MAPPING) [Y/n/?] y
  Support external DHCP clients (FEATURE_IFUPDOWN_EXTERNAL_DHCP) [N/y/?] n
inetd (18 kb) (INETD) [Y/n/?] y
  Support echo service on port 7 (FEATURE_INETD_SUPPORT_BUILTIN_ECHO) [Y/n/?] y
  Support discard service on port 8 (FEATURE_INETD_SUPPORT_BUILTIN_DISCARD) [Y/n/?] y
  Support time service on port 37 (FEATURE_INETD_SUPPORT_BUILTIN_TIME) [Y/n/?] y
  Support daytime service on port 13 (FEATURE_INETD_SUPPORT_BUILTIN_DAYTIME) [Y/n/?] y
  Support chargen service on port 19 (FEATURE_INETD_SUPPORT_BUILTIN_CHARGEN) [Y/n/?] y
  Support RPC services (FEATURE_INETD_RPC) [N/y/?] n
ip (35 kb) (IP) [Y/n/?] y
ipaddr (15 kb) (IPADDR) [Y/n/?] y
iplink (17 kb) (IPLINK) [Y/n/?] y
iproute (15 kb) (IPROUTE) [Y/n/?] y
iptunnel (9.8 kb) (IPTUNNEL) [Y/n/?] y
iprule (10 kb) (IPRULE) [Y/n/?] y
ipneigh (8.6 kb) (IPNEIGH) [Y/n/?] y
ip address (FEATURE_IP_ADDRESS) [Y/?] y
ip link (FEATURE_IP_LINK) [Y/?] y
ip link set type can (FEATURE_IP_LINK_CAN) [Y/n/?] y
ip route (FEATURE_IP_ROUTE) [Y/?] y
  ip route configuration directory (FEATURE_IP_ROUTE_DIR) [/etc/iproute2] /etc/iproute2
ip tunnel (FEATURE_IP_TUNNEL) [Y/?] y
ip rule (FEATURE_IP_RULE) [Y/?] y
ip neighbor (FEATURE_IP_NEIGH) [Y/?] y
Support displaying rarely used link types (FEATURE_IP_RARE_PROTOCOLS) [N/y/?] n
ipcalc (4.6 kb) (IPCALC) [N/y/?] n
fakeidentd (9 kb) (FAKEIDENTD) [N/y/?] n
nameif (6.9 kb) (NAMEIF) [Y/n/?] y
  Extended nameif (FEATURE_NAMEIF_EXTENDED) [N/y/?] n
nbd-client (6.3 kb) (NBDCLIENT) [N/y/?] n
nc (11 kb) (NC) [N/y/?] n
netcat (11 kb) (NETCAT) [N/y/?] n
netstat (10 kb) (NETSTAT) [Y/n/?] y
  Enable wide output (FEATURE_NETSTAT_WIDE) [N/y/?] n
  Enable PID/Program name output (FEATURE_NETSTAT_PRG) [N/y/?] n
nslookup (10 kb) (NSLOOKUP) [Y/n/?] y
  Use internal resolver code instead of libc (FEATURE_NSLOOKUP_BIG) [Y/n] y
    Enable long options (FEATURE_NSLOOKUP_LONG_OPTIONS) [Y/n] y
ntpd (23 kb) (NTPD) [N/y/?] n
ping (10 kb) (PING) [Y/n/?] y
ping6 (11 kb) (PING6) [N/y/?] n
Enable fancy ping output (FEATURE_FANCY_PING) [Y/n/?] y
pscan (6.2 kb) (PSCAN) [N/y/?] n
route (9 kb) (ROUTE) [Y/n/?] y
slattach (6.3 kb) (SLATTACH) [N/y/?] n
ssl_client (28 kb) (SSL_CLIENT) [N/y/?] n
ssl_server (test TLS server) (SSL_SERVER) [Y/n/?] y
tc (8.3 kb) (TC) [N/y/?] n
tcpsvd (14 kb) (TCPSVD) [N/y/?] n
udpsvd (13 kb) (UDPSVD) [N/y/?] n
telnet (8.8 kb) (TELNET) [Y/n/?] y
  Pass TERM type to remote host (FEATURE_TELNET_TTYPE) [Y/n/?] y
  Pass USER type to remote host (FEATURE_TELNET_AUTOLOGIN) [Y/n/?] y
  Enable window size autodetection (FEATURE_TELNET_WIDTH) [Y/n] y
telnetd (13 kb) (TELNETD) [N/y/?] n
tftp (11 kb) (TFTP) [Y/n/?] y
  Enable progress bar (FEATURE_TFTP_PROGRESS_BAR) [N/y] n
  tftp-hpa compat (support -c get/put FILE) (FEATURE_TFTP_HPA_COMPAT) [Y/n] y
tftpd (10 kb) (TFTPD) [N/y/?] n
  Enable 'tftp get' and/or tftpd upload code (FEATURE_TFTP_GET) [Y/n/?] y
  Enable 'tftp put' and/or tftpd download code (FEATURE_TFTP_PUT) [Y/n/?] y
  Enable 'blksize' and 'tsize' protocol options (FEATURE_TFTP_BLOCKSIZE) [Y/n/?] y
  Enable debug (TFTP_DEBUG) [N/y/?] n
traceroute (11 kb) (TRACEROUTE) [Y/n/?] y
traceroute6 (12 kb) (TRACEROUTE6) [N/y/?] n
Enable verbose output (FEATURE_TRACEROUTE_VERBOSE) [N/y/?] n
Enable -I option (use ICMP instead of UDP) (FEATURE_TRACEROUTE_USE_ICMP) [N/y] n
tunctl (6.4 kb) (TUNCTL) [N/y/?] n
vconfig (2.6 kb) (VCONFIG) [Y/n/?] y
wget (41 kb) (WGET) [Y/n/?] y
  Enable long options (FEATURE_WGET_LONG_OPTIONS) [Y/n] y
  Enable progress bar (+2k) (FEATURE_WGET_STATUSBAR) [Y/n] y
  Enable FTP protocol (+1k) (FEATURE_WGET_FTP) [Y/n/?] y
  Enable HTTP authentication (FEATURE_WGET_AUTHENTICATION) [Y/n/?] y
  Enable timeout option -T SEC (FEATURE_WGET_TIMEOUT) [Y/n/?] y
  Support HTTPS using internal TLS code (FEATURE_WGET_HTTPS) [N/y/?] n
  Try to connect to HTTPS using openssl (FEATURE_WGET_OPENSSL) [N/y/?] n
whois (6.5 kb) (WHOIS) [N/y/?] n
zcip (8.7 kb) (ZCIP) [N/y/?] n
udhcpd (21 kb) (UDHCPD) [N/y/?] n
dumpleases (5.3 kb) (DUMPLEASES) [N/y/?] n
dhcprelay (5.5 kb) (DHCPRELAY) [N/y/?] n
udhcpc (24 kb) (UDHCPC) [Y/n/?] y
  Verify that the offered address is free, using ARP ping (FEATURE_UDHCPC_ARPING) [Y/n/?] y
  Do not pass malformed host and domain names (FEATURE_UDHCPC_SANITIZEOPT) [Y/n/?] y
  Absolute path to config script (UDHCPC_DEFAULT_SCRIPT) [/usr/share/udhcpc/default.script] /usr/share/udhcpc/default.script
udhcpc6 (21 kb) (UDHCPC6) [N/y/?] n
*
* Common options for DHCP applets
*
Default interface name (UDHCPC_DEFAULT_INTERFACE) [eth0] eth0
Enable '-P port' option for udhcpd and udhcpc (FEATURE_UDHCP_PORT) [N/y/?] n
Maximum verbosity level (0..9) (UDHCP_DEBUG) [0] 0
DHCP options slack buffer size (UDHCPC_SLACK_FOR_BUGGY_SERVERS) [80] 80
Support RFC 3397 domain search options (FEATURE_UDHCP_RFC3397) [Y/n/?] y
Support 802.1Q VLAN parameters options (FEATURE_UDHCP_8021Q) [Y/n/?] y
ifup udhcpc command line options (IFUPDOWN_UDHCPC_CMD_OPTIONS) [-t1 -A3 -b -R -O search -O staticroutes] -t1 -A3 -b -R -O search -O staticroutes
*
* Print Utilities
*
lpd (5.7 kb) (LPD) [N/y/?] n
lpr (10 kb) (LPR) [N/y/?] n
lpq (10 kb) (LPQ) [N/y/?] n
*
* Mail Utilities
*
makemime (5.6 kb) (MAKEMIME) [N/y/?] n
popmaildir (11 kb) (POPMAILDIR) [N/y/?] n
reformime (7.6 kb) (REFORMIME) [N/y/?] n
sendmail (14 kb) (SENDMAIL) [N/y/?] n
*
* Process Utilities
*
Faster /proc scanning code (+100 bytes) (FEATURE_FAST_TOP) [N/y/?] n
Support thread display in ps/pstree/top (FEATURE_SHOW_THREADS) [N/y/?] n
free (3.8 kb) (FREE) [Y/n/?] y
fuser (7.3 kb) (FUSER) [Y/n/?] y
iostat (8 kb) (IOSTAT) [N/y/?] n
kill (3.4 kb) (KILL) [Y/n/?] y
killall (5.9 kb) (KILLALL) [Y/n/?] y
killall5 (5.6 kb) (KILLALL5) [Y/n/?] y
lsof (3.7 kb) (LSOF) [Y/n/?] y
mpstat (10 kb) (MPSTAT) [N/y/?] n
nmeter (12 kb) (NMETER) [N/y/?] n
pgrep (6.8 kb) (PGREP) [N/y/?] n
pkill (7.8 kb) (PKILL) [N/y/?] n
pidof (6.5 kb) (PIDOF) [Y/n/?] y
  Enable single shot (-s) (FEATURE_PIDOF_SINGLE) [Y/n/?] y
  Enable omitting pids (-o PID) (FEATURE_PIDOF_OMIT) [Y/n/?] y
pmap (6.2 kb) (PMAP) [N/y/?] n
powertop (9.9 kb) (POWERTOP) [N/y/?] n
ps (12 kb) (PS) [Y/n/?] y
  Enable -o time and -o etime specifiers (FEATURE_PS_TIME) [N/y] n
  Enable -o rgroup, -o ruser, -o nice specifiers (FEATURE_PS_ADDITIONAL_COLUMNS) [N/y] n
pstree (9.4 kb) (PSTREE) [N/y/?] n
pwdx (3.9 kb) (PWDX) [N/y/?] n
smemcap (3 kb) (SMEMCAP) [N/y/?] n
sysctl (7.9 kb) (BB_SYSCTL) [Y/n/?] y
top (18 kb) (TOP) [Y/n/?] y
  Accept keyboard commands (FEATURE_TOP_INTERACTIVE) [Y/n/?] y
  Show CPU per-process usage percentage (FEATURE_TOP_CPU_USAGE_PERCENTAGE) [Y/n/?] y
    Show CPU global usage percentage (FEATURE_TOP_CPU_GLOBAL_PERCENTS) [Y/n/?] y
      SMP CPU usage display ('c' key) (FEATURE_TOP_SMP_CPU) [N/y/?] n
    Show 1/10th of a percent in CPU/mem statistics (FEATURE_TOP_DECIMALS) [N/y/?] n
  Show CPU process runs on ('j' field) (FEATURE_TOP_SMP_PROCESS) [N/y/?] n
  Topmem command ('s' key) (FEATURE_TOPMEM) [N/y/?] n
uptime (4 kb) (UPTIME) [Y/n/?] y
  Show the number of users (FEATURE_UPTIME_UTMP_SUPPORT) [N/y/?] n
vmstat (2 kb) (VMSTAT) [Y/n/?] y
watch (5.2 kb) (WATCH) [Y/n/?] y
*
* Runit Utilities
*
chpst (9.2 kb) (CHPST) [N/y/?] n
setuidgid (4.2 kb) (SETUIDGID) [N/y/?] n
envuidgid (4.1 kb) (ENVUIDGID) [N/y/?] n
envdir (2.9 kb) (ENVDIR) [N/y/?] n
softlimit (4.7 kb) (SOFTLIMIT) [N/y/?] n
runsv (8.2 kb) (RUNSV) [N/y/?] n
runsvdir (6.6 kb) (RUNSVDIR) [N/y/?] n
sv (8.7 kb) (SV) [N/y/?] n
  Default directory for services (SV_DEFAULT_SERVICE_DIR) [] 
svc (8.7 kb) (SVC) [Y/n/?] y
svok (1.8 kb) (SVOK) [Y/n/?] y
svlogd (16 kb) (SVLOGD) [N/y/?] n
*
* Shells
*
Choose which shell is aliased to 'sh' name
> 1. ash (SH_IS_ASH)
  2. hush (SH_IS_HUSH)
  3. none (SH_IS_NONE)
choice[1-3?]: 1
Choose which shell is aliased to 'bash' name
  1. ash (BASH_IS_ASH)
  2. hush (BASH_IS_HUSH)
> 3. none (BASH_IS_NONE)
choice[1-3?]: 3
ash (80 kb) (ASH) [Y/n/?] y
  Optimize for size instead of speed (ASH_OPTIMIZE_FOR_SIZE) [Y/n] y
  Use internal glob() implementation (ASH_INTERNAL_GLOB) [Y/n/?] y
  bash-compatible extensions (ASH_BASH_COMPAT) [Y/n] y
    'source' and '.' builtins search current directory after $PATH (ASH_BASH_SOURCE_CURDIR) [N/y/?] n
    command_not_found_handle hook support (ASH_BASH_NOT_FOUND_HOOK) [Y/n/?] y
  Job control (ASH_JOB_CONTROL) [Y/n/?] y
  Alias support (ASH_ALIAS) [Y/n] y
  Pseudorandom generator and $RANDOM variable (ASH_RANDOM_SUPPORT) [Y/n/?] y
  Expand prompt string (ASH_EXPAND_PRMT) [Y/n/?] y
  Idle timeout variable $TMOUT (ASH_IDLE_TIMEOUT) [Y/n/?] y
  Check for new mail in interactive shell (ASH_MAIL) [N/y/?] n
  echo builtin (ASH_ECHO) [Y/n] y
  printf builtin (ASH_PRINTF) [Y/n] y
  test builtin (ASH_TEST) [Y/n] y
  help builtin (ASH_HELP) [Y/n] y
  getopts builtin (ASH_GETOPTS) [Y/n] y
  command builtin (ASH_CMDCMD) [Y/n/?] y
cttyhack (2.7 kb) (CTTYHACK) [N/y/?] n
hush (70 kb) (HUSH) [N/y/?] n
Internal shell for embedded script support (SHELL_HUSH) [N/y] n
*
* Options common to all shells
*
POSIX math support (FEATURE_SH_MATH) [Y/n/?] y
  Extend POSIX math support to 64 bit (FEATURE_SH_MATH_64) [Y/n/?] y
  Support BASE#nnnn literals (FEATURE_SH_MATH_BASE) [Y/n] y
Hide message on interactive shell startup (FEATURE_SH_EXTRA_QUIET) [Y/n/?] y
Standalone shell (FEATURE_SH_STANDALONE) [N/y/?] n
Run 'nofork' applets directly (FEATURE_SH_NOFORK) [N/y/?] n
read -t N.NNN support (+110 bytes) (FEATURE_SH_READ_FRAC) [Y/n/?] y
Use $HISTFILESIZE (FEATURE_SH_HISTFILESIZE) [N/y/?] n
Embed scripts in the binary (FEATURE_SH_EMBEDDED_SCRIPTS) [Y/n/?] y
*
* System Logging Utilities
*
klogd (6.2 kb) (KLOGD) [Y/n/?] y
  Use the klogctl() interface (FEATURE_KLOGD_KLOGCTL) [Y/n/?] y
logger (6.5 kb) (LOGGER) [Y/n/?] y
logread (5 kb) (LOGREAD) [N/y/?] n
syslogd (14 kb) (SYSLOGD) [Y/n/?] y
  Rotate message files (FEATURE_ROTATE_LOGFILE) [Y/n/?] y
  Remote Log support (FEATURE_REMOTE_LOG) [Y/n/?] y
  Support -D (drop dups) option (FEATURE_SYSLOGD_DUP) [N/y/?] n
  Support syslog.conf (FEATURE_SYSLOGD_CFG) [N/y/?] n
  Include milliseconds in timestamps (FEATURE_SYSLOGD_PRECISE_TIMESTAMPS) [N/y/?] n
  Read buffer size in bytes (FEATURE_SYSLOGD_READ_BUFFER_SIZE) [256] 256
  Circular Buffer support (FEATURE_IPC_SYSLOG) [N/y/?] n
  Linux kernel printk buffer support (FEATURE_KMSG_SYSLOG) [N/y/?] n
make[1]: Leaving directory '/home/charliechen/rk-forge/third_party/buildroot/output/build/busybox-1.38.0'
[7m>>> busybox 1.38.0 Configuring[27m
[7m>>> busybox 1.38.0 Building[27m
GIT_DIR=. PATH="/home/charliechen/rk-forge/third_party/buildroot/output/host/bin:/home/charliechen/rk-forge/third_party/buildroot/output/host/sbin:/opt/arm-gnu-toolchain-15.2.rel1-x86_64-arm-none-linux-gnueabihf/bin:/opt/arm-gnu-toolchain-15.2.rel1-x86_64-arm-none-linux-gnueabihf/bin:/home/charliechen/.pyenv/shims:/home/charliechen/.pyenv/bin:/home/charliechen/.vscode-server/bin/93cfdd489c3b228840d0f86ec77c3636277c93ea/bin/remote-cli:/home/charliechen/.local/bin:/opt/arm-gnu-toolchain-15.2.rel1-x86_64-arm-none-linux-gnueabihf/bin:/home/charliechen/.pyenv/bin:/usr/local/sbin:/usr/local/bin:/usr/sbin:/usr/bin:/sbin:/bin:/usr/games:/usr/local/games:/usr/lib/wsl/lib" CFLAGS="-D_LARGEFILE_SOURCE -D_LARGEFILE64_SOURCE -D_FILE_OFFSET_BITS=64  -O2 -g0 -D_FORTIFY_SOURCE=1" CFLAGS_busybox="" /usr/bin/make -j15 AR="/home/charliechen/rk-forge/third_party/buildroot/output/host/bin/arm-none-linux-gnueabihf-gcc-ar" NM="/home/charliechen/rk-forge/third_party/buildroot/output/host/bin/arm-none-linux-gnueabihf-gcc-nm" RANLIB="/home/charliechen/rk-forge/third_party/buildroot/output/host/bin/arm-none-linux-gnueabihf-gcc-ranlib" CC="/home/charliechen/rk-forge/third_party/buildroot/output/host/bin/arm-none-linux-gnueabihf-gcc" ARCH=arm PREFIX="/home/charliechen/rk-forge/third_party/buildroot/output/target" EXTRA_LDFLAGS="" CROSS_COMPILE="/home/charliechen/rk-forge/third_party/buildroot/output/host/bin/arm-none-linux-gnueabihf-" CONFIG_PREFIX="/home/charliechen/rk-forge/third_party/buildroot/output/target" SKIP_STRIP=y -C /home/charliechen/rk-forge/third_party/buildroot/output/build/busybox-1.38.0
make[1]: Entering directory '/home/charliechen/rk-forge/third_party/buildroot/output/build/busybox-1.38.0'
  HOSTCC  scripts/basic/fixdep
  HOSTCC  scripts/basic/split-include
  HOSTCC  scripts/basic/docproc
  SPLIT   include/autoconf.h -> include/config/*
  GEN     include/bbconfigopts.h
  GEN     include/common_bufsiz.h
  GEN     include/embedded_scripts.h
  HOSTCC  applets/usage
  HOSTCC  applets/applet_tables
applets/usage.c: In function ‘main’:
applets/usage.c:52:17: warning: ignoring return value of ‘write’ declared with attribute ‘warn_unused_result’ [-Wunused-result]
   52 |                 write(STDOUT_FILENO, usage_array[i].usage, strlen(usage_array[i].usage) + 1);
      |                 ^~~~~~~~~~~~~~~~~~~~~~~~~~~~~~~~~~~~~~~~~~~~~~~~~~~~~~~~~~~~~~~~~~~~~~~~~~~~
  GEN     include/usage_compressed.h
  GEN     include/applet_tables.h include/NUM_APPLETS.h
  GEN     include/applet_tables.h include/NUM_APPLETS.h
  HOSTCC  applets/usage_pod
  CC      applets/applets.o
  LD      applets/built-in.o
  DOC     busybox.pod
  DOC     BusyBox.txt
  DOC     busybox.1
  DOC     BusyBox.html
  LD      archival/built-in.o
  CC      archival/ar.o
  CC      archival/bbunzip.o
  CC      archival/chksum_and_xwrite_tar_header.o
  CC      archival/cpio.o
  CC      archival/gzip.o
  CC      archival/lzop.o
  CC      archival/tar.o
  CC      archival/unzip.o
  LD      archival/libarchive/built-in.o
  CC      archival/libarchive/common.o
  CC      archival/libarchive/data_align.o
  LD      console-tools/built-in.o
  LD      coreutils/built-in.o
  CC      coreutils/basename.o
  CC      console-tools/chvt.o
  CC      coreutils/cat.o
  CC      archival/libarchive/data_extract_all.o
  LD      coreutils/libcoreutils/built-in.o
  CC      coreutils/libcoreutils/cp_mv_stat.o
  CC      coreutils/libcoreutils/getopt_mk_fifo_nod.o
  CC      coreutils/chgrp.o
  CC      archival/libarchive/data_extract_to_command.o
  LD      debianutils/built-in.o
  CC      coreutils/chmod.o
  CC      debianutils/pipe_progress.o
  CC      console-tools/clear.o
  CC      console-tools/deallocvt.o
  CC      debianutils/run_parts.o
archival/libarchive/data_extract_all.c: In function ‘data_extract_all’:
archival/libarchive/data_extract_all.c:246:25: warning: ignoring return value of ‘chown’ declared with attribute ‘warn_unused_result’ [-Wunused-result]
  246 |                         chown(dst_name, uid, gid);
      |                         ^~~~~~~~~~~~~~~~~~~~~~~~~
  CC      archival/libarchive/data_extract_to_stdout.o
  AR      coreutils/libcoreutils/lib.a
  CC      debianutils/start_stop_daemon.o
  CC      console-tools/dumpkmap.o
  CC      debianutils/which.o
  CC      archival/libarchive/data_skip.o
  CC      archival/libarchive/decompress_bunzip2.o
  CC      console-tools/loadfont.o
  CC      console-tools/loadkmap.o
  CC      coreutils/chown.o
console-tools/dumpkmap.c: In function ‘dumpkmap_main’:
console-tools/dumpkmap.c:67:9: warning: ignoring return value of ‘write’ declared with attribute ‘warn_unused_result’ [-Wunused-result]
   67 |         write(STDOUT_FILENO, flags, 7 + MAX_NR_KEYMAPS);
      |         ^~~~~~~~~~~~~~~~~~~~~~~~~~~~~~~~~~~~~~~~~~~~~~~
console-tools/dumpkmap.c:79:41: warning: ignoring return value of ‘write’ declared with attribute ‘warn_unused_result’ [-Wunused-result]
   79 |                                         write(STDOUT_FILENO, &ke.kb_value, 2);
      |                                         ^~~~~~~~~~~~~~~~~~~~~~~~~~~~~~~~~~~~~
  CC      archival/libarchive/decompress_gunzip.o
  CC      console-tools/openvt.o
  CC      archival/libarchive/decompress_unlzma.o
  LD      klibc-utils/built-in.o
  CC      klibc-utils/nuke.o
  CC      coreutils/chroot.o
  CC      klibc-utils/resume.o
  CC      console-tools/reset.o
  CC      coreutils/cksum.o
  LD      e2fsprogs/built-in.o
  CC      e2fsprogs/chattr.o
  AR      debianutils/lib.a
  CC      e2fsprogs/e2fs_lib.o
  AR      archival/lib.a
  CC      archival/libarchive/decompress_unxz.o
  CC      coreutils/cp.o
  CC      console-tools/resize.o
  CC      e2fsprogs/fsck.o
  CC      console-tools/setconsole.o
  LD      editors/built-in.o
  AR      klibc-utils/lib.a
  CC      editors/awk.o
  CC      editors/cmp.o
  CC      archival/libarchive/filter_accept_all.o
  CC      console-tools/setkeycodes.o
console-tools/resize.c: In function ‘resize_main’:
console-tools/resize.c:100:9: warning: ignoring return value of ‘scanf’ declared with attribute ‘warn_unused_result’ [-Wunused-result]
  100 |         scanf(ESC"[%hu;%huR", &w.ws_row, &w.ws_col);
      |         ^~~~~~~~~~~~~~~~~~~~~~~~~~~~~~~~~~~~~~~~~~~
  CC      editors/diff.o
  LD      findutils/built-in.o
  CC      findutils/find.o
  CC      console-tools/setlogcons.o
  CC      coreutils/cut.o
  CC      findutils/grep.o
  CC      editors/patch.o
  CC      editors/sed.o
  CC      findutils/xargs.o
  CC      e2fsprogs/lsattr.o
  CC      editors/vi.o
  LD      init/built-in.o
  AR      console-tools/lib.a
  CC      init/halt.o
  CC      coreutils/date.o
  CC      coreutils/dd.o
editors/sed.c: In function ‘sed_main’:
editors/sed.c:1647:25: warning: ignoring return value of ‘fchown’ declared with attribute ‘warn_unused_result’ [-Wunused-result]
 1647 |                         fchown(nonstdoutfd, statbuf.st_uid, statbuf.st_gid);
      |                         ^~~~~~~~~~~~~~~~~~~~~~~~~~~~~~~~~~~~~~~~~~~~~~~~~~~
  CC      archival/libarchive/filter_accept_list.o
editors/vi.c: In function ‘file_write’:
editors/vi.c:2376:9: warning: ignoring return value of ‘ftruncate’ declared with attribute ‘warn_unused_result’ [-Wunused-result]
 2376 |         ftruncate(fd, charcnt);
      |         ^~~~~~~~~~~~~~~~~~~~~~
  CC      init/init.o
  CC      coreutils/df.o
  CC      archival/libarchive/filter_accept_reject_list.o
  CC      coreutils/dirname.o
  CC      archival/libarchive/find_list_entry.o
  CC      coreutils/dos2unix.o
  CC      archival/libarchive/get_header_ar.o
  AR      e2fsprogs/lib.a
  LD      libbb/built-in.o
  CC      libbb/alloc_affinity.o
  CC      coreutils/du.o
  AR      findutils/lib.a
  CC      coreutils/echo.o
  CC      archival/libarchive/get_header_cpio.o
coreutils/dos2unix.c: In function ‘convert’:
coreutils/dos2unix.c:83:17: warning: ignoring return value of ‘fchown’ declared with attribute ‘warn_unused_result’ [-Wunused-result]
   83 |                 fchown(fd, st.st_uid, st.st_gid);
      |                 ^~~~~~~~~~~~~~~~~~~~~~~~~~~~~~~~
  CC      archival/libarchive/get_header_tar.o
  CC      coreutils/env.o
  CC      archival/libarchive/header_list.o
  CC      libbb/appletlib.o
  CC      coreutils/expr.o
  CC      libbb/ask_confirmation.o
  LD      libbb/yescrypt/built-in.o
  CC      libbb/yescrypt/y.o
  CC      libbb/auto_string.o
  CC      libbb/bb_askpass.o
  CC      coreutils/factor.o
  CC      coreutils/false.o
libbb/appletlib.c: In function ‘check_suid’:
libbb/appletlib.c:641:17: warning: ignoring return value of ‘setgid’ declared with attribute ‘warn_unused_result’ [-Wunused-result]
  641 |                 setgid(rgid);
      |                 ^~~~~~~~~~~~
libbb/appletlib.c:642:17: warning: ignoring return value of ‘setuid’ declared with attribute ‘warn_unused_result’ [-Wunused-result]
  642 |                 setuid(ruid);
      |                 ^~~~~~~~~~~~
  CC      coreutils/fold.o
  CC      coreutils/head.o
  CC      libbb/bb_bswap_64.o
  AR      editors/lib.a
  CC      archival/libarchive/header_skip.o
  CC      libbb/bb_cat.o
  AR      libbb/yescrypt/lib.a
  CC      archival/libarchive/header_verbose_list.o
  CC      archival/libarchive/init_handle.o
  CC      libbb/bb_do_delay.o
  CC      coreutils/hostid.o
  CC      coreutils/id.o
  CC      archival/libarchive/lzo1x_1.o
  CC      libbb/bb_get_servname_by_port.o
  CC      coreutils/install.o
  CC      coreutils/link.o
  CC      archival/libarchive/lzo1x_1o.o
  LD      libpwdgrp/built-in.o
  CC      libpwdgrp/uidgid_get.o
  AR      libpwdgrp/lib.a
  CC      archival/libarchive/lzo1x_d.o
  CC      libbb/bb_get_servport_by_name.o
  CC      archival/libarchive/open_transformer.o
  LD      loginutils/built-in.o
  CC      loginutils/addgroup.o
  CC      archival/libarchive/seek_by_jump.o
  CC      loginutils/adduser.o
  CC      loginutils/cryptpw.o
  CC      archival/libarchive/seek_by_read.o
  CC      archival/libarchive/unpack_ar_archive.o
  CC      coreutils/ln.o
  CC      libbb/bb_getgroups.o
  CC      archival/libarchive/unsafe_prefix.o
  CC      loginutils/deluser.o
  CC      coreutils/logname.o
  CC      libbb/bb_getsockname.o
  CC      archival/libarchive/unsafe_symlink_target.o
  CC      loginutils/getty.o
  CC      coreutils/ls.o
  LD      mailutils/built-in.o
  AR      mailutils/lib.a
  CC      coreutils/md5_sha1_sum.o
loginutils/getty.c: In function ‘open_tty’:
loginutils/getty.c:224:17: warning: ignoring return value of ‘fchown’ declared with attribute ‘warn_unused_result’ [-Wunused-result]
  224 |                 fchown(0, 0, 0);        /* 0:0 */
      |                 ^~~~~~~~~~~~~~~
  CC      coreutils/mkdir.o
  CC      coreutils/mkfifo.o
  CC      loginutils/login.o
  CC      coreutils/mknod.o
  CC      loginutils/passwd.o
  CC      libbb/bb_pwd.o
  AR      archival/libarchive/lib.a
  CC      loginutils/su.o
  CC      libbb/bb_qsort.o
  CC      coreutils/mktemp.o
  CC      loginutils/sulogin.o
  CC      loginutils/vlock.o
  LD      miscutils/built-in.o
  CC      coreutils/mv.o
  CC      miscutils/ascii.o
loginutils/sulogin.c: In function ‘sulogin_main’:
loginutils/sulogin.c:55:17: warning: ignoring return value of ‘dup’ declared with attribute ‘warn_unused_result’ [-Wunused-result]
   55 |                 dup(xopen(argv[0], O_RDWR));
      |                 ^~~~~~~~~~~~~~~~~~~~~~~~~~~
loginutils/sulogin.c:57:17: warning: ignoring return value of ‘dup’ declared with attribute ‘warn_unused_result’ [-Wunused-result]
   57 |                 dup(0);
      |                 ^~~~~~
loginutils/login.c: In function ‘login_main’:
loginutils/login.c:558:9: warning: ignoring return value of ‘fchown’ declared with attribute ‘warn_unused_result’ [-Wunused-result]
  558 |         fchown(0, pw->pw_uid, pw->pw_gid);
      |         ^~~~~~~~~~~~~~~~~~~~~~~~~~~~~~~~~
  CC      miscutils/bc.o
  CC      libbb/bb_strtonum.o
  CC      coreutils/nice.o
  CC      miscutils/crond.o
  CC      libbb/bitops.o
  CC      coreutils/nl.o
  CC      miscutils/crontab.o
  CC      libbb/c_escape.o
  LD      modutils/built-in.o
  CC      modutils/insmod.o
  CC      coreutils/nohup.o
  LD      networking/built-in.o
  CC      networking/arp.o
  CC      networking/arping.o
  CC      miscutils/devmem.o
  AR      loginutils/lib.a
  CC      libbb/capability.o
miscutils/crontab.c: In function ‘crontab_main’:
miscutils/crontab.c:161:17: warning: ignoring return value of ‘fchown’ declared with attribute ‘warn_unused_result’ [-Wunused-result]
  161 |                 fchown(src_fd, pas->pw_uid, pas->pw_gid);
      |                 ^~~~~~~~~~~~~~~~~~~~~~~~~~~~~~~~~~~~~~~~
  CC      modutils/lsmod.o
  CC      miscutils/getfattr.o
  CC      networking/dnsd.o
  LD      networking/libiproute/built-in.o
  CC      libbb/change_identity.o
  CC      networking/libiproute/ip_parse_common_args.o
  CC      modutils/modprobe.o
  CC      networking/libiproute/ipaddress.o
  CC      coreutils/nproc.o
In file included from networking/arp.c:43:
networking/arp.c: In function ‘arp_show’:
include/libbb.h:236:28: warning: ignoring return value of ‘fgets_unlocked’ declared with attribute ‘warn_unused_result’ [-Wunused-result]
  236 | # define fgets(s,n,stream) fgets_unlocked(s,n,stream)
      |                            ^~~~~~~~~~~~~~~~~~~~~~~~~~
networking/arp.c:430:9: note: in expansion of macro ‘fgets’
  430 |         fgets(line, sizeof(line), fp);
      |         ^~~~~
  CC      coreutils/od.o
  CC      coreutils/paste.o
  AR      init/lib.a
  CC      modutils/modutils.o
  CC      libbb/chomp.o
  CC      modutils/rmmod.o
  CC      networking/libiproute/iplink.o
  CC      coreutils/printenv.o
  CC      networking/ether-wake.o
  CC      networking/libiproute/ipneigh.o
  LD      networking/udhcp/built-in.o
  CC      libbb/common_bufsiz.o
  CC      networking/udhcp/arpping.o
  CC      networking/hostname.o
  CC      networking/udhcp/common.o
  CC      miscutils/hdparm.o
  CC      networking/libiproute/iproute.o
  CC      libbb/compare_string_array.o
  LD      printutils/built-in.o
  AR      printutils/lib.a
modutils/modutils.c: In function ‘filename2modname’:
modutils/modutils.c:109:1: warning: function may return address of local variable [-Wreturn-local-addr]
  109 | }
      | ^
modutils/modutils.c:88:14: note: declared here
   88 |         char local_modname[MODULE_NAME_LEN];
      |              ^~~~~~~~~~~~~
  CC      networking/udhcp/dhcpc.o
  CC      networking/udhcp/domain_codec.o
  CC      libbb/concat_path_file.o
  CC      miscutils/hexedit.o
  AR      modutils/lib.a
  CC      networking/udhcp/packet.o
  CC      networking/ifconfig.o
  CC      networking/udhcp/signalpipe.o
  CC      miscutils/i2c_tools.o
  CC      coreutils/printf.o
  LD      procps/built-in.o
  CC      procps/free.o
  CC      procps/fuser.o
networking/udhcp/dhcpc.c: In function ‘udhcpc_main’:
networking/udhcp/dhcpc.c:1655:48: warning: variable ‘temp_addr’ set but not used [-Wunused-but-set-variable]
 1655 |                                 struct in_addr temp_addr;
      |                                                ^~~~~~~~~
  CC      libbb/concat_subpath_file.o
  CC      networking/ifupdown.o
  CC      miscutils/less.o
  CC      coreutils/pwd.o
  CC      networking/inetd.o
  LD      runit/built-in.o
  CC      runit/sv.o
  CC      libbb/const_hack.o
  CC      procps/kill.o
  CC      networking/udhcp/socket.o
  CC      networking/libiproute/iprule.o
  CC      networking/interface.o
miscutils/i2c_tools.c: In function ‘list_i2c_busses_and_exit’:
miscutils/i2c_tools.c:1152:46: warning: ‘%s’ directive output may be truncated writing up to 255 bytes into a region of size 236 [-Wformat-truncation=]
 1152 |                 snprintf(path, NAME_MAX, "%s/%s/name",
      |                                              ^~
In file included from /home/charliechen/rk-forge/third_party/buildroot/output/host/arm-buildroot-linux-gnueabihf/sysroot/usr/include/stdio.h:970,
                 from include/libbb.h:31,
                 from miscutils/i2c_tools.c:66:
In function ‘snprintf’,
    inlined from ‘list_i2c_busses_and_exit’ at miscutils/i2c_tools.c:1152:3:
/home/charliechen/rk-forge/third_party/buildroot/output/host/arm-buildroot-linux-gnueabihf/sysroot/usr/include/bits/stdio2.h:68:10: note: ‘__builtin_snprintf’ output between 25 and 280 bytes into a destination of size 255
   68 |   return __builtin___snprintf_chk (__s, __n, __USE_FORTIFY_LEVEL - 1,
      |          ^~~~~~~~~~~~~~~~~~~~~~~~~~~~~~~~~~~~~~~~~~~~~~~~~~~~~~~~~~~~
   69 |                                    __glibc_objsize (__s), __fmt,
      |                                    ~~~~~~~~~~~~~~~~~~~~~~~~~~~~~
   70 |                                    __va_arg_pack ());
      |                                    ~~~~~~~~~~~~~~~~~
miscutils/i2c_tools.c: In function ‘list_i2c_busses_and_exit’:
miscutils/i2c_tools.c:1157:38: warning: ‘%s’ directive output may be truncated writing up to 255 bytes into a region of size 236 [-Wformat-truncation=]
 1157 |                                  "%s/%s/device/name",
      |                                      ^~
In function ‘snprintf’,
    inlined from ‘list_i2c_busses_and_exit’ at miscutils/i2c_tools.c:1156:4:
/home/charliechen/rk-forge/third_party/buildroot/output/host/arm-buildroot-linux-gnueabihf/sysroot/usr/include/bits/stdio2.h:68:10: note: ‘__builtin_snprintf’ output between 32 and 287 bytes into a destination of size 255
   68 |   return __builtin___snprintf_chk (__s, __n, __USE_FORTIFY_LEVEL - 1,
      |          ^~~~~~~~~~~~~~~~~~~~~~~~~~~~~~~~~~~~~~~~~~~~~~~~~~~~~~~~~~~~
   69 |                                    __glibc_objsize (__s), __fmt,
      |                                    ~~~~~~~~~~~~~~~~~~~~~~~~~~~~~
   70 |                                    __va_arg_pack ());
      |                                    ~~~~~~~~~~~~~~~~~
miscutils/i2c_tools.c: In function ‘list_i2c_busses_and_exit’:
miscutils/i2c_tools.c:1165:38: warning: ‘%s’ directive output may be truncated writing up to 255 bytes into a region of size 236 [-Wformat-truncation=]
 1165 |                                  "%s/%s/device/name",
      |                                      ^~
In function ‘snprintf’,
    inlined from ‘list_i2c_busses_and_exit’ at miscutils/i2c_tools.c:1164:4:
/home/charliechen/rk-forge/third_party/buildroot/output/host/arm-buildroot-linux-gnueabihf/sysroot/usr/include/bits/stdio2.h:68:10: note: ‘__builtin_snprintf’ output between 32 and 287 bytes into a destination of size 255
   68 |   return __builtin___snprintf_chk (__s, __n, __USE_FORTIFY_LEVEL - 1,
      |          ^~~~~~~~~~~~~~~~~~~~~~~~~~~~~~~~~~~~~~~~~~~~~~~~~~~~~~~~~~~~
   69 |                                    __glibc_objsize (__s), __fmt,
      |                                    ~~~~~~~~~~~~~~~~~~~~~~~~~~~~~
   70 |                                    __va_arg_pack ());
      |                                    ~~~~~~~~~~~~~~~~~
miscutils/i2c_tools.c: In function ‘list_i2c_busses_and_exit’:
miscutils/i2c_tools.c:1177:54: warning: ‘%s’ directive output may be truncated writing up to 255 bytes into a region of size 236 [-Wformat-truncation=]
 1177 |                                                  "%s/%s/device/%s/name",
      |                                                      ^~
In function ‘snprintf’,
    inlined from ‘list_i2c_busses_and_exit’ at miscutils/i2c_tools.c:1176:6:
/home/charliechen/rk-forge/third_party/buildroot/output/host/arm-buildroot-linux-gnueabihf/sysroot/usr/include/bits/stdio2.h:68:10: note: ‘__builtin_snprintf’ output between 33 and 543 bytes into a destination of size 255
   68 |   return __builtin___snprintf_chk (__s, __n, __USE_FORTIFY_LEVEL - 1,
      |          ^~~~~~~~~~~~~~~~~~~~~~~~~~~~~~~~~~~~~~~~~~~~~~~~~~~~~~~~~~~~
   69 |                                    __glibc_objsize (__s), __fmt,
      |                                    ~~~~~~~~~~~~~~~~~~~~~~~~~~~~~
   70 |                                    __va_arg_pack ());
      |                                    ~~~~~~~~~~~~~~~~~
  CC      miscutils/lsscsi.o
  CC      coreutils/readlink.o
miscutils/less.c: In function ‘read_lines’:
miscutils/less.c:644:17: warning: ‘fdflags’ may be used uninitialized [-Wmaybe-uninitialized]
  644 |                 fcntl(STDIN_FILENO, F_SETFL, fdflags);
      |                 ^~~~~~~~~~~~~~~~~~~~~~~~~~~~~~~~~~~~~
miscutils/less.c:472:33: note: ‘fdflags’ was declared here
  472 |         int ndelay_set, eagain, fdflags;
      |                                 ^~~~~~~
  CC      libbb/copy_file.o
In file included from networking/interface.c:33:
networking/interface.c: In function ‘if_readlist_proc’:
include/libbb.h:236:28: warning: ignoring return value of ‘fgets_unlocked’ declared with attribute ‘warn_unused_result’ [-Wunused-result]
  236 | # define fgets(s,n,stream) fgets_unlocked(s,n,stream)
      |                            ^~~~~~~~~~~~~~~~~~~~~~~~~~
networking/interface.c:554:9: note: in expansion of macro ‘fgets’
  554 |         fgets(buf, sizeof buf, fh);     /* eat line */
      |         ^~~~~
include/libbb.h:236:28: warning: ignoring return value of ‘fgets_unlocked’ declared with attribute ‘warn_unused_result’ [-Wunused-result]
  236 | # define fgets(s,n,stream) fgets_unlocked(s,n,stream)
      |                            ^~~~~~~~~~~~~~~~~~~~~~~~~~
networking/interface.c:555:9: note: in expansion of macro ‘fgets’
  555 |         fgets(buf, sizeof buf, fh);
      |         ^~~~~
  CC      coreutils/realpath.o
  CC      procps/lsof.o
  AR      networking/udhcp/lib.a
  CC      coreutils/rm.o
  CC      networking/libiproute/iptunnel.o
  CC      miscutils/makedevs.o
  CC      coreutils/rmdir.o
  CC      networking/libiproute/libnetlink.o
  CC      networking/ip.o
  CC      procps/pidof.o
  CC      networking/nameif.o
  LD      selinux/built-in.o
  AR      selinux/lib.a
In file included from networking/libiproute/ip_common.h:5,
                 from networking/libiproute/iptunnel.c:64:
networking/libiproute/iptunnel.c: In function ‘do_tunnels_list’:
include/libbb.h:236:28: warning: ignoring return value of ‘fgets_unlocked’ declared with attribute ‘warn_unused_result’ [-Wunused-result]
  236 | # define fgets(s,n,stream) fgets_unlocked(s,n,stream)
      |                            ^~~~~~~~~~~~~~~~~~~~~~~~~~
networking/libiproute/iptunnel.c:477:9: note: in expansion of macro ‘fgets’
  477 |         fgets(buf, sizeof(buf), fp);
      |         ^~~~~
include/libbb.h:236:28: warning: ignoring return value of ‘fgets_unlocked’ declared with attribute ‘warn_unused_result’ [-Wunused-result]
  236 | # define fgets(s,n,stream) fgets_unlocked(s,n,stream)
      |                            ^~~~~~~~~~~~~~~~~~~~~~~~~~
networking/libiproute/iptunnel.c:478:9: note: in expansion of macro ‘fgets’
  478 |         fgets(buf, sizeof(buf), fp);
      |         ^~~~~
  CC      coreutils/seq.o
  CC      networking/libiproute/ll_addr.o
  AR      runit/lib.a
  CC      miscutils/microcom.o
  CC      procps/ps.o
  CC      libbb/copyfd.o
  CC      networking/netstat.o
  CC      procps/sysctl.o
  CC      libbb/correct_password.o
  CC      libbb/crc32.o
miscutils/microcom.c: In function ‘microcom_main’:
miscutils/microcom.c:160:25: warning: ignoring return value of ‘write’ declared with attribute ‘warn_unused_result’ [-Wunused-result]
  160 |                         write(sfd, &c, 1);
      |                         ^~~~~~~~~~~~~~~~~
  CC      coreutils/shred.o
  CC      miscutils/mt.o
  CC      miscutils/partprobe.o
  CC      libbb/default_error_retval.o
  CC      procps/top.o
  LD      shell/built-in.o
  CC      coreutils/sleep.o
  CC      shell/ash.o
coreutils/shred.c: In function ‘shred_main’:
coreutils/shred.c:104:25: warning: ignoring return value of ‘ftruncate’ declared with attribute ‘warn_unused_result’ [-Wunused-result]
  104 |                         ftruncate(fd, 0);
      |                         ^~~~~~~~~~~~~~~~
  CC      coreutils/sort.o
  CC      shell/ash_ptr_hack.o
  CC      networking/libiproute/ll_map.o
  CC      coreutils/stty.o
  CC      coreutils/sync.o
  CC      networking/nslookup.o
  CC      libbb/device_open.o
  CC      coreutils/tail.o
procps/top.c: In function ‘display_cpus’:
procps/top.c:483:13: warning: variable ‘i’ set but not used [-Wunused-but-set-variable]
  483 |         int i;
      |             ^
procps/top.c: In function ‘handle_input’:
procps/top.c:994:28: warning: variable ‘cc’ set but not used [-Wunused-but-set-variable]
  994 |                 int32_t c, cc;
      |                            ^~
  CC      networking/parse_pasv_epsv.o
  CC      shell/math.o
  CC      networking/libiproute/ll_proto.o
  CC      libbb/dump.o
  CC      networking/ping.o
networking/nslookup.c: In function ‘send_queries’:
networking/nslookup.c:999:33: warning: ignoring return value of ‘write’ declared with attribute ‘warn_unused_result’ [-Wunused-result]
  999 |                                 write(pfd.fd, G.query[qn].query, G.query[qn].qlen);
      |                                 ^~~~~~~~~~~~~~~~~~~~~~~~~~~~~~~~~~~~~~~~~~~~~~~~~~
  LD      sysklogd/built-in.o
  CC      networking/libiproute/ll_types.o
  CC      libbb/duration.o
  CC      sysklogd/klogd.o
shell/ash.c: In function ‘preadfd’:
shell/ash.c:11390:25: warning: ignoring return value of ‘write’ declared with attribute ‘warn_unused_result’ [-Wunused-result]
11390 |                         write(STDOUT_FILENO, "^C\n", 3);
      |                         ^~~~~~~~~~~~~~~~~~~~~~~~~~~~~~~
shell/ash.c:11394:25: warning: ignoring return value of ‘write’ declared with attribute ‘warn_unused_result’ [-Wunused-result]
11394 |                         write(STDOUT_FILENO, "^C\n", 3);
      |                         ^~~~~~~~~~~~~~~~~~~~~~~~~~~~~~~
shell/ash.c:11416:41: warning: ignoring return value of ‘write’ declared with attribute ‘warn_unused_result’ [-Wunused-result]
11416 |                                         write(STDOUT_FILENO, "\n", 1);
      |                                         ^~~~~~~~~~~~~~~~~~~~~~~~~~~~~
  CC      coreutils/tee.o
  CC      miscutils/runlevel.o
  CC      procps/uptime.o
  CC      networking/route.o
  CC      procps/vmstat.o
  LD      util-linux/built-in.o
  CC      util-linux/blkid.o
  CC      libbb/endofname.o
  CC      sysklogd/syslogd_and_logger.o
  CC      networking/ssl_server.o
  CC      util-linux/chrt.o
  CC      coreutils/test.o
  CC      miscutils/seedrng.o
  CC      miscutils/setfattr.o
  CC      networking/libiproute/rt_names.o
  CC      networking/libiproute/rtm_map.o
  LD      util-linux/volume_id/built-in.o
  CC      util-linux/volume_id/erofs.o
  CC      shell/random.o
  CC      util-linux/volume_id/exfat.o
  CC      libbb/executable.o
  CC      coreutils/test_ptr_hack.o
  CC      util-linux/volume_id/ext.o
  CC      util-linux/dmesg.o
  CC      networking/libiproute/utils.o
  CC      networking/telnet.o
  CC      shell/shell_common.o
  CC      miscutils/setserial.o
  CC      util-linux/eject.o
  CC      procps/watch.o
  CC      networking/tftp.o
  AR      sysklogd/lib.a
  CC      coreutils/touch.o
  CC      networking/tls.o
  CC      networking/tls_aes.o
  CC      util-linux/volume_id/f2fs.o
  CC      libbb/fclose_nonstdin.o
  CC      networking/tls_aesgcm.o
procps/watch.c: In function ‘watch_main’:
procps/watch.c:125:25: warning: ignoring return value of ‘system’ declared with attribute ‘warn_unused_result’ [-Wunused-result]
  125 |                         system(cmd);
      |                         ^~~~~~~~~~~
  CC      networking/tls_fe.o
  AR      procps/lib.a
  CC      coreutils/tr.o
  AR      networking/libiproute/lib.a
  CC      util-linux/volume_id/fat.o
  CC      util-linux/fallocate.o
  CC      networking/tls_pstm.o
  CC      util-linux/volume_id/get_devname.o
  CC      libbb/fflush_stdout_and_exit.o
  CC      miscutils/strings.o
  CC      coreutils/true.o
  CC      libbb/fgets_str.o
  CC      util-linux/fbset.o
  CC      coreutils/truncate.o
  CC      coreutils/tsort.o
  CC      libbb/find_mount_point.o
  CC      util-linux/fdformat.o
  CC      networking/tls_pstm_montgomery_reduce.o
  CC      util-linux/volume_id/minix.o
  CC      coreutils/tty.o
  CC      networking/tls_pstm_mul_comba.o
  CC      coreutils/uname.o
  CC      miscutils/time.o
  CC      networking/tls_pstm_sqr_comba.o
  CC      networking/tls_rsa.o
  CC      libbb/find_pid_by_name.o
  CC      networking/tls_sp_c32.o
  CC      networking/traceroute.o
  CC      util-linux/fdisk.o
  CC      util-linux/volume_id/ubifs.o
  CC      coreutils/uniq.o
  CC      libbb/find_root_device.o
  CC      miscutils/tree.o
  CC      util-linux/flock.o
  CC      miscutils/ts.o
  CC      libbb/full_write.o
  CC      util-linux/volume_id/util.o
  CC      util-linux/volume_id/volume_id.o
  CC      coreutils/unlink.o
  CC      util-linux/freeramdisk.o
  CC      networking/vconfig.o
  CC      networking/wget.o
  CC      coreutils/usleep.o
  CC      util-linux/fsfreeze.o
  CC      libbb/get_console.o
  CC      miscutils/ubirename.o
  CC      miscutils/watchdog.o
  CC      util-linux/fstrim.o
  CC      libbb/get_last_path_component.o
  CC      coreutils/uudecode.o
  AR      util-linux/volume_id/lib.a
  CC      libbb/get_line_from_file.o
networking/wget.c: In function ‘retrieve_file_data’:
networking/wget.c:1094:33: warning: ignoring return value of ‘ftruncate’ declared with attribute ‘warn_unused_result’ [-Wunused-result]
 1094 |                                 ftruncate(G.output_fd, pos);
      |                                 ^~~~~~~~~~~~~~~~~~~~~~~~~~~
  CC      coreutils/uuencode.o
  CC      util-linux/getopt.o
  CC      libbb/get_shell_name.o
  CC      util-linux/hexdump.o
  CC      coreutils/wc.o
  CC      coreutils/who.o
miscutils/watchdog.c: In function ‘watchdog_main’:
miscutils/watchdog.c:161:17: warning: ignoring return value of ‘write’ declared with attribute ‘warn_unused_result’ [-Wunused-result]
  161 |                 write(3, "", 1); /* write zero byte */
      |                 ^~~~~~~~~~~~~~~
miscutils/watchdog.c: In function ‘shutdown_watchdog’:
miscutils/watchdog.c:71:9: warning: ignoring return value of ‘write’ declared with attribute ‘warn_unused_result’ [-Wunused-result]
   71 |         write(3, &V, 1);  /* Magic, see watchdog-api.txt in kernel */
      |         ^~~~~~~~~~~~~~~
  CC      coreutils/whoami.o
  CC      coreutils/yes.o
  CC      util-linux/hexdump_xxd.o
  CC      util-linux/hwclock.o
  CC      libbb/get_volsize.o
  AR      miscutils/lib.a
  CC      util-linux/ipcrm.o
  CC      util-linux/ipcs.o
  CC      libbb/getopt32.o
  CC      libbb/getopt_allopts.o
  CC      util-linux/losetup.o
  CC      util-linux/last.o
  CC      libbb/getpty.o
  CC      libbb/hash_hmac.o
  AR      networking/lib.a
  AR      coreutils/lib.a
  CC      libbb/hash_md5_sha.o
  AS      libbb/hash_sha1_hwaccel_x86-32.o
  AS      libbb/hash_sha1_hwaccel_x86-64.o
  AS      libbb/hash_sha1_x86-64.o
  CC      util-linux/lsblk.o
  AS      libbb/hash_sha256_hwaccel_x86-32.o
  CC      util-linux/lspci.o
  CC      libbb/hash_sha256_block.o
  AS      libbb/hash_sha256_hwaccel_x86-64.o
  CC      util-linux/lsusb.o
  CC      libbb/herror_msg.o
  CC      libbb/human_readable.o
  CC      util-linux/mdev.o
  CC      libbb/in_ether.o
  CC      libbb/inet_cksum.o
  CC      util-linux/mesg.o
  CC      libbb/inet_common.o
  CC      libbb/inode_hash.o
  CC      util-linux/mkfs_ext2.o
  CC      libbb/ioloop.o
util-linux/mdev.c: In function ‘make_device’:
util-linux/mdev.c:787:33: warning: ignoring return value of ‘chown’ declared with attribute ‘warn_unused_result’ [-Wunused-result]
  787 |                                 chown(node_name, rule->ugid.uid, rule->ugid.gid);
      |                                 ^~~~~~~~~~~~~~~~~~~~~~~~~~~~~~~~~~~~~~~~~~~~~~~~
util-linux/mdev.c:790:33: warning: ignoring return value of ‘symlink’ declared with attribute ‘warn_unused_result’ [-Wunused-result]
  790 |                                 symlink(node_name, "root");
      |                                 ^~~~~~~~~~~~~~~~~~~~~~~~~~
util-linux/mdev.c:797:41: warning: ignoring return value of ‘symlink’ declared with attribute ‘warn_unused_result’ [-Wunused-result]
  797 |                                         symlink(node_name, device_name);
      |                                         ^~~~~~~~~~~~~~~~~~~~~~~~~~~~~~~
  CC      libbb/isdirectory.o
  CC      libbb/isqrt.o
  CC      util-linux/mkfs_vfat.o
  CC      libbb/iterate_on_dir.o
  CC      libbb/kernel_version.o
  CC      util-linux/mkswap.o
  CC      libbb/last_char_is.o
  CC      libbb/lineedit.o
  CC      util-linux/more.o
  CC      libbb/lineedit_ptr_hack.o
  CC      util-linux/mount.o
  CC      util-linux/mountpoint.o
  CC      libbb/llist.o
  CC      libbb/login.o
  CC      libbb/loop.o
  CC      libbb/make_directory.o
  CC      util-linux/pivot_root.o
  CC      util-linux/rdate.o
  CC      util-linux/readprofile.o
  CC      libbb/makedev.o
  CC      libbb/match_fstype.o
  CC      util-linux/renice.o
  CC      util-linux/setarch.o
  CC      libbb/messages.o
  CC      util-linux/setpriv.o
  CC      util-linux/setsid.o
  CC      util-linux/swaponoff.o
  CC      libbb/missing_syscalls.o
  CC      util-linux/switch_root.o
  CC      util-linux/uevent.o
  CC      libbb/mode_string.o
  CC      libbb/nuke_str.o
  CC      util-linux/umount.o
  CC      libbb/obscure.o
  CC      util-linux/uuidgen.o
  CC      libbb/parse_config.o
  CC      libbb/parse_mode.o
  CC      libbb/percent_decode.o
  CC      libbb/perror_msg.o
  CC      libbb/perror_nomsg.o
  CC      libbb/perror_nomsg_and_die.o
  CC      libbb/pidfile.o
  CC      libbb/platform.o
  CC      libbb/poll_with_signals.o
  CC      libbb/popcnt.o
  CC      libbb/print_flags.o
  CC      libbb/print_numbered_lines.o
  AR      util-linux/lib.a
  CC      libbb/printable.o
  CC      libbb/printable_string.o
  CC      libbb/process_escape_sequence.o
  CC      libbb/procps.o
  CC      libbb/progress.o
  CC      libbb/ptr_to_globals.o
  CC      libbb/pw_encrypt.o
  CC      libbb/read.o
  CC      libbb/read_key.o
  CC      libbb/read_printf.o
  CC      libbb/recursive_action.o
  CC      libbb/remove_file.o
  CC      libbb/replace.o
  CC      libbb/rtc.o
  CC      libbb/run_shell.o
  CC      libbb/safe_gethostname.o
  CC      libbb/safe_poll.o
  CC      libbb/safe_strncpy.o
  CC      libbb/safe_write.o
  CC      libbb/securetty.o
  CC      libbb/setup_environment.o
  CC      libbb/signals.o
  CC      libbb/simplify_path.o
  CC      libbb/single_argv.o
  CC      libbb/skip_whitespace.o
  CC      libbb/speed_table.o
  CC      libbb/strrstr.o
  CC      libbb/str_tolower.o
  CC      libbb/sysconf.o
  CC      libbb/time.o
  CC      libbb/trim.o
  CC      libbb/u_signal_names.o
  CC      libbb/ubi.o
  CC      libbb/udp_io.o
  CC      libbb/update_passwd.o
  CC      libbb/utmp.o
  CC      libbb/uuencode.o
  AR      shell/lib.a
  CC      libbb/verror_msg.o
  CC      libbb/vfork_daemon_rexec.o
  CC      libbb/warn_ignoring_args.o
  CC      libbb/wfopen.o
  CC      libbb/wfopen_input.o
  CC      libbb/write.o
  CC      libbb/xatonum.o
  CC      libbb/xconnect.o
  CC      libbb/xfunc_die.o
libbb/update_passwd.c: In function ‘update_passwd’:
libbb/update_passwd.c:153:17: warning: ignoring return value of ‘fchown’ declared with attribute ‘warn_unused_result’ [-Wunused-result]
  153 |                 fchown(new_fd, sb.st_uid, sb.st_gid);
      |                 ^~~~~~~~~~~~~~~~~~~~~~~~~~~~~~~~~~~~
  CC      libbb/xfuncs.o
  CC      libbb/xfuncs_printf.o
  CC      libbb/xgetcwd.o
  CC      libbb/xgethostbyname.o
  CC      libbb/xreadlink.o
  CC      libbb/xrealloc_vector.o
  CC      libbb/xregcomp.o
  AR      libbb/lib.a
  LINK    busybox_unstripped
Trying libraries: m resolv rt
 Library m is not needed, excluding it
 Library resolv is needed, can't exclude it (yet)
 Library rt is not needed, excluding it
 Library resolv is needed, can't exclude it (yet)
Final link with: resolv
make[1]: Leaving directory '/home/charliechen/rk-forge/third_party/buildroot/output/build/busybox-1.38.0'
[7m>>> busybox 1.38.0 Installing to target[27m
# Use the 'noclobber' install rule, to prevent BusyBox from overwriting
# any full-blown versions of apps installed by other packages.
GIT_DIR=. PATH="/home/charliechen/rk-forge/third_party/buildroot/output/host/bin:/home/charliechen/rk-forge/third_party/buildroot/output/host/sbin:/opt/arm-gnu-toolchain-15.2.rel1-x86_64-arm-none-linux-gnueabihf/bin:/opt/arm-gnu-toolchain-15.2.rel1-x86_64-arm-none-linux-gnueabihf/bin:/home/charliechen/.pyenv/shims:/home/charliechen/.pyenv/bin:/home/charliechen/.vscode-server/bin/93cfdd489c3b228840d0f86ec77c3636277c93ea/bin/remote-cli:/home/charliechen/.local/bin:/opt/arm-gnu-toolchain-15.2.rel1-x86_64-arm-none-linux-gnueabihf/bin:/home/charliechen/.pyenv/bin:/usr/local/sbin:/usr/local/bin:/usr/sbin:/usr/bin:/sbin:/bin:/usr/games:/usr/local/games:/usr/lib/wsl/lib" CFLAGS="-D_LARGEFILE_SOURCE -D_LARGEFILE64_SOURCE -D_FILE_OFFSET_BITS=64  -O2 -g0 -D_FORTIFY_SOURCE=1" CFLAGS_busybox="" /usr/bin/make -j15 AR="/home/charliechen/rk-forge/third_party/buildroot/output/host/bin/arm-none-linux-gnueabihf-gcc-ar" NM="/home/charliechen/rk-forge/third_party/buildroot/output/host/bin/arm-none-linux-gnueabihf-gcc-nm" RANLIB="/home/charliechen/rk-forge/third_party/buildroot/output/host/bin/arm-none-linux-gnueabihf-gcc-ranlib" CC="/home/charliechen/rk-forge/third_party/buildroot/output/host/bin/arm-none-linux-gnueabihf-gcc" ARCH=arm PREFIX="/home/charliechen/rk-forge/third_party/buildroot/output/target" EXTRA_LDFLAGS="" CROSS_COMPILE="/home/charliechen/rk-forge/third_party/buildroot/output/host/bin/arm-none-linux-gnueabihf-" CONFIG_PREFIX="/home/charliechen/rk-forge/third_party/buildroot/output/target" SKIP_STRIP=y -C /home/charliechen/rk-forge/third_party/buildroot/output/build/busybox-1.38.0 install-noclobber
make[1]: Entering directory '/home/charliechen/rk-forge/third_party/buildroot/output/build/busybox-1.38.0'
  /home/charliechen/rk-forge/third_party/buildroot/output/target//bin/arch -> busybox
  /home/charliechen/rk-forge/third_party/buildroot/output/target//bin/ash -> busybox
  /home/charliechen/rk-forge/third_party/buildroot/output/target//bin/base32 -> busybox
  /home/charliechen/rk-forge/third_party/buildroot/output/target//bin/base64 -> busybox
  /home/charliechen/rk-forge/third_party/buildroot/output/target//bin/cat -> busybox
  /home/charliechen/rk-forge/third_party/buildroot/output/target//bin/chattr -> busybox
  /home/charliechen/rk-forge/third_party/buildroot/output/target//bin/chgrp -> busybox
  /home/charliechen/rk-forge/third_party/buildroot/output/target//bin/chmod -> busybox
  /home/charliechen/rk-forge/third_party/buildroot/output/target//bin/chown -> busybox
  /home/charliechen/rk-forge/third_party/buildroot/output/target//bin/cp -> busybox
  /home/charliechen/rk-forge/third_party/buildroot/output/target//bin/cpio -> busybox
  /home/charliechen/rk-forge/third_party/buildroot/output/target//bin/date -> busybox
  /home/charliechen/rk-forge/third_party/buildroot/output/target//bin/dd -> busybox
  /home/charliechen/rk-forge/third_party/buildroot/output/target//bin/df -> busybox
  /home/charliechen/rk-forge/third_party/buildroot/output/target//bin/dmesg -> busybox
  /home/charliechen/rk-forge/third_party/buildroot/output/target//bin/dnsdomainname -> busybox
  /home/charliechen/rk-forge/third_party/buildroot/output/target//bin/dumpkmap -> busybox
  /home/charliechen/rk-forge/third_party/buildroot/output/target//bin/echo -> busybox
  /home/charliechen/rk-forge/third_party/buildroot/output/target//bin/egrep -> busybox
  /home/charliechen/rk-forge/third_party/buildroot/output/target//bin/false -> busybox
  /home/charliechen/rk-forge/third_party/buildroot/output/target//bin/fdflush -> busybox
  /home/charliechen/rk-forge/third_party/buildroot/output/target//bin/fgrep -> busybox
  /home/charliechen/rk-forge/third_party/buildroot/output/target//bin/getopt -> busybox
  /home/charliechen/rk-forge/third_party/buildroot/output/target//bin/grep -> busybox
  /home/charliechen/rk-forge/third_party/buildroot/output/target//bin/gunzip -> busybox
  /home/charliechen/rk-forge/third_party/buildroot/output/target//bin/gzip -> busybox
  /home/charliechen/rk-forge/third_party/buildroot/output/target//bin/hostname -> busybox
  /home/charliechen/rk-forge/third_party/buildroot/output/target//bin/kill -> busybox
  /home/charliechen/rk-forge/third_party/buildroot/output/target//bin/link -> busybox
  /home/charliechen/rk-forge/third_party/buildroot/output/target//bin/linux32 -> busybox
  /home/charliechen/rk-forge/third_party/buildroot/output/target//bin/linux64 -> busybox
  /home/charliechen/rk-forge/third_party/buildroot/output/target//bin/ln -> busybox
  /home/charliechen/rk-forge/third_party/buildroot/output/target//bin/login -> busybox
  /home/charliechen/rk-forge/third_party/buildroot/output/target//bin/ls -> busybox
  /home/charliechen/rk-forge/third_party/buildroot/output/target//bin/lsattr -> busybox
  /home/charliechen/rk-forge/third_party/buildroot/output/target//bin/mkdir -> busybox
  /home/charliechen/rk-forge/third_party/buildroot/output/target//bin/mknod -> busybox
  /home/charliechen/rk-forge/third_party/buildroot/output/target//bin/mktemp -> busybox
  /home/charliechen/rk-forge/third_party/buildroot/output/target//bin/more -> busybox
  /home/charliechen/rk-forge/third_party/buildroot/output/target//bin/mount -> busybox
  /home/charliechen/rk-forge/third_party/buildroot/output/target//bin/mountpoint -> busybox
  /home/charliechen/rk-forge/third_party/buildroot/output/target//bin/mt -> busybox
  /home/charliechen/rk-forge/third_party/buildroot/output/target//bin/mv -> busybox
  /home/charliechen/rk-forge/third_party/buildroot/output/target//bin/netstat -> busybox
  /home/charliechen/rk-forge/third_party/buildroot/output/target//bin/nice -> busybox
  /home/charliechen/rk-forge/third_party/buildroot/output/target//bin/nuke -> busybox
  /home/charliechen/rk-forge/third_party/buildroot/output/target//bin/pidof -> busybox
  /home/charliechen/rk-forge/third_party/buildroot/output/target//bin/ping -> busybox
  /home/charliechen/rk-forge/third_party/buildroot/output/target//bin/pipe_progress -> busybox
  /home/charliechen/rk-forge/third_party/buildroot/output/target//bin/printenv -> busybox
  /home/charliechen/rk-forge/third_party/buildroot/output/target//bin/ps -> busybox
  /home/charliechen/rk-forge/third_party/buildroot/output/target//bin/pwd -> busybox
  /home/charliechen/rk-forge/third_party/buildroot/output/target//bin/resume -> busybox
  /home/charliechen/rk-forge/third_party/buildroot/output/target//bin/rm -> busybox
  /home/charliechen/rk-forge/third_party/buildroot/output/target//bin/rmdir -> busybox
  /home/charliechen/rk-forge/third_party/buildroot/output/target//bin/run-parts -> busybox
  /home/charliechen/rk-forge/third_party/buildroot/output/target//bin/sed -> busybox
  /home/charliechen/rk-forge/third_party/buildroot/output/target//bin/setarch -> busybox
  /home/charliechen/rk-forge/third_party/buildroot/output/target//bin/setpriv -> busybox
  /home/charliechen/rk-forge/third_party/buildroot/output/target//bin/setserial -> busybox
  /home/charliechen/rk-forge/third_party/buildroot/output/target//bin/sh -> busybox
  /home/charliechen/rk-forge/third_party/buildroot/output/target//bin/sleep -> busybox
  /home/charliechen/rk-forge/third_party/buildroot/output/target//bin/stty -> busybox
  /home/charliechen/rk-forge/third_party/buildroot/output/target//bin/su -> busybox
  /home/charliechen/rk-forge/third_party/buildroot/output/target//bin/sync -> busybox
  /home/charliechen/rk-forge/third_party/buildroot/output/target//bin/tar -> busybox
  /home/charliechen/rk-forge/third_party/buildroot/output/target//bin/touch -> busybox
  /home/charliechen/rk-forge/third_party/buildroot/output/target//bin/true -> busybox
  /home/charliechen/rk-forge/third_party/buildroot/output/target//bin/umount -> busybox
  /home/charliechen/rk-forge/third_party/buildroot/output/target//bin/uname -> busybox
  /home/charliechen/rk-forge/third_party/buildroot/output/target//bin/usleep -> busybox
  /home/charliechen/rk-forge/third_party/buildroot/output/target//bin/vi -> busybox
  /home/charliechen/rk-forge/third_party/buildroot/output/target//bin/vmstat -> busybox
  /home/charliechen/rk-forge/third_party/buildroot/output/target//bin/watch -> busybox
  /home/charliechen/rk-forge/third_party/buildroot/output/target//bin/zcat -> busybox
  /home/charliechen/rk-forge/third_party/buildroot/output/target//linuxrc -> bin/busybox
  /home/charliechen/rk-forge/third_party/buildroot/output/target//sbin/arp -> ../bin/busybox
  /home/charliechen/rk-forge/third_party/buildroot/output/target//sbin/blkid -> ../bin/busybox
  /home/charliechen/rk-forge/third_party/buildroot/output/target//sbin/devmem -> ../bin/busybox
  /home/charliechen/rk-forge/third_party/buildroot/output/target//sbin/fdisk -> ../bin/busybox
  /home/charliechen/rk-forge/third_party/buildroot/output/target//sbin/freeramdisk -> ../bin/busybox
  /home/charliechen/rk-forge/third_party/buildroot/output/target//sbin/fsck -> ../bin/busybox
  /home/charliechen/rk-forge/third_party/buildroot/output/target//sbin/fstrim -> ../bin/busybox
  /home/charliechen/rk-forge/third_party/buildroot/output/target//sbin/getty -> ../bin/busybox
  /home/charliechen/rk-forge/third_party/buildroot/output/target//sbin/halt -> ../bin/busybox
  /home/charliechen/rk-forge/third_party/buildroot/output/target//sbin/hdparm -> ../bin/busybox
  /home/charliechen/rk-forge/third_party/buildroot/output/target//sbin/hwclock -> ../bin/busybox
  /home/charliechen/rk-forge/third_party/buildroot/output/target//sbin/ifconfig -> ../bin/busybox
  /home/charliechen/rk-forge/third_party/buildroot/output/target//sbin/ifdown -> ../bin/busybox
  /home/charliechen/rk-forge/third_party/buildroot/output/target//sbin/ifup -> ../bin/busybox
  /home/charliechen/rk-forge/third_party/buildroot/output/target//sbin/init -> ../bin/busybox
  /home/charliechen/rk-forge/third_party/buildroot/output/target//sbin/insmod -> ../bin/busybox
  /home/charliechen/rk-forge/third_party/buildroot/output/target//sbin/ip -> ../bin/busybox
  /home/charliechen/rk-forge/third_party/buildroot/output/target//sbin/ipaddr -> ../bin/busybox
  /home/charliechen/rk-forge/third_party/buildroot/output/target//sbin/iplink -> ../bin/busybox
  /home/charliechen/rk-forge/third_party/buildroot/output/target//sbin/ipneigh -> ../bin/busybox
  /home/charliechen/rk-forge/third_party/buildroot/output/target//sbin/iproute -> ../bin/busybox
  /home/charliechen/rk-forge/third_party/buildroot/output/target//sbin/iprule -> ../bin/busybox
  /home/charliechen/rk-forge/third_party/buildroot/output/target//sbin/iptunnel -> ../bin/busybox
  /home/charliechen/rk-forge/third_party/buildroot/output/target//sbin/klogd -> ../bin/busybox
  /home/charliechen/rk-forge/third_party/buildroot/output/target//sbin/loadkmap -> ../bin/busybox
  /home/charliechen/rk-forge/third_party/buildroot/output/target//sbin/losetup -> ../bin/busybox
  /home/charliechen/rk-forge/third_party/buildroot/output/target//sbin/lsmod -> ../bin/busybox
  /home/charliechen/rk-forge/third_party/buildroot/output/target//sbin/makedevs -> ../bin/busybox
  /home/charliechen/rk-forge/third_party/buildroot/output/target//sbin/mdev -> ../bin/busybox
  /home/charliechen/rk-forge/third_party/buildroot/output/target//sbin/mkdosfs -> ../bin/busybox
  /home/charliechen/rk-forge/third_party/buildroot/output/target//sbin/mke2fs -> ../bin/busybox
  /home/charliechen/rk-forge/third_party/buildroot/output/target//sbin/mkswap -> ../bin/busybox
  /home/charliechen/rk-forge/third_party/buildroot/output/target//sbin/modprobe -> ../bin/busybox
  /home/charliechen/rk-forge/third_party/buildroot/output/target//sbin/nameif -> ../bin/busybox
  /home/charliechen/rk-forge/third_party/buildroot/output/target//sbin/pivot_root -> ../bin/busybox
  /home/charliechen/rk-forge/third_party/buildroot/output/target//sbin/poweroff -> ../bin/busybox
  /home/charliechen/rk-forge/third_party/buildroot/output/target//sbin/reboot -> ../bin/busybox
  /home/charliechen/rk-forge/third_party/buildroot/output/target//sbin/rmmod -> ../bin/busybox
  /home/charliechen/rk-forge/third_party/buildroot/output/target//sbin/route -> ../bin/busybox
  /home/charliechen/rk-forge/third_party/buildroot/output/target//sbin/run-init -> ../bin/busybox
  /home/charliechen/rk-forge/third_party/buildroot/output/target//sbin/runlevel -> ../bin/busybox
  /home/charliechen/rk-forge/third_party/buildroot/output/target//sbin/setconsole -> ../bin/busybox
  /home/charliechen/rk-forge/third_party/buildroot/output/target//sbin/start-stop-daemon -> ../bin/busybox
  /home/charliechen/rk-forge/third_party/buildroot/output/target//sbin/sulogin -> ../bin/busybox
  /home/charliechen/rk-forge/third_party/buildroot/output/target//sbin/swapoff -> ../bin/busybox
  /home/charliechen/rk-forge/third_party/buildroot/output/target//sbin/swapon -> ../bin/busybox
  /home/charliechen/rk-forge/third_party/buildroot/output/target//sbin/switch_root -> ../bin/busybox
  /home/charliechen/rk-forge/third_party/buildroot/output/target//sbin/sysctl -> ../bin/busybox
  /home/charliechen/rk-forge/third_party/buildroot/output/target//sbin/syslogd -> ../bin/busybox
  /home/charliechen/rk-forge/third_party/buildroot/output/target//sbin/udhcpc -> ../bin/busybox
  /home/charliechen/rk-forge/third_party/buildroot/output/target//sbin/uevent -> ../bin/busybox
  /home/charliechen/rk-forge/third_party/buildroot/output/target//sbin/vconfig -> ../bin/busybox
  /home/charliechen/rk-forge/third_party/buildroot/output/target//sbin/watchdog -> ../bin/busybox
  /home/charliechen/rk-forge/third_party/buildroot/output/target//usr/bin/[ -> ../../bin/busybox
  /home/charliechen/rk-forge/third_party/buildroot/output/target//usr/bin/[[ -> ../../bin/busybox
  /home/charliechen/rk-forge/third_party/buildroot/output/target//usr/bin/ar -> ../../bin/busybox
  /home/charliechen/rk-forge/third_party/buildroot/output/target//usr/bin/ascii -> ../../bin/busybox
  /home/charliechen/rk-forge/third_party/buildroot/output/target//usr/bin/awk -> ../../bin/busybox
  /home/charliechen/rk-forge/third_party/buildroot/output/target//usr/bin/basename -> ../../bin/busybox
  /home/charliechen/rk-forge/third_party/buildroot/output/target//usr/bin/bc -> ../../bin/busybox
  /home/charliechen/rk-forge/third_party/buildroot/output/target//usr/bin/bunzip2 -> ../../bin/busybox
  /home/charliechen/rk-forge/third_party/buildroot/output/target//usr/bin/bzcat -> ../../bin/busybox
  /home/charliechen/rk-forge/third_party/buildroot/output/target//usr/bin/chrt -> ../../bin/busybox
  /home/charliechen/rk-forge/third_party/buildroot/output/target//usr/bin/chvt -> ../../bin/busybox
  /home/charliechen/rk-forge/third_party/buildroot/output/target//usr/bin/cksum -> ../../bin/busybox
  /home/charliechen/rk-forge/third_party/buildroot/output/target//usr/bin/clear -> ../../bin/busybox
  /home/charliechen/rk-forge/third_party/buildroot/output/target//usr/bin/cmp -> ../../bin/busybox
  /home/charliechen/rk-forge/third_party/buildroot/output/target//usr/bin/crc32 -> ../../bin/busybox
  /home/charliechen/rk-forge/third_party/buildroot/output/target//usr/bin/crontab -> ../../bin/busybox
  /home/charliechen/rk-forge/third_party/buildroot/output/target//usr/bin/cut -> ../../bin/busybox
  /home/charliechen/rk-forge/third_party/buildroot/output/target//usr/bin/dc -> ../../bin/busybox
  /home/charliechen/rk-forge/third_party/buildroot/output/target//usr/bin/deallocvt -> ../../bin/busybox
  /home/charliechen/rk-forge/third_party/buildroot/output/target//usr/bin/diff -> ../../bin/busybox
  /home/charliechen/rk-forge/third_party/buildroot/output/target//usr/bin/dirname -> ../../bin/busybox
  /home/charliechen/rk-forge/third_party/buildroot/output/target//usr/bin/dos2unix -> ../../bin/busybox
  /home/charliechen/rk-forge/third_party/buildroot/output/target//usr/bin/du -> ../../bin/busybox
  /home/charliechen/rk-forge/third_party/buildroot/output/target//usr/bin/eject -> ../../bin/busybox
  /home/charliechen/rk-forge/third_party/buildroot/output/target//usr/bin/env -> ../../bin/busybox
  /home/charliechen/rk-forge/third_party/buildroot/output/target//usr/bin/expr -> ../../bin/busybox
  /home/charliechen/rk-forge/third_party/buildroot/output/target//usr/bin/factor -> ../../bin/busybox
  /home/charliechen/rk-forge/third_party/buildroot/output/target//usr/bin/fallocate -> ../../bin/busybox
  /home/charliechen/rk-forge/third_party/buildroot/output/target//usr/bin/find -> ../../bin/busybox
  /home/charliechen/rk-forge/third_party/buildroot/output/target//usr/bin/flock -> ../../bin/busybox
  /home/charliechen/rk-forge/third_party/buildroot/output/target//usr/bin/fold -> ../../bin/busybox
  /home/charliechen/rk-forge/third_party/buildroot/output/target//usr/bin/free -> ../../bin/busybox
  /home/charliechen/rk-forge/third_party/buildroot/output/target//usr/bin/fuser -> ../../bin/busybox
  /home/charliechen/rk-forge/third_party/buildroot/output/target//usr/bin/getfattr -> ../../bin/busybox
  /home/charliechen/rk-forge/third_party/buildroot/output/target//usr/bin/head -> ../../bin/busybox
  /home/charliechen/rk-forge/third_party/buildroot/output/target//usr/bin/hexdump -> ../../bin/busybox
  /home/charliechen/rk-forge/third_party/buildroot/output/target//usr/bin/hexedit -> ../../bin/busybox
  /home/charliechen/rk-forge/third_party/buildroot/output/target//usr/bin/hostid -> ../../bin/busybox
  /home/charliechen/rk-forge/third_party/buildroot/output/target//usr/bin/id -> ../../bin/busybox
  /home/charliechen/rk-forge/third_party/buildroot/output/target//usr/bin/install -> ../../bin/busybox
  /home/charliechen/rk-forge/third_party/buildroot/output/target//usr/bin/ipcrm -> ../../bin/busybox
  /home/charliechen/rk-forge/third_party/buildroot/output/target//usr/bin/ipcs -> ../../bin/busybox
  /home/charliechen/rk-forge/third_party/buildroot/output/target//usr/bin/killall -> ../../bin/busybox
  /home/charliechen/rk-forge/third_party/buildroot/output/target//usr/bin/last -> ../../bin/busybox
  /home/charliechen/rk-forge/third_party/buildroot/output/target//usr/bin/less -> ../../bin/busybox
  /home/charliechen/rk-forge/third_party/buildroot/output/target//usr/bin/logger -> ../../bin/busybox
  /home/charliechen/rk-forge/third_party/buildroot/output/target//usr/bin/logname -> ../../bin/busybox
  /home/charliechen/rk-forge/third_party/buildroot/output/target//usr/bin/lsblk -> ../../bin/busybox
  /home/charliechen/rk-forge/third_party/buildroot/output/target//usr/bin/lsof -> ../../bin/busybox
  /home/charliechen/rk-forge/third_party/buildroot/output/target//usr/bin/lspci -> ../../bin/busybox
  /home/charliechen/rk-forge/third_party/buildroot/output/target//usr/bin/lsscsi -> ../../bin/busybox
  /home/charliechen/rk-forge/third_party/buildroot/output/target//usr/bin/lsusb -> ../../bin/busybox
  /home/charliechen/rk-forge/third_party/buildroot/output/target//usr/bin/lzcat -> ../../bin/busybox
  /home/charliechen/rk-forge/third_party/buildroot/output/target//usr/bin/lzma -> ../../bin/busybox
  /home/charliechen/rk-forge/third_party/buildroot/output/target//usr/bin/lzopcat -> ../../bin/busybox
  /home/charliechen/rk-forge/third_party/buildroot/output/target//usr/bin/md5sum -> ../../bin/busybox
  /home/charliechen/rk-forge/third_party/buildroot/output/target//usr/bin/mesg -> ../../bin/busybox
  /home/charliechen/rk-forge/third_party/buildroot/output/target//usr/bin/microcom -> ../../bin/busybox
  /home/charliechen/rk-forge/third_party/buildroot/output/target//usr/bin/mkfifo -> ../../bin/busybox
  /home/charliechen/rk-forge/third_party/buildroot/output/target//usr/bin/mkpasswd -> ../../bin/busybox
  /home/charliechen/rk-forge/third_party/buildroot/output/target//usr/bin/nl -> ../../bin/busybox
  /home/charliechen/rk-forge/third_party/buildroot/output/target//usr/bin/nohup -> ../../bin/busybox
  /home/charliechen/rk-forge/third_party/buildroot/output/target//usr/bin/nproc -> ../../bin/busybox
  /home/charliechen/rk-forge/third_party/buildroot/output/target//usr/bin/nslookup -> ../../bin/busybox
  /home/charliechen/rk-forge/third_party/buildroot/output/target//usr/bin/od -> ../../bin/busybox
  /home/charliechen/rk-forge/third_party/buildroot/output/target//usr/bin/openvt -> ../../bin/busybox
  /home/charliechen/rk-forge/third_party/buildroot/output/target//usr/bin/passwd -> ../../bin/busybox
  /home/charliechen/rk-forge/third_party/buildroot/output/target//usr/bin/paste -> ../../bin/busybox
  /home/charliechen/rk-forge/third_party/buildroot/output/target//usr/bin/patch -> ../../bin/busybox
  /home/charliechen/rk-forge/third_party/buildroot/output/target//usr/bin/printf -> ../../bin/busybox
  /home/charliechen/rk-forge/third_party/buildroot/output/target//usr/bin/readlink -> ../../bin/busybox
  /home/charliechen/rk-forge/third_party/buildroot/output/target//usr/bin/realpath -> ../../bin/busybox
  /home/charliechen/rk-forge/third_party/buildroot/output/target//usr/bin/renice -> ../../bin/busybox
  /home/charliechen/rk-forge/third_party/buildroot/output/target//usr/bin/reset -> ../../bin/busybox
  /home/charliechen/rk-forge/third_party/buildroot/output/target//usr/bin/resize -> ../../bin/busybox
  /home/charliechen/rk-forge/third_party/buildroot/output/target//usr/bin/seq -> ../../bin/busybox
  /home/charliechen/rk-forge/third_party/buildroot/output/target//usr/bin/setfattr -> ../../bin/busybox
  /home/charliechen/rk-forge/third_party/buildroot/output/target//usr/bin/setkeycodes -> ../../bin/busybox
  /home/charliechen/rk-forge/third_party/buildroot/output/target//usr/bin/setsid -> ../../bin/busybox
  /home/charliechen/rk-forge/third_party/buildroot/output/target//usr/bin/sha1sum -> ../../bin/busybox
  /home/charliechen/rk-forge/third_party/buildroot/output/target//usr/bin/sha256sum -> ../../bin/busybox
  /home/charliechen/rk-forge/third_party/buildroot/output/target//usr/bin/sha384sum -> ../../bin/busybox
  /home/charliechen/rk-forge/third_party/buildroot/output/target//usr/bin/sha3sum -> ../../bin/busybox
  /home/charliechen/rk-forge/third_party/buildroot/output/target//usr/bin/sha512sum -> ../../bin/busybox
  /home/charliechen/rk-forge/third_party/buildroot/output/target//usr/bin/shred -> ../../bin/busybox
  /home/charliechen/rk-forge/third_party/buildroot/output/target//usr/bin/sort -> ../../bin/busybox
  /home/charliechen/rk-forge/third_party/buildroot/output/target//usr/bin/ssl_server -> ../../bin/busybox
  /home/charliechen/rk-forge/third_party/buildroot/output/target//usr/bin/strings -> ../../bin/busybox
  /home/charliechen/rk-forge/third_party/buildroot/output/target//usr/bin/svc -> ../../bin/busybox
  /home/charliechen/rk-forge/third_party/buildroot/output/target//usr/bin/svok -> ../../bin/busybox
  /home/charliechen/rk-forge/third_party/buildroot/output/target//usr/bin/tail -> ../../bin/busybox
  /home/charliechen/rk-forge/third_party/buildroot/output/target//usr/bin/tee -> ../../bin/busybox
  /home/charliechen/rk-forge/third_party/buildroot/output/target//usr/bin/telnet -> ../../bin/busybox
  /home/charliechen/rk-forge/third_party/buildroot/output/target//usr/bin/test -> ../../bin/busybox
  /home/charliechen/rk-forge/third_party/buildroot/output/target//usr/bin/tftp -> ../../bin/busybox
  /home/charliechen/rk-forge/third_party/buildroot/output/target//usr/bin/time -> ../../bin/busybox
  /home/charliechen/rk-forge/third_party/buildroot/output/target//usr/bin/top -> ../../bin/busybox
  /home/charliechen/rk-forge/third_party/buildroot/output/target//usr/bin/tr -> ../../bin/busybox
  /home/charliechen/rk-forge/third_party/buildroot/output/target//usr/bin/traceroute -> ../../bin/busybox
  /home/charliechen/rk-forge/third_party/buildroot/output/target//usr/bin/tree -> ../../bin/busybox
  /home/charliechen/rk-forge/third_party/buildroot/output/target//usr/bin/truncate -> ../../bin/busybox
  /home/charliechen/rk-forge/third_party/buildroot/output/target//usr/bin/ts -> ../../bin/busybox
  /home/charliechen/rk-forge/third_party/buildroot/output/target//usr/bin/tsort -> ../../bin/busybox
  /home/charliechen/rk-forge/third_party/buildroot/output/target//usr/bin/tty -> ../../bin/busybox
  /home/charliechen/rk-forge/third_party/buildroot/output/target//usr/bin/uniq -> ../../bin/busybox
  /home/charliechen/rk-forge/third_party/buildroot/output/target//usr/bin/unix2dos -> ../../bin/busybox
  /home/charliechen/rk-forge/third_party/buildroot/output/target//usr/bin/unlink -> ../../bin/busybox
  /home/charliechen/rk-forge/third_party/buildroot/output/target//usr/bin/unlzma -> ../../bin/busybox
  /home/charliechen/rk-forge/third_party/buildroot/output/target//usr/bin/unlzop -> ../../bin/busybox
  /home/charliechen/rk-forge/third_party/buildroot/output/target//usr/bin/unxz -> ../../bin/busybox
  /home/charliechen/rk-forge/third_party/buildroot/output/target//usr/bin/unzip -> ../../bin/busybox
  /home/charliechen/rk-forge/third_party/buildroot/output/target//usr/bin/uptime -> ../../bin/busybox
  /home/charliechen/rk-forge/third_party/buildroot/output/target//usr/bin/uudecode -> ../../bin/busybox
  /home/charliechen/rk-forge/third_party/buildroot/output/target//usr/bin/uuencode -> ../../bin/busybox
  /home/charliechen/rk-forge/third_party/buildroot/output/target//usr/bin/uuidgen -> ../../bin/busybox
  /home/charliechen/rk-forge/third_party/buildroot/output/target//usr/bin/vlock -> ../../bin/busybox
  /home/charliechen/rk-forge/third_party/buildroot/output/target//usr/bin/w -> ../../bin/busybox
  /home/charliechen/rk-forge/third_party/buildroot/output/target//usr/bin/wc -> ../../bin/busybox
  /home/charliechen/rk-forge/third_party/buildroot/output/target//usr/bin/wget -> ../../bin/busybox
  /home/charliechen/rk-forge/third_party/buildroot/output/target//usr/bin/which -> ../../bin/busybox
  /home/charliechen/rk-forge/third_party/buildroot/output/target//usr/bin/who -> ../../bin/busybox
  /home/charliechen/rk-forge/third_party/buildroot/output/target//usr/bin/whoami -> ../../bin/busybox
  /home/charliechen/rk-forge/third_party/buildroot/output/target//usr/bin/xargs -> ../../bin/busybox
  /home/charliechen/rk-forge/third_party/buildroot/output/target//usr/bin/xxd -> ../../bin/busybox
  /home/charliechen/rk-forge/third_party/buildroot/output/target//usr/bin/xz -> ../../bin/busybox
  /home/charliechen/rk-forge/third_party/buildroot/output/target//usr/bin/xzcat -> ../../bin/busybox
  /home/charliechen/rk-forge/third_party/buildroot/output/target//usr/bin/yes -> ../../bin/busybox
  /home/charliechen/rk-forge/third_party/buildroot/output/target//usr/sbin/addgroup -> ../../bin/busybox
  /home/charliechen/rk-forge/third_party/buildroot/output/target//usr/sbin/adduser -> ../../bin/busybox
  /home/charliechen/rk-forge/third_party/buildroot/output/target//usr/sbin/arping -> ../../bin/busybox
  /home/charliechen/rk-forge/third_party/buildroot/output/target//usr/sbin/chroot -> ../../bin/busybox
  /home/charliechen/rk-forge/third_party/buildroot/output/target//usr/sbin/crond -> ../../bin/busybox
  /home/charliechen/rk-forge/third_party/buildroot/output/target//usr/sbin/delgroup -> ../../bin/busybox
  /home/charliechen/rk-forge/third_party/buildroot/output/target//usr/sbin/deluser -> ../../bin/busybox
  /home/charliechen/rk-forge/third_party/buildroot/output/target//usr/sbin/dnsd -> ../../bin/busybox
  /home/charliechen/rk-forge/third_party/buildroot/output/target//usr/sbin/ether-wake -> ../../bin/busybox
  /home/charliechen/rk-forge/third_party/buildroot/output/target//usr/sbin/fbset -> ../../bin/busybox
  /home/charliechen/rk-forge/third_party/buildroot/output/target//usr/sbin/fdformat -> ../../bin/busybox
  /home/charliechen/rk-forge/third_party/buildroot/output/target//usr/sbin/fsfreeze -> ../../bin/busybox
  /home/charliechen/rk-forge/third_party/buildroot/output/target//usr/sbin/i2cdetect -> ../../bin/busybox
  /home/charliechen/rk-forge/third_party/buildroot/output/target//usr/sbin/i2cdump -> ../../bin/busybox
  /home/charliechen/rk-forge/third_party/buildroot/output/target//usr/sbin/i2cget -> ../../bin/busybox
  /home/charliechen/rk-forge/third_party/buildroot/output/target//usr/sbin/i2cset -> ../../bin/busybox
  /home/charliechen/rk-forge/third_party/buildroot/output/target//usr/sbin/i2ctransfer -> ../../bin/busybox
  /home/charliechen/rk-forge/third_party/buildroot/output/target//usr/sbin/inetd -> ../../bin/busybox
  /home/charliechen/rk-forge/third_party/buildroot/output/target//usr/sbin/killall5 -> ../../bin/busybox
  /home/charliechen/rk-forge/third_party/buildroot/output/target//usr/sbin/loadfont -> ../../bin/busybox
  /home/charliechen/rk-forge/third_party/buildroot/output/target//usr/sbin/mim -> ../../bin/busybox
  /home/charliechen/rk-forge/third_party/buildroot/output/target//usr/sbin/nologin -> ../../bin/busybox
  /home/charliechen/rk-forge/third_party/buildroot/output/target//usr/sbin/partprobe -> ../../bin/busybox
  /home/charliechen/rk-forge/third_party/buildroot/output/target//usr/sbin/rdate -> ../../bin/busybox
  /home/charliechen/rk-forge/third_party/buildroot/output/target//usr/sbin/readprofile -> ../../bin/busybox
  /home/charliechen/rk-forge/third_party/buildroot/output/target//usr/sbin/seedrng -> ../../bin/busybox
  /home/charliechen/rk-forge/third_party/buildroot/output/target//usr/sbin/setlogcons -> ../../bin/busybox
  /home/charliechen/rk-forge/third_party/buildroot/output/target//usr/sbin/ubirename -> ../../bin/busybox


--------------------------------------------------
You will probably need to make your busybox binary
setuid root to ensure all configured applets will
work properly.
--------------------------------------------------

make[1]: Leaving directory '/home/charliechen/rk-forge/third_party/buildroot/output/build/busybox-1.38.0'
if test ! -e /home/charliechen/rk-forge/third_party/buildroot/output/target/etc/inittab; then /usr/bin/install -D -m 0644 package/busybox/inittab /home/charliechen/rk-forge/third_party/buildroot/output/target/etc/inittab; fi
if grep -q CONFIG_UDHCPC=y /home/charliechen/rk-forge/third_party/buildroot/output/build/busybox-1.38.0/.config; then /usr/bin/install -m 0755 -D package/busybox/udhcpc.script /home/charliechen/rk-forge/third_party/buildroot/output/target/usr/share/udhcpc/default.script; /usr/bin/install -m 0755 -d /home/charliechen/rk-forge/third_party/buildroot/output/target/usr/share/udhcpc/default.script.d; fi
if grep -q CONFIG_ZCIP=y /home/charliechen/rk-forge/third_party/buildroot/output/build/busybox-1.38.0/.config; then /usr/bin/install -m 0755 -D /home/charliechen/rk-forge/third_party/buildroot/output/build/busybox-1.38.0/examples/zcip.script /home/charliechen/rk-forge/third_party/buildroot/output/target/usr/share/zcip/default.script; fi
if grep -q CONFIG_SYSLOGD=y /home/charliechen/rk-forge/third_party/buildroot/output/build/busybox-1.38.0/.config; then /usr/bin/install -m 0755 -D package/busybox/S01syslogd /home/charliechen/rk-forge/third_party/buildroot/output/target/etc/init.d/S01syslogd; fi; if grep -q CONFIG_KLOGD=y /home/charliechen/rk-forge/third_party/buildroot/output/build/busybox-1.38.0/.config; then /usr/bin/install -m 0755 -D package/busybox/S02klogd /home/charliechen/rk-forge/third_party/buildroot/output/target/etc/init.d/S02klogd; fi
if grep -q CONFIG_BB_SYSCTL=y /home/charliechen/rk-forge/third_party/buildroot/output/build/busybox-1.38.0/.config; then /usr/bin/install -m 0755 -D package/busybox/S02sysctl /home/charliechen/rk-forge/third_party/buildroot/output/target/etc/init.d/S02sysctl ; fi
if grep -q CONFIG_IFPLUGD=y /home/charliechen/rk-forge/third_party/buildroot/output/build/busybox-1.38.0/.config; then /usr/bin/install -m 0755 -D package/busybox/S41ifplugd /home/charliechen/rk-forge/third_party/buildroot/output/target/etc/init.d/S41ifplugd; fi;
if grep -q CONFIG_CROND=y /home/charliechen/rk-forge/third_party/buildroot/output/build/busybox-1.38.0/.config; then mkdir -p /home/charliechen/rk-forge/third_party/buildroot/output/target/etc/cron/crontabs ; /usr/bin/install -m 0755 -D package/busybox/S50crond /home/charliechen/rk-forge/third_party/buildroot/output/target/etc/init.d/S50crond; fi;
if grep -q CONFIG_FEATURE_TELNETD_STANDALONE=y /home/charliechen/rk-forge/third_party/buildroot/output/build/busybox-1.38.0/.config; then /usr/bin/install -m 0755 -D package/busybox/S50telnet /home/charliechen/rk-forge/third_party/buildroot/output/target/etc/init.d/S50telnet ; fi
[7m>>> ifupdown-scripts  Extracting[27m
[7m>>> ifupdown-scripts  Patching[27m
[7m>>> ifupdown-scripts  Configuring[27m
[7m>>> ifupdown-scripts  Building[27m
[7m>>> ifupdown-scripts  Installing to target[27m
/usr/bin/install -m 0755 -D package/ifupdown-scripts/nfs_check /home/charliechen/rk-forge/third_party/buildroot/output/target/etc/network/nfs_check
rsync -a --ignore-times --exclude .svn --exclude .git --exclude .hg --exclude .bzr --exclude CVS --chmod=u=rwX,go=rX --exclude .empty --exclude '*~' package/ifupdown-scripts/network/ /home/charliechen/rk-forge/third_party/buildroot/output/target/etc/network/
/usr/bin/install -D -m 0755 package/ifupdown-scripts/S40network /home/charliechen/rk-forge/third_party/buildroot/output/target/etc/init.d/S40network
echo "# interface file auto-generated by buildroot" > /home/charliechen/rk-forge/third_party/buildroot/output/target/etc/network/interfaces
( echo ; echo "auto lo"; echo "iface lo inet loopback"; ) >> /home/charliechen/rk-forge/third_party/buildroot/output/target/etc/network/interfaces
[7m>>> initscripts  Extracting[27m
[7m>>> initscripts  Patching[27m
[7m>>> initscripts  Configuring[27m
[7m>>> initscripts  Building[27m
[7m>>> initscripts  Installing to target[27m
mkdir -p /home/charliechen/rk-forge/third_party/buildroot/output/target/etc/init.d
/usr/bin/install -D -m 0755 package/initscripts/init.d/* /home/charliechen/rk-forge/third_party/buildroot/output/target/etc/init.d/
[7m>>> host-patchelf 0.13 Downloading[27m
wget -nd -t 3 --connect-timeout=10 -O '/home/charliechen/rk-forge/third_party/buildroot/output/build/.patchelf-0.13.tar.bz2.HaiqCI/output' 'https://github.com/NixOS/patchelf/releases/download/0.13/patchelf-0.13.tar.bz2' 
--2026-06-18 17:47:31--  https://github.com/NixOS/patchelf/releases/download/0.13/patchelf-0.13.tar.bz2
Connecting to 127.0.0.1:7890... connected.
Proxy request sent, awaiting response... 302 Found
Location: https://release-assets.githubusercontent.com/github-production-release-asset/2928164/01108d9f-4a05-4c47-b476-3d77195d9e68?sp=r&sv=2018-11-09&sr=b&spr=https&se=2026-06-18T10%3A27%3A00Z&rscd=attachment%3B+filename%3Dpatchelf-0.13.tar.bz2&rsct=application%2Foctet-stream&skoid=96c2d410-5711-43a1-aedd-ab1947aa7ab0&sktid=398a6654-997b-47e9-b12b-9515b896b4de&skt=2026-06-18T09%3A26%3A10Z&ske=2026-06-18T10%3A27%3A00Z&sks=b&skv=2018-11-09&sig=88lB8LCzODpzxhnQ8Pw14HWmUw%2FvShpa2uLW8%2B9TawY%3D&jwt=eyJ0eXAiOiJKV1QiLCJhbGciOiJIUzI1NiJ9.eyJpc3MiOiJnaXRodWIuY29tIiwiYXVkIjoicmVsZWFzZS1hc3NldHMuZ2l0aHVidXNlcmNvbnRlbnQuY29tIiwia2V5Ijoia2V5MSIsImV4cCI6MTc4MTc3NjM1MiwibmJmIjoxNzgxNzc2MDUyLCJwYXRoIjoicmVsZWFzZWFzc2V0cHJvZHVjdGlvbi5ibG9iLmNvcmUud2luZG93cy5uZXQifQ.9s1Yy2U-ztwc3UJrJoFFe99GBcNERZa5eWEoAwkqD1U&response-content-disposition=attachment%3B%20filename%3Dpatchelf-0.13.tar.bz2&response-content-type=application%2Foctet-stream [following]
--2026-06-18 17:47:32--  https://release-assets.githubusercontent.com/github-production-release-asset/2928164/01108d9f-4a05-4c47-b476-3d77195d9e68?sp=r&sv=2018-11-09&sr=b&spr=https&se=2026-06-18T10%3A27%3A00Z&rscd=attachment%3B+filename%3Dpatchelf-0.13.tar.bz2&rsct=application%2Foctet-stream&skoid=96c2d410-5711-43a1-aedd-ab1947aa7ab0&sktid=398a6654-997b-47e9-b12b-9515b896b4de&skt=2026-06-18T09%3A26%3A10Z&ske=2026-06-18T10%3A27%3A00Z&sks=b&skv=2018-11-09&sig=88lB8LCzODpzxhnQ8Pw14HWmUw%2FvShpa2uLW8%2B9TawY%3D&jwt=eyJ0eXAiOiJKV1QiLCJhbGciOiJIUzI1NiJ9.eyJpc3MiOiJnaXRodWIuY29tIiwiYXVkIjoicmVsZWFzZS1hc3NldHMuZ2l0aHVidXNlcmNvbnRlbnQuY29tIiwia2V5Ijoia2V5MSIsImV4cCI6MTc4MTc3NjM1MiwibmJmIjoxNzgxNzc2MDUyLCJwYXRoIjoicmVsZWFzZWFzc2V0cHJvZHVjdGlvbi5ibG9iLmNvcmUud2luZG93cy5uZXQifQ.9s1Yy2U-ztwc3UJrJoFFe99GBcNERZa5eWEoAwkqD1U&response-content-disposition=attachment%3B%20filename%3Dpatchelf-0.13.tar.bz2&response-content-type=application%2Foctet-stream
Connecting to 127.0.0.1:7890... connected.
Proxy request sent, awaiting response... 200 OK
Length: 172499 (168K) [application/octet-stream]
Saving to: ‘/home/charliechen/rk-forge/third_party/buildroot/output/build/.patchelf-0.13.tar.bz2.HaiqCI/output’

     0K .......... .......... .......... .......... .......... 29% 2.09M 0s
    50K .......... .......... .......... .......... .......... 59% 1.48M 0s
   100K .......... .......... .......... .......... .......... 89% 81.2M 0s
   150K .......... ........                                   100%  165M=0.06s

2026-06-18 17:47:33 (2.88 MB/s) - ‘/home/charliechen/rk-forge/third_party/buildroot/output/build/.patchelf-0.13.tar.bz2.HaiqCI/output’ saved [172499/172499]

patchelf-0.13.tar.bz2: OK (sha256: 4c7ed4bcfc1a114d6286e4a0d3c1a90db147a4c3adda1814ee0eee0f9ee917ed)
[7m>>> host-patchelf 0.13 Extracting[27m
bzcat /home/charliechen/rk-forge/third_party/buildroot/dl/patchelf/patchelf-0.13.tar.bz2 | tar --strip-components=1 -C /home/charliechen/rk-forge/third_party/buildroot/output/build/host-patchelf-0.13   -xf -
[7m>>> host-patchelf 0.13 Patching[27m

Applying 0001-Add-option-to-make-the-rpath-relative-under-a-specif.patch using patch: 
patching file src/patchelf.cc
[7m>>> host-patchelf 0.13 Updating config.sub and config.guess[27m
for file in config.guess config.sub; do for i in $(find /home/charliechen/rk-forge/third_party/buildroot/output/build/host-patchelf-0.13 -name $file); do cp support/gnuconfig/$file $i; done; done
[7m>>> host-patchelf 0.13 Patching libtool[27m
[7m>>> host-patchelf 0.13 Configuring[27m
(cd /home/charliechen/rk-forge/third_party/buildroot/output/build/host-patchelf-0.13/ && rm -rf config.cache; GIT_DIR=. PATH="/home/charliechen/rk-forge/third_party/buildroot/output/host/bin:/home/charliechen/rk-forge/third_party/buildroot/output/host/sbin:/opt/arm-gnu-toolchain-15.2.rel1-x86_64-arm-none-linux-gnueabihf/bin:/opt/arm-gnu-toolchain-15.2.rel1-x86_64-arm-none-linux-gnueabihf/bin:/home/charliechen/.pyenv/shims:/home/charliechen/.pyenv/bin:/home/charliechen/.vscode-server/bin/93cfdd489c3b228840d0f86ec77c3636277c93ea/bin/remote-cli:/home/charliechen/.local/bin:/opt/arm-gnu-toolchain-15.2.rel1-x86_64-arm-none-linux-gnueabihf/bin:/home/charliechen/.pyenv/bin:/usr/local/sbin:/usr/local/bin:/usr/sbin:/usr/bin:/sbin:/bin:/usr/games:/usr/local/games:/usr/lib/wsl/lib" PKG_CONFIG="/home/charliechen/rk-forge/third_party/buildroot/output/host/bin/pkg-config" PKG_CONFIG_SYSROOT_DIR="/" PKG_CONFIG_ALLOW_SYSTEM_CFLAGS=1 PKG_CONFIG_ALLOW_SYSTEM_LIBS=1 PKG_CONFIG_LIBDIR="/home/charliechen/rk-forge/third_party/buildroot/output/host/lib/pkgconfig:/home/charliechen/rk-forge/third_party/buildroot/output/host/share/pkgconfig" AR="/usr/bin/ar" AS="/usr/bin/as" LD="/usr/bin/ld" NM="/usr/bin/nm" CC="/usr/bin/gcc" GCC="/usr/bin/gcc" CXX="/usr/bin/g++" CPP="/usr/bin/cpp" OBJCOPY="/usr/bin/objcopy" RANLIB="/usr/bin/ranlib" CPPFLAGS="-I/home/charliechen/rk-forge/third_party/buildroot/output/host/include" CFLAGS="-O2 -I/home/charliechen/rk-forge/third_party/buildroot/output/host/include" CXXFLAGS="-O2 -I/home/charliechen/rk-forge/third_party/buildroot/output/host/include" LDFLAGS="-L/home/charliechen/rk-forge/third_party/buildroot/output/host/lib -Wl,-rpath,/home/charliechen/rk-forge/third_party/buildroot/output/host/lib" INTLTOOL_PERL=/usr/bin/perl  CONFIG_SITE=/dev/null ./configure --prefix="/home/charliechen/rk-forge/third_party/buildroot/output/host" --sysconfdir="/home/charliechen/rk-forge/third_party/buildroot/output/host/etc" --localstatedir="/home/charliechen/rk-forge/third_party/buildroot/output/host/var" --enable-shared --disable-static --disable-gtk-doc --disable-gtk-doc-html --disable-doc --disable-docs --disable-documentation --disable-debug --with-xmlto=no --with-fop=no --disable-nls --disable-dependency-tracking   )
configure: WARNING: unrecognized options: --enable-shared, --disable-static, --disable-gtk-doc, --disable-gtk-doc-html, --disable-doc, --disable-docs, --disable-documentation, --disable-debug, --with-xmlto, --with-fop, --disable-nls
checking for a BSD-compatible install... /usr/bin/install -c
checking whether build environment is sane... yes
checking for a thread-safe mkdir -p... /usr/bin/mkdir -p
checking for gawk... gawk
checking whether make sets $(MAKE)... yes
checking whether make supports nested variables... yes
checking whether make supports the include directive... yes (GNU style)
checking for gcc... /usr/bin/gcc
checking whether the C compiler works... yes
checking for C compiler default output file name... a.out
checking for suffix of executables... 
checking whether we are cross compiling... no
checking for suffix of object files... o
checking whether we are using the GNU C compiler... yes
checking whether /usr/bin/gcc accepts -g... yes
checking for /usr/bin/gcc option to accept ISO C89... none needed
checking whether /usr/bin/gcc understands -c and -o together... yes
checking dependency style of /usr/bin/gcc... none
checking whether we are using the GNU C++ compiler... yes
checking whether /usr/bin/g++ accepts -g... yes
checking dependency style of /usr/bin/g++... none
checking dependency style of /usr/bin/gcc... none
checking that generated files are newer than configure... done
configure: creating ./config.status
config.status: creating Makefile
config.status: creating src/Makefile
config.status: creating tests/Makefile
config.status: creating patchelf.spec
config.status: executing depfiles commands
configure: WARNING: unrecognized options: --enable-shared, --disable-static, --disable-gtk-doc, --disable-gtk-doc-html, --disable-doc, --disable-docs, --disable-documentation, --disable-debug, --with-xmlto, --with-fop, --disable-nls
[7m>>> host-patchelf 0.13 Building[27m
GIT_DIR=. PATH="/home/charliechen/rk-forge/third_party/buildroot/output/host/bin:/home/charliechen/rk-forge/third_party/buildroot/output/host/sbin:/opt/arm-gnu-toolchain-15.2.rel1-x86_64-arm-none-linux-gnueabihf/bin:/opt/arm-gnu-toolchain-15.2.rel1-x86_64-arm-none-linux-gnueabihf/bin:/home/charliechen/.pyenv/shims:/home/charliechen/.pyenv/bin:/home/charliechen/.vscode-server/bin/93cfdd489c3b228840d0f86ec77c3636277c93ea/bin/remote-cli:/home/charliechen/.local/bin:/opt/arm-gnu-toolchain-15.2.rel1-x86_64-arm-none-linux-gnueabihf/bin:/home/charliechen/.pyenv/bin:/usr/local/sbin:/usr/local/bin:/usr/sbin:/usr/bin:/sbin:/bin:/usr/games:/usr/local/games:/usr/lib/wsl/lib" PKG_CONFIG="/home/charliechen/rk-forge/third_party/buildroot/output/host/bin/pkg-config" PKG_CONFIG_SYSROOT_DIR="/" PKG_CONFIG_ALLOW_SYSTEM_CFLAGS=1 PKG_CONFIG_ALLOW_SYSTEM_LIBS=1 PKG_CONFIG_LIBDIR="/home/charliechen/rk-forge/third_party/buildroot/output/host/lib/pkgconfig:/home/charliechen/rk-forge/third_party/buildroot/output/host/share/pkgconfig"  /usr/bin/make -j15  -C /home/charliechen/rk-forge/third_party/buildroot/output/build/host-patchelf-0.13/
make[1]: Entering directory '/home/charliechen/rk-forge/third_party/buildroot/output/build/host-patchelf-0.13'
Making all in src
make[2]: Entering directory '/home/charliechen/rk-forge/third_party/buildroot/output/build/host-patchelf-0.13/src'
/usr/bin/g++ -DPACKAGE_NAME=\"patchelf\" -DPACKAGE_TARNAME=\"patchelf\" -DPACKAGE_VERSION=\"0.13.20210805.a949ff2\" -DPACKAGE_STRING=\"patchelf\ 0.13.20210805.a949ff2\" -DPACKAGE_BUGREPORT=\"\" -DPACKAGE_URL=\"\" -DPACKAGE=\"patchelf\" -DVERSION=\"0.13.20210805.a949ff2\" -I.   -I/home/charliechen/rk-forge/third_party/buildroot/output/host/include -Wall -std=c++11 -D_FILE_OFFSET_BITS=64  -O2 -I/home/charliechen/rk-forge/third_party/buildroot/output/host/include -c -o patchelf.o patchelf.cc
/usr/bin/g++ -Wall -std=c++11 -D_FILE_OFFSET_BITS=64  -O2 -I/home/charliechen/rk-forge/third_party/buildroot/output/host/include  -L/home/charliechen/rk-forge/third_party/buildroot/output/host/lib -Wl,-rpath,/home/charliechen/rk-forge/third_party/buildroot/output/host/lib -o patchelf patchelf.o  
make[2]: Leaving directory '/home/charliechen/rk-forge/third_party/buildroot/output/build/host-patchelf-0.13/src'
Making all in tests
make[2]: Entering directory '/home/charliechen/rk-forge/third_party/buildroot/output/build/host-patchelf-0.13/tests'
make[2]: Nothing to be done for 'all'.
make[2]: Leaving directory '/home/charliechen/rk-forge/third_party/buildroot/output/build/host-patchelf-0.13/tests'
make[2]: Entering directory '/home/charliechen/rk-forge/third_party/buildroot/output/build/host-patchelf-0.13'
make[2]: Nothing to be done for 'all-am'.
make[2]: Leaving directory '/home/charliechen/rk-forge/third_party/buildroot/output/build/host-patchelf-0.13'
make[1]: Leaving directory '/home/charliechen/rk-forge/third_party/buildroot/output/build/host-patchelf-0.13'
[7m>>> host-patchelf 0.13 Installing to host directory[27m
GIT_DIR=. PATH="/home/charliechen/rk-forge/third_party/buildroot/output/host/bin:/home/charliechen/rk-forge/third_party/buildroot/output/host/sbin:/opt/arm-gnu-toolchain-15.2.rel1-x86_64-arm-none-linux-gnueabihf/bin:/opt/arm-gnu-toolchain-15.2.rel1-x86_64-arm-none-linux-gnueabihf/bin:/home/charliechen/.pyenv/shims:/home/charliechen/.pyenv/bin:/home/charliechen/.vscode-server/bin/93cfdd489c3b228840d0f86ec77c3636277c93ea/bin/remote-cli:/home/charliechen/.local/bin:/opt/arm-gnu-toolchain-15.2.rel1-x86_64-arm-none-linux-gnueabihf/bin:/home/charliechen/.pyenv/bin:/usr/local/sbin:/usr/local/bin:/usr/sbin:/usr/bin:/sbin:/bin:/usr/games:/usr/local/games:/usr/lib/wsl/lib" PKG_CONFIG="/home/charliechen/rk-forge/third_party/buildroot/output/host/bin/pkg-config" PKG_CONFIG_SYSROOT_DIR="/" PKG_CONFIG_ALLOW_SYSTEM_CFLAGS=1 PKG_CONFIG_ALLOW_SYSTEM_LIBS=1 PKG_CONFIG_LIBDIR="/home/charliechen/rk-forge/third_party/buildroot/output/host/lib/pkgconfig:/home/charliechen/rk-forge/third_party/buildroot/output/host/share/pkgconfig"  /usr/bin/make -j15 install -C /home/charliechen/rk-forge/third_party/buildroot/output/build/host-patchelf-0.13/
make[1]: Entering directory '/home/charliechen/rk-forge/third_party/buildroot/output/build/host-patchelf-0.13'
Making install in src
make[2]: Entering directory '/home/charliechen/rk-forge/third_party/buildroot/output/build/host-patchelf-0.13/src'
make[3]: Entering directory '/home/charliechen/rk-forge/third_party/buildroot/output/build/host-patchelf-0.13/src'
make[3]: Nothing to be done for 'install-data-am'.
 /usr/bin/mkdir -p '/home/charliechen/rk-forge/third_party/buildroot/output/host/bin'
  /usr/bin/install -c patchelf '/home/charliechen/rk-forge/third_party/buildroot/output/host/bin'
make[3]: Leaving directory '/home/charliechen/rk-forge/third_party/buildroot/output/build/host-patchelf-0.13/src'
make[2]: Leaving directory '/home/charliechen/rk-forge/third_party/buildroot/output/build/host-patchelf-0.13/src'
Making install in tests
make[2]: Entering directory '/home/charliechen/rk-forge/third_party/buildroot/output/build/host-patchelf-0.13/tests'
make[3]: Entering directory '/home/charliechen/rk-forge/third_party/buildroot/output/build/host-patchelf-0.13/tests'
make[3]: Nothing to be done for 'install-exec-am'.
make[3]: Nothing to be done for 'install-data-am'.
make[3]: Leaving directory '/home/charliechen/rk-forge/third_party/buildroot/output/build/host-patchelf-0.13/tests'
make[2]: Leaving directory '/home/charliechen/rk-forge/third_party/buildroot/output/build/host-patchelf-0.13/tests'
make[2]: Entering directory '/home/charliechen/rk-forge/third_party/buildroot/output/build/host-patchelf-0.13'
make[3]: Entering directory '/home/charliechen/rk-forge/third_party/buildroot/output/build/host-patchelf-0.13'
make[3]: Nothing to be done for 'install-exec-am'.
 /usr/bin/mkdir -p '/home/charliechen/rk-forge/third_party/buildroot/output/host/share/doc/patchelf'
 /usr/bin/mkdir -p '/home/charliechen/rk-forge/third_party/buildroot/output/host/share/man/man1'
 /usr/bin/install -c -m 644 patchelf.1 '/home/charliechen/rk-forge/third_party/buildroot/output/host/share/man/man1'
 /usr/bin/install -c -m 644 README.md '/home/charliechen/rk-forge/third_party/buildroot/output/host/share/doc/patchelf'
make[3]: Leaving directory '/home/charliechen/rk-forge/third_party/buildroot/output/build/host-patchelf-0.13'
make[2]: Leaving directory '/home/charliechen/rk-forge/third_party/buildroot/output/build/host-patchelf-0.13'
make[1]: Leaving directory '/home/charliechen/rk-forge/third_party/buildroot/output/build/host-patchelf-0.13'
[7m>>> urandom-scripts  Extracting[27m
[7m>>> urandom-scripts  Patching[27m
[7m>>> urandom-scripts  Configuring[27m
[7m>>> urandom-scripts  Building[27m
[7m>>> urandom-scripts  Installing to target[27m
/usr/bin/install -D -m 0755 package/urandom-scripts/S01seedrng /home/charliechen/rk-forge/third_party/buildroot/output/target/etc/init.d/S01seedrng
[7m>>>   Finalizing host directory[27m
[7m>>>   Finalizing target directory[27m
mkdir -p /home/charliechen/rk-forge/third_party/buildroot/output/host/etc/meson
sed -e "s%@TARGET_CFLAGS@%'-D_LARGEFILE_SOURCE', '-D_LARGEFILE64_SOURCE', '-D_FILE_OFFSET_BITS=64', '-O2', '-g0', '-D_FORTIFY_SOURCE=1'@PKG_TARGET_CFLAGS@%g" -e "s%@TARGET_LDFLAGS@%@PKG_TARGET_LDFLAGS@%g" -e "s%@TARGET_CXXFLAGS@%'-D_LARGEFILE_SOURCE', '-D_LARGEFILE64_SOURCE', '-D_FILE_OFFSET_BITS=64', '-O2', '-g0', '-D_FORTIFY_SOURCE=1'@PKG_TARGET_CXXFLAGS@%g" -e "s%@TARGET_FCFLAGS@%'-O2', '-g0'@PKG_TARGET_FCFLAGS@%g"         -e "s%@TARGET_CC@%/home/charliechen/rk-forge/third_party/buildroot/output/host/bin/arm-none-linux-gnueabihf-gcc%g" -e "s%@TARGET_CXX@%/home/charliechen/rk-forge/third_party/buildroot/output/host/bin/arm-none-linux-gnueabihf-g++%g" -e "s%@TARGET_AR@%/home/charliechen/rk-forge/third_party/buildroot/output/host/bin/arm-none-linux-gnueabihf-gcc-ar%g" -e "s%@TARGET_FC@%/home/charliechen/rk-forge/third_party/buildroot/output/host/bin/arm-none-linux-gnueabihf-gfortran%g" -e "s%@TARGET_STRIP@%/home/charliechen/rk-forge/third_party/buildroot/output/host/bin/arm-none-linux-gnueabihf-strip%g" -e "s%@TARGET_ARCH@%arm%g" -e "s%@TARGET_CPU@%cortex-a7%g" -e "s%@TARGET_ENDIAN@%little%g" -e "s%@TARGET_FCFLAGS@%%g" -e "s%@TARGET_CFLAGS@%%g" -e "s%@TARGET_LDFLAGS@%%g" -e "s%@TARGET_CXXFLAGS@%%g" -e "s%@BR2_CMAKE@%/usr/bin/cmake%g" -e "s%@PKGCONF_HOST_BINARY@%/home/charliechen/rk-forge/third_party/buildroot/output/host/bin/pkgconf%g" -e "s%@HOST_DIR@%/home/charliechen/rk-forge/third_party/buildroot/output/host%g" -e "s%@STAGING_DIR@%/home/charliechen/rk-forge/third_party/buildroot/output/host/arm-buildroot-linux-gnueabihf/sysroot%g" -e "s%@STATIC@%false%g" /home/charliechen/rk-forge/third_party/buildroot/support/misc/cross-compilation.conf.in > /home/charliechen/rk-forge/third_party/buildroot/output/host/etc/meson/cross-compilation.conf.in
sed         -e "s%@TARGET_CC@%/home/charliechen/rk-forge/third_party/buildroot/output/host/bin/arm-none-linux-gnueabihf-gcc%g" -e "s%@TARGET_CXX@%/home/charliechen/rk-forge/third_party/buildroot/output/host/bin/arm-none-linux-gnueabihf-g++%g" -e "s%@TARGET_AR@%/home/charliechen/rk-forge/third_party/buildroot/output/host/bin/arm-none-linux-gnueabihf-gcc-ar%g" -e "s%@TARGET_FC@%/home/charliechen/rk-forge/third_party/buildroot/output/host/bin/arm-none-linux-gnueabihf-gfortran%g" -e "s%@TARGET_STRIP@%/home/charliechen/rk-forge/third_party/buildroot/output/host/bin/arm-none-linux-gnueabihf-strip%g" -e "s%@TARGET_ARCH@%arm%g" -e "s%@TARGET_CPU@%cortex-a7%g" -e "s%@TARGET_ENDIAN@%little%g" -e "s%@TARGET_FCFLAGS@%'-O2', '-g0'%g" -e "s%@TARGET_CFLAGS@%'-D_LARGEFILE_SOURCE', '-D_LARGEFILE64_SOURCE', '-D_FILE_OFFSET_BITS=64', '-O2', '-g0', '-D_FORTIFY_SOURCE=1'%g" -e "s%@TARGET_LDFLAGS@%%g" -e "s%@TARGET_CXXFLAGS@%'-D_LARGEFILE_SOURCE', '-D_LARGEFILE64_SOURCE', '-D_FILE_OFFSET_BITS=64', '-O2', '-g0', '-D_FORTIFY_SOURCE=1'%g" -e "s%@BR2_CMAKE@%/usr/bin/cmake%g" -e "s%@PKGCONF_HOST_BINARY@%/home/charliechen/rk-forge/third_party/buildroot/output/host/bin/pkgconf%g" -e "s%@HOST_DIR@%/home/charliechen/rk-forge/third_party/buildroot/output/host%g" -e "s%@STAGING_DIR@%/home/charliechen/rk-forge/third_party/buildroot/output/host/arm-buildroot-linux-gnueabihf/sysroot%g" -e "s%@STATIC@%false%g" /home/charliechen/rk-forge/third_party/buildroot/support/misc/cross-compilation.conf.in > /home/charliechen/rk-forge/third_party/buildroot/output/host/etc/meson/cross-compilation.conf
/usr/bin/sed -i -e '/# GENERIC_SERIAL$/s~^.*#~console::respawn:/sbin/getty -L  console 0 vt100 #~' /home/charliechen/rk-forge/third_party/buildroot/output/target/etc/inittab
/usr/bin/sed -i -e '/^#.*-o remount,rw \/$/s~^#\+~~' /home/charliechen/rk-forge/third_party/buildroot/output/target/etc/inittab
if grep -q CONFIG_ASH=y /home/charliechen/rk-forge/third_party/buildroot/output/build/busybox-1.38.0/.config; then grep -qsE '^/bin/ash$' /home/charliechen/rk-forge/third_party/buildroot/output/target/etc/shells || echo "/bin/ash" >> /home/charliechen/rk-forge/third_party/buildroot/output/target/etc/shells; fi
if grep -q CONFIG_HUSH=y /home/charliechen/rk-forge/third_party/buildroot/output/build/busybox-1.38.0/.config; then grep -qsE '^/bin/hush$' /home/charliechen/rk-forge/third_party/buildroot/output/target/etc/shells || echo "/bin/hush" >> /home/charliechen/rk-forge/third_party/buildroot/output/target/etc/shells; fi
mkdir -p /home/charliechen/rk-forge/third_party/buildroot/output/target/etc
echo "rk3506" > /home/charliechen/rk-forge/third_party/buildroot/output/target/etc/hostname
/usr/bin/sed -i -e '$a \127.0.1.1\trk3506' -e '/^127.0.1.1/d' /home/charliechen/rk-forge/third_party/buildroot/output/target/etc/hosts
mkdir -p /home/charliechen/rk-forge/third_party/buildroot/output/target/etc
echo "Welcome to rk-forge buildroot" > /home/charliechen/rk-forge/third_party/buildroot/output/target/etc/issue
/usr/bin/sed -i -e s,^root:[^:]*:,root::, /home/charliechen/rk-forge/third_party/buildroot/output/target/etc/shadow
grep -qsE '^/bin/sh$' /home/charliechen/rk-forge/third_party/buildroot/output/target/etc/shells || echo "/bin/sh" >> /home/charliechen/rk-forge/third_party/buildroot/output/target/etc/shells
if [ -x /home/charliechen/rk-forge/third_party/buildroot/output/target/sbin/swapon -a -x /home/charliechen/rk-forge/third_party/buildroot/output/target/sbin/swapoff ]; then /usr/bin/sed -i -e '/^#.*\/sbin\/swap/s/^#\+[[:blank:]]*//' /home/charliechen/rk-forge/third_party/buildroot/output/target/etc/inittab; else /usr/bin/sed -i -e '/^[^#].*\/sbin\/swap/s/^/#/' /home/charliechen/rk-forge/third_party/buildroot/output/target/etc/inittab; fi
printf '%s\n' C en_US locale-archive > /home/charliechen/rk-forge/third_party/buildroot/output/build/locales.nopurge
for dir in /home/charliechen/rk-forge/third_party/buildroot/output/target/usr/share/locale /home/charliechen/rk-forge/third_party/buildroot/output/target/usr/share/X11/locale /home/charliechen/rk-forge/third_party/buildroot/output/target/usr/lib/locale; do if [ ! -d $dir ]; then continue; fi; for langdir in $dir/*; do if [ -e "${langdir}" ]; then grep -qx "${langdir##*/}" /home/charliechen/rk-forge/third_party/buildroot/output/build/locales.nopurge || rm -rf $langdir; fi done; done
if [ -d /home/charliechen/rk-forge/third_party/buildroot/output/target/usr/share/X11/locale ]; then for lang in C en_US; do if [ -f /home/charliechen/rk-forge/third_party/buildroot/output/target/usr/share/X11/locale/$lang/XLC_LOCALE ]; then echo "$lang/XLC_LOCALE: $lang"; fi done > /home/charliechen/rk-forge/third_party/buildroot/output/target/usr/share/X11/locale/locale.dir; fi
rm -rf /home/charliechen/rk-forge/third_party/buildroot/output/target/usr/include /home/charliechen/rk-forge/third_party/buildroot/output/target/usr/share/aclocal \
	/home/charliechen/rk-forge/third_party/buildroot/output/target/usr/lib/pkgconfig /home/charliechen/rk-forge/third_party/buildroot/output/target/usr/share/pkgconfig \
	/home/charliechen/rk-forge/third_party/buildroot/output/target/usr/lib/cmake /home/charliechen/rk-forge/third_party/buildroot/output/target/usr/share/cmake \
	/home/charliechen/rk-forge/third_party/buildroot/output/target/usr/lib/rpm /home/charliechen/rk-forge/third_party/buildroot/output/target/usr/doc
find /home/charliechen/rk-forge/third_party/buildroot/output/target/usr/{lib,share}/ -name '*.cmake' -print0 | xargs -0 rm -f
find /home/charliechen/rk-forge/third_party/buildroot/output/target/lib/ /home/charliechen/rk-forge/third_party/buildroot/output/target/usr/lib/ /home/charliechen/rk-forge/third_party/buildroot/output/target/usr/libexec/ \
	\( -name '*.a' -o -name '*.la' -o -name '*.prl' \) -print0 | xargs -0 rm -f
find: ‘/home/charliechen/rk-forge/third_party/buildroot/output/target/usr/libexec/’: No such file or directory
rm -rf /home/charliechen/rk-forge/third_party/buildroot/output/target/usr/share/gdb
rm -rf /home/charliechen/rk-forge/third_party/buildroot/output/target/usr/share/bash-completion
rm -rf /home/charliechen/rk-forge/third_party/buildroot/output/target/etc/bash_completion.d
rm -rf /home/charliechen/rk-forge/third_party/buildroot/output/target/usr/share/zsh
rm -rf /home/charliechen/rk-forge/third_party/buildroot/output/target/usr/man /home/charliechen/rk-forge/third_party/buildroot/output/target/usr/share/man
rm -rf /home/charliechen/rk-forge/third_party/buildroot/output/target/usr/info /home/charliechen/rk-forge/third_party/buildroot/output/target/usr/share/info
rm -rf /home/charliechen/rk-forge/third_party/buildroot/output/target/usr/doc /home/charliechen/rk-forge/third_party/buildroot/output/target/usr/share/doc
rm -rf /home/charliechen/rk-forge/third_party/buildroot/output/target/usr/share/gtk-doc
rmdir /home/charliechen/rk-forge/third_party/buildroot/output/target/usr/share 2>/dev/null || true
rm -rf /home/charliechen/rk-forge/third_party/buildroot/output/target/lib/debug /home/charliechen/rk-forge/third_party/buildroot/output/target/usr/lib/debug
find /home/charliechen/rk-forge/third_party/buildroot/output/target   -type f \( -perm /111 -o -name '*.so*' \) -not \( -name 'libpthread*.so*' -o -name 'ld-*.so*' -o -name '*.ko' \) -print0 | xargs -0 /home/charliechen/rk-forge/third_party/buildroot/output/host/bin/arm-none-linux-gnueabihf-strip --remove-section=.comment --remove-section=.note 2>/dev/null || true
find /home/charliechen/rk-forge/third_party/buildroot/output/target   \( -name 'ld-*.so*' -o -name 'libpthread*.so*' \) -print0 | xargs -0 -r /home/charliechen/rk-forge/third_party/buildroot/output/host/bin/arm-none-linux-gnueabihf-strip --remove-section=.comment --remove-section=.note --strip-debug 2>/dev/null || true
test -f /home/charliechen/rk-forge/third_party/buildroot/output/target/etc/ld.so.conf && \
	{ echo "ERROR: we shouldn't have a /etc/ld.so.conf file"; exit 1; } || true
test -d /home/charliechen/rk-forge/third_party/buildroot/output/target/etc/ld.so.conf.d && \
	{ echo "ERROR: we shouldn't have a /etc/ld.so.conf.d directory"; exit 1; } || true
mkdir -p /home/charliechen/rk-forge/third_party/buildroot/output/target/etc
( \
	echo "NAME=Buildroot"; \
	echo "VERSION=-g67449130"; \
	echo "ID=buildroot"; \
	echo "VERSION_ID=2026.08-git"; \
	echo "PRETTY_NAME=\"Buildroot 2026.08-git\"" \
) >  /home/charliechen/rk-forge/third_party/buildroot/output/target/usr/lib/os-release
ln -sf ../usr/lib/os-release /home/charliechen/rk-forge/third_party/buildroot/output/target/etc
[7m>>>   Sanitizing RPATH in target tree[27m
PARALLEL_JOBS=15 \
	PER_PACKAGE_DIR=/home/charliechen/rk-forge/third_party/buildroot/output/per-package \
	/home/charliechen/rk-forge/third_party/buildroot/support/scripts/fix-rpath target
[7m>>>   Sanity check in overlays[27m
support/scripts/check-merged \
	-t overlay \
	 \
	 \
	
touch /home/charliechen/rk-forge/third_party/buildroot/output/target/usr
[7m>>>   Generating root filesystems common tables[27m
rm -rf /home/charliechen/rk-forge/third_party/buildroot/output/build/buildroot-fs
mkdir -p /home/charliechen/rk-forge/third_party/buildroot/output/build/buildroot-fs
printf '   \n' >> /home/charliechen/rk-forge/third_party/buildroot/output/build/buildroot-fs/full_users_table.txt
printf '   	/bin/busybox                     f 4755 0  0 - - - - -\n\n' > /home/charliechen/rk-forge/third_party/buildroot/output/build/buildroot-fs/full_devices_table.txt
cat system/device_table.txt >> /home/charliechen/rk-forge/third_party/buildroot/output/build/buildroot-fs/full_devices_table.txt
[7m>>>   Generating filesystem image rootfs.cpio[27m
mkdir -p /home/charliechen/rk-forge/third_party/buildroot/output/images
rm -rf /home/charliechen/rk-forge/third_party/buildroot/output/build/buildroot-fs/cpio
mkdir -p /home/charliechen/rk-forge/third_party/buildroot/output/build/buildroot-fs/cpio
rsync -auH --exclude=/THIS_IS_NOT_YOUR_ROOT_FILESYSTEM /home/charliechen/rk-forge/third_party/buildroot/output/target/ /home/charliechen/rk-forge/third_party/buildroot/output/build/buildroot-fs/cpio/target
echo '#!/bin/sh' > /home/charliechen/rk-forge/third_party/buildroot/output/build/buildroot-fs/cpio/fakeroot
echo "set -e" >> /home/charliechen/rk-forge/third_party/buildroot/output/build/buildroot-fs/cpio/fakeroot
echo "chown -h -R 0:0 /home/charliechen/rk-forge/third_party/buildroot/output/build/buildroot-fs/cpio/target" >> /home/charliechen/rk-forge/third_party/buildroot/output/build/buildroot-fs/cpio/fakeroot
PATH="/home/charliechen/rk-forge/third_party/buildroot/output/host/bin:/home/charliechen/rk-forge/third_party/buildroot/output/host/sbin:/opt/arm-gnu-toolchain-15.2.rel1-x86_64-arm-none-linux-gnueabihf/bin:/opt/arm-gnu-toolchain-15.2.rel1-x86_64-arm-none-linux-gnueabihf/bin:/home/charliechen/.pyenv/shims:/home/charliechen/.pyenv/bin:/home/charliechen/.vscode-server/bin/93cfdd489c3b228840d0f86ec77c3636277c93ea/bin/remote-cli:/home/charliechen/.local/bin:/opt/arm-gnu-toolchain-15.2.rel1-x86_64-arm-none-linux-gnueabihf/bin:/home/charliechen/.pyenv/bin:/usr/local/sbin:/usr/local/bin:/usr/sbin:/usr/bin:/sbin:/bin:/usr/games:/usr/local/games:/usr/lib/wsl/lib" /home/charliechen/rk-forge/third_party/buildroot/support/scripts/mkusers /home/charliechen/rk-forge/third_party/buildroot/output/build/buildroot-fs/full_users_table.txt /home/charliechen/rk-forge/third_party/buildroot/output/build/buildroot-fs/cpio/target >> /home/charliechen/rk-forge/third_party/buildroot/output/build/buildroot-fs/cpio/fakeroot
echo "/home/charliechen/rk-forge/third_party/buildroot/output/host/bin/makedevs -d /home/charliechen/rk-forge/third_party/buildroot/output/build/buildroot-fs/full_devices_table.txt /home/charliechen/rk-forge/third_party/buildroot/output/build/buildroot-fs/cpio/target" >> /home/charliechen/rk-forge/third_party/buildroot/output/build/buildroot-fs/cpio/fakeroot
printf '   	rm -rf /home/charliechen/rk-forge/third_party/buildroot/output/build/buildroot-fs/cpio/target/usr/lib/udev/hwdb.d/ /home/charliechen/rk-forge/third_party/buildroot/output/build/buildroot-fs/cpio/target/etc/udev/hwdb.d/\n' >> /home/charliechen/rk-forge/third_party/buildroot/output/build/buildroot-fs/cpio/fakeroot
printf '   	if [ ! -e /home/charliechen/rk-forge/third_party/buildroot/output/build/buildroot-fs/cpio/target/init ]; then /usr/bin/install -m 0755 fs/cpio/init /home/charliechen/rk-forge/third_party/buildroot/output/build/buildroot-fs/cpio/target/init; fi\n	mkdir -p /home/charliechen/rk-forge/third_party/buildroot/output/build/buildroot-fs/cpio/target/dev\n	mknod -m 0622 /home/charliechen/rk-forge/third_party/buildroot/output/build/buildroot-fs/cpio/target/dev/console c 5 1\n' >> /home/charliechen/rk-forge/third_party/buildroot/output/build/buildroot-fs/cpio/fakeroot
echo "find /home/charliechen/rk-forge/third_party/buildroot/output/build/buildroot-fs/cpio/target/run/ -mindepth 1 -prune -print0 | xargs -0r rm -rf --" >> /home/charliechen/rk-forge/third_party/buildroot/output/build/buildroot-fs/cpio/fakeroot
echo "find /home/charliechen/rk-forge/third_party/buildroot/output/build/buildroot-fs/cpio/target/tmp/ -mindepth 1 -prune -print0 | xargs -0r rm -rf --" >> /home/charliechen/rk-forge/third_party/buildroot/output/build/buildroot-fs/cpio/fakeroot
printf '   \n' >> /home/charliechen/rk-forge/third_party/buildroot/output/build/buildroot-fs/cpio/fakeroot
printf '   \n' >> /home/charliechen/rk-forge/third_party/buildroot/output/build/buildroot-fs/cpio/fakeroot
printf '   	cd /home/charliechen/rk-forge/third_party/buildroot/output/build/buildroot-fs/cpio/target && find . | LC_ALL=C sort | cpio  --quiet -o -H newc > /home/charliechen/rk-forge/third_party/buildroot/output/images/rootfs.cpio\n' >> /home/charliechen/rk-forge/third_party/buildroot/output/build/buildroot-fs/cpio/fakeroot
chmod a+x /home/charliechen/rk-forge/third_party/buildroot/output/build/buildroot-fs/cpio/fakeroot
PATH="/home/charliechen/rk-forge/third_party/buildroot/output/host/bin:/home/charliechen/rk-forge/third_party/buildroot/output/host/sbin:/opt/arm-gnu-toolchain-15.2.rel1-x86_64-arm-none-linux-gnueabihf/bin:/opt/arm-gnu-toolchain-15.2.rel1-x86_64-arm-none-linux-gnueabihf/bin:/home/charliechen/.pyenv/shims:/home/charliechen/.pyenv/bin:/home/charliechen/.vscode-server/bin/93cfdd489c3b228840d0f86ec77c3636277c93ea/bin/remote-cli:/home/charliechen/.local/bin:/opt/arm-gnu-toolchain-15.2.rel1-x86_64-arm-none-linux-gnueabihf/bin:/home/charliechen/.pyenv/bin:/usr/local/sbin:/usr/local/bin:/usr/sbin:/usr/bin:/sbin:/bin:/usr/games:/usr/local/games:/usr/lib/wsl/lib" FAKEROOTDONTTRYCHOWN=1 /home/charliechen/rk-forge/third_party/buildroot/output/host/bin/fakeroot -- /home/charliechen/rk-forge/third_party/buildroot/output/build/buildroot-fs/cpio/fakeroot
rootdir=/home/charliechen/rk-forge/third_party/buildroot/output/build/buildroot-fs/cpio/target
table='/home/charliechen/rk-forge/third_party/buildroot/output/build/buildroot-fs/full_devices_table.txt'
[7m>>>   Generating filesystem image rootfs.tar[27m
mkdir -p /home/charliechen/rk-forge/third_party/buildroot/output/images
rm -rf /home/charliechen/rk-forge/third_party/buildroot/output/build/buildroot-fs/tar
mkdir -p /home/charliechen/rk-forge/third_party/buildroot/output/build/buildroot-fs/tar
rsync -auH --exclude=/THIS_IS_NOT_YOUR_ROOT_FILESYSTEM /home/charliechen/rk-forge/third_party/buildroot/output/target/ /home/charliechen/rk-forge/third_party/buildroot/output/build/buildroot-fs/tar/target
echo '#!/bin/sh' > /home/charliechen/rk-forge/third_party/buildroot/output/build/buildroot-fs/tar/fakeroot
echo "set -e" >> /home/charliechen/rk-forge/third_party/buildroot/output/build/buildroot-fs/tar/fakeroot
echo "chown -h -R 0:0 /home/charliechen/rk-forge/third_party/buildroot/output/build/buildroot-fs/tar/target" >> /home/charliechen/rk-forge/third_party/buildroot/output/build/buildroot-fs/tar/fakeroot
PATH="/home/charliechen/rk-forge/third_party/buildroot/output/host/bin:/home/charliechen/rk-forge/third_party/buildroot/output/host/sbin:/opt/arm-gnu-toolchain-15.2.rel1-x86_64-arm-none-linux-gnueabihf/bin:/opt/arm-gnu-toolchain-15.2.rel1-x86_64-arm-none-linux-gnueabihf/bin:/home/charliechen/.pyenv/shims:/home/charliechen/.pyenv/bin:/home/charliechen/.vscode-server/bin/93cfdd489c3b228840d0f86ec77c3636277c93ea/bin/remote-cli:/home/charliechen/.local/bin:/opt/arm-gnu-toolchain-15.2.rel1-x86_64-arm-none-linux-gnueabihf/bin:/home/charliechen/.pyenv/bin:/usr/local/sbin:/usr/local/bin:/usr/sbin:/usr/bin:/sbin:/bin:/usr/games:/usr/local/games:/usr/lib/wsl/lib" /home/charliechen/rk-forge/third_party/buildroot/support/scripts/mkusers /home/charliechen/rk-forge/third_party/buildroot/output/build/buildroot-fs/full_users_table.txt /home/charliechen/rk-forge/third_party/buildroot/output/build/buildroot-fs/tar/target >> /home/charliechen/rk-forge/third_party/buildroot/output/build/buildroot-fs/tar/fakeroot
echo "/home/charliechen/rk-forge/third_party/buildroot/output/host/bin/makedevs -d /home/charliechen/rk-forge/third_party/buildroot/output/build/buildroot-fs/full_devices_table.txt /home/charliechen/rk-forge/third_party/buildroot/output/build/buildroot-fs/tar/target" >> /home/charliechen/rk-forge/third_party/buildroot/output/build/buildroot-fs/tar/fakeroot
printf '   	rm -rf /home/charliechen/rk-forge/third_party/buildroot/output/build/buildroot-fs/tar/target/usr/lib/udev/hwdb.d/ /home/charliechen/rk-forge/third_party/buildroot/output/build/buildroot-fs/tar/target/etc/udev/hwdb.d/\n' >> /home/charliechen/rk-forge/third_party/buildroot/output/build/buildroot-fs/tar/fakeroot
echo "find /home/charliechen/rk-forge/third_party/buildroot/output/build/buildroot-fs/tar/target/run/ -mindepth 1 -prune -print0 | xargs -0r rm -rf --" >> /home/charliechen/rk-forge/third_party/buildroot/output/build/buildroot-fs/tar/fakeroot
echo "find /home/charliechen/rk-forge/third_party/buildroot/output/build/buildroot-fs/tar/target/tmp/ -mindepth 1 -prune -print0 | xargs -0r rm -rf --" >> /home/charliechen/rk-forge/third_party/buildroot/output/build/buildroot-fs/tar/fakeroot
printf '   \n' >> /home/charliechen/rk-forge/third_party/buildroot/output/build/buildroot-fs/tar/fakeroot
printf '   \n' >> /home/charliechen/rk-forge/third_party/buildroot/output/build/buildroot-fs/tar/fakeroot
printf '   	(cd /home/charliechen/rk-forge/third_party/buildroot/output/build/buildroot-fs/tar/target; find -print0 | LC_ALL=C sort -z | tar  --pax-option=exthdr.name=%%d/PaxHeaders/%%f,atime:=0,ctime:=0 -cf /home/charliechen/rk-forge/third_party/buildroot/output/images/rootfs.tar --null --xattrs-include='\''*'\'' --no-recursion -T - --numeric-owner)\n' >> /home/charliechen/rk-forge/third_party/buildroot/output/build/buildroot-fs/tar/fakeroot
chmod a+x /home/charliechen/rk-forge/third_party/buildroot/output/build/buildroot-fs/tar/fakeroot
PATH="/home/charliechen/rk-forge/third_party/buildroot/output/host/bin:/home/charliechen/rk-forge/third_party/buildroot/output/host/sbin:/opt/arm-gnu-toolchain-15.2.rel1-x86_64-arm-none-linux-gnueabihf/bin:/opt/arm-gnu-toolchain-15.2.rel1-x86_64-arm-none-linux-gnueabihf/bin:/home/charliechen/.pyenv/shims:/home/charliechen/.pyenv/bin:/home/charliechen/.vscode-server/bin/93cfdd489c3b228840d0f86ec77c3636277c93ea/bin/remote-cli:/home/charliechen/.local/bin:/opt/arm-gnu-toolchain-15.2.rel1-x86_64-arm-none-linux-gnueabihf/bin:/home/charliechen/.pyenv/bin:/usr/local/sbin:/usr/local/bin:/usr/sbin:/usr/bin:/sbin:/bin:/usr/games:/usr/local/games:/usr/lib/wsl/lib" FAKEROOTDONTTRYCHOWN=1 /home/charliechen/rk-forge/third_party/buildroot/output/host/bin/fakeroot -- /home/charliechen/rk-forge/third_party/buildroot/output/build/buildroot-fs/tar/fakeroot
rootdir=/home/charliechen/rk-forge/third_party/buildroot/output/build/buildroot-fs/tar/target
table='/home/charliechen/rk-forge/third_party/buildroot/output/build/buildroot-fs/full_devices_table.txt'
ln -snf /home/charliechen/rk-forge/third_party/buildroot/output/host/arm-buildroot-linux-gnueabihf/sysroot /home/charliechen/rk-forge/third_party/buildroot/output/staging
BUILD EXIT=0
===ARTIFACTS output/images/===
total 17392
drwxr-xr-x 2 charliechen charliechen    4096 Jun 18 17:47 .
drwxr-xr-x 6 charliechen charliechen    4096 Jun 18 17:47 ..
-rw-r--r-- 1 charliechen charliechen 8612864 Jun 18 17:47 rootfs.cpio
-rw-r--r-- 1 charliechen charliechen 9185280 Jun 18 17:47 rootfs.tar
