[7m>>> host-skeleton  Extracting[27m
[7m>>> host-skeleton  Patching[27m
[7m>>> host-skeleton  Configuring[27m
[7m>>> host-skeleton  Building[27m
[7m>>> host-skeleton  Installing to host directory[27m
# check-package DoNotInstallToHostdirUsr
[7m>>> host-m4 1.4.21 Downloading[27m
wget -nd -t 3 --connect-timeout=10 -O '/home/charliechen/rk-forge/third_party/buildroot/output/build/.m4-1.4.21.tar.xz.up0If5/output' 'https://ftpmirror.gnu.org/m4/m4-1.4.21.tar.xz' 
--2026-06-18 17:30:55--  https://ftpmirror.gnu.org/m4/m4-1.4.21.tar.xz
Connecting to 127.0.0.1:7890... connected.
Proxy request sent, awaiting response... 302 Moved Temporarily
Location: https://mirror.truenetwork.ru/gnu/m4/m4-1.4.21.tar.xz [following]
--2026-06-18 17:30:57--  https://mirror.truenetwork.ru/gnu/m4/m4-1.4.21.tar.xz
Connecting to 127.0.0.1:7890... connected.
Proxy request sent, awaiting response... 200 OK
Length: 2080016 (2.0M) [application/octet-stream]
Saving to: ‘/home/charliechen/rk-forge/third_party/buildroot/output/build/.m4-1.4.21.tar.xz.up0If5/output’

     0K .......... .......... .......... .......... ..........  2%  182K 11s
    50K .......... .......... .......... .......... ..........  4%  254K 9s
   100K .......... .......... .......... .......... ..........  7%  990K 7s
   150K .......... .......... .......... .......... ..........  9% 1.52M 5s
   200K .......... .......... .......... .......... .......... 12%  596K 5s
   250K .......... .......... .......... .......... .......... 14% 1.01M 4s
   300K .......... .......... .......... .......... .......... 17% 1.77M 3s
   350K .......... .......... .......... .......... .......... 19% 1.37M 3s
   400K .......... .......... .......... .......... .......... 22%  833K 3s
   450K .......... .......... .......... .......... .......... 24% 1.55M 3s
   500K .......... .......... .......... .......... .......... 27% 2.44M 2s
   550K .......... .......... .......... .......... .......... 29% 1.80M 2s
   600K .......... .......... .......... .......... .......... 31% 4.13M 2s
   650K .......... .......... .......... .......... .......... 34% 3.21M 2s
   700K .......... .......... .......... .......... .......... 36% 3.76M 2s
   750K .......... .......... .......... .......... .......... 39% 3.22M 1s
   800K .......... .......... .......... .......... .......... 41% 2.81M 1s
   850K .......... .......... .......... .......... .......... 44%  528K 1s
   900K .......... .......... .......... .......... .......... 46%  645K 1s
   950K .......... .......... .......... .......... .......... 49% 92.4M 1s
  1000K .......... .......... .......... .......... .......... 51% 61.1M 1s
  1050K .......... .......... .......... .......... .......... 54%  345K 1s
  1100K .......... .......... .......... .......... .......... 56% 33.7M 1s
  1150K .......... .......... .......... .......... .......... 59% 24.6M 1s
  1200K .......... .......... .......... .......... .......... 61% 47.0M 1s
  1250K .......... .......... .......... .......... .......... 63% 48.8M 1s
  1300K .......... .......... .......... .......... .......... 66% 61.6M 1s
  1350K .......... .......... .......... .......... .......... 68% 43.8M 1s
  1400K .......... .......... .......... .......... .......... 71% 42.3M 1s
  1450K .......... .......... .......... .......... .......... 73% 40.7M 0s
  1500K .......... .......... .......... .......... .......... 76% 5.41M 0s
  1550K .......... .......... .......... .......... .......... 78% 1.21M 0s
  1600K .......... .......... .......... .......... .......... 81%  837K 0s
  1650K .......... .......... .......... .......... .......... 83% 42.3M 0s
  1700K .......... .......... .......... .......... .......... 86% 43.1M 0s
  1750K .......... .......... .......... .......... .......... 88% 64.4M 0s
  1800K .......... .......... .......... .......... .......... 91% 57.2M 0s
  1850K .......... .......... .......... .......... .......... 93% 54.0M 0s
  1900K .......... .......... .......... .......... .......... 95% 3.50M 0s
  1950K .......... .......... .......... .......... .......... 98%  794K 0s
  2000K .......... .......... .......... .                    100%  771K=1.5s

2026-06-18 17:31:01 (1.30 MB/s) - ‘/home/charliechen/rk-forge/third_party/buildroot/output/build/.m4-1.4.21.tar.xz.up0If5/output’ saved [2080016/2080016]

m4-1.4.21.tar.xz: OK (sha256: f25c6ab51548a73a75558742fb031e0625d6485fe5f9155949d6486a2408ab66)
[7m>>> host-m4 1.4.21 Extracting[27m
xzcat /home/charliechen/rk-forge/third_party/buildroot/dl/m4/m4-1.4.21.tar.xz | tar --strip-components=1 -C /home/charliechen/rk-forge/third_party/buildroot/output/build/host-m4-1.4.21   -xf -
[7m>>> host-m4 1.4.21 Patching[27m
[7m>>> host-m4 1.4.21 Updating config.sub and config.guess[27m
for file in config.guess config.sub; do for i in $(find /home/charliechen/rk-forge/third_party/buildroot/output/build/host-m4-1.4.21 -name $file); do cp support/gnuconfig/$file $i; done; done
[7m>>> host-m4 1.4.21 Patching libtool[27m
[7m>>> host-m4 1.4.21 Configuring[27m
(cd /home/charliechen/rk-forge/third_party/buildroot/output/build/host-m4-1.4.21/ && rm -rf config.cache; GIT_DIR=. PATH="/home/charliechen/rk-forge/third_party/buildroot/output/host/bin:/home/charliechen/rk-forge/third_party/buildroot/output/host/sbin:/opt/arm-gnu-toolchain-15.2.rel1-x86_64-arm-none-linux-gnueabihf/bin:/opt/arm-gnu-toolchain-15.2.rel1-x86_64-arm-none-linux-gnueabihf/bin:/home/charliechen/.pyenv/shims:/home/charliechen/.pyenv/bin:/home/charliechen/.vscode-server/bin/93cfdd489c3b228840d0f86ec77c3636277c93ea/bin/remote-cli:/home/charliechen/.local/bin:/opt/arm-gnu-toolchain-15.2.rel1-x86_64-arm-none-linux-gnueabihf/bin:/home/charliechen/.pyenv/bin:/usr/local/sbin:/usr/local/bin:/usr/sbin:/usr/bin:/sbin:/bin:/usr/games:/usr/local/games:/usr/lib/wsl/lib" PKG_CONFIG="/home/charliechen/rk-forge/third_party/buildroot/output/host/bin/pkg-config" PKG_CONFIG_SYSROOT_DIR="/" PKG_CONFIG_ALLOW_SYSTEM_CFLAGS=1 PKG_CONFIG_ALLOW_SYSTEM_LIBS=1 PKG_CONFIG_LIBDIR="/home/charliechen/rk-forge/third_party/buildroot/output/host/lib/pkgconfig:/home/charliechen/rk-forge/third_party/buildroot/output/host/share/pkgconfig" AR="/usr/bin/ar" AS="/usr/bin/as" LD="/usr/bin/ld" NM="/usr/bin/nm" CC="/usr/bin/gcc" GCC="/usr/bin/gcc" CXX="/usr/bin/g++" CPP="/usr/bin/cpp" OBJCOPY="/usr/bin/objcopy" RANLIB="/usr/bin/ranlib" CPPFLAGS="-I/home/charliechen/rk-forge/third_party/buildroot/output/host/include" CFLAGS="-O2 -I/home/charliechen/rk-forge/third_party/buildroot/output/host/include" CXXFLAGS="-O2 -I/home/charliechen/rk-forge/third_party/buildroot/output/host/include" LDFLAGS="-L/home/charliechen/rk-forge/third_party/buildroot/output/host/lib -Wl,-rpath,/home/charliechen/rk-forge/third_party/buildroot/output/host/lib" INTLTOOL_PERL=/usr/bin/perl  CONFIG_SITE=/dev/null ./configure --prefix="/home/charliechen/rk-forge/third_party/buildroot/output/host" --sysconfdir="/home/charliechen/rk-forge/third_party/buildroot/output/host/etc" --localstatedir="/home/charliechen/rk-forge/third_party/buildroot/output/host/var" --enable-shared --disable-static --disable-gtk-doc --disable-gtk-doc-html --disable-doc --disable-docs --disable-documentation --disable-debug --with-xmlto=no --with-fop=no --disable-nls --disable-dependency-tracking   )
configure: WARNING: unrecognized options: --enable-shared, --disable-static, --disable-gtk-doc, --disable-gtk-doc-html, --disable-doc, --disable-docs, --disable-documentation, --disable-debug, --with-xmlto, --with-fop
checking for a BSD-compatible install... /usr/bin/install -c
checking whether sleep supports fractional seconds... yes
checking filesystem timestamp resolution... 0.01
checking whether build environment is sane... yes
checking for a race-free mkdir -p... /usr/bin/mkdir -p
checking for gawk... gawk
checking whether make sets $(MAKE)... yes
checking whether make supports nested variables... yes
checking xargs -n works... yes
checking whether UID '1000' is supported by ustar format... yes
checking whether GID '1000' is supported by ustar format... yes
checking how to create a ustar tar archive... gnutar
checking for gcc... /usr/bin/gcc
checking whether the C compiler works... yes
checking for C compiler default output file name... a.out
checking for suffix of executables... 
checking whether we are cross compiling... no
checking for suffix of object files... o
checking whether the compiler supports GNU C... yes
checking whether /usr/bin/gcc accepts -g... yes
checking for /usr/bin/gcc option to enable C23 features... unsupported
checking for /usr/bin/gcc option to enable C11 features... none needed
checking whether /usr/bin/gcc understands -c and -o together... yes
checking whether the compiler is clang... no
checking for compiler option needed when checking for declarations... none
checking whether make supports the include directive... yes (GNU style)
checking dependency style of /usr/bin/gcc... none
checking for stdio.h... yes
checking for stdlib.h... yes
checking for string.h... yes
checking for inttypes.h... yes
checking for stdint.h... yes
checking for strings.h... yes
checking for sys/stat.h... yes
checking for sys/types.h... yes
checking for unistd.h... yes
checking for wchar.h... yes
checking for minix/config.h... no
checking for stdbool.h... yes
checking for uchar.h... yes
checking for sys/param.h... yes
checking for sys/socket.h... yes
checking for dirent.h... yes
checking for error.h... yes
checking for stdio_ext.h... yes
checking for threads.h... yes
checking for xlocale.h... no
checking for langinfo.h... yes
checking for getopt.h... yes
checking for sys/process.h... no
checking for iconv.h... yes
checking for limits.h... yes
checking for crtdefs.h... no
checking for wctype.h... yes
checking for math.h... yes
checking for sys/mman.h... yes
checking for obstack.h... yes
checking for pthread.h... yes
checking for malloc.h... yes
checking for spawn.h... yes
checking for libcx/spawn2.h... no
checking for sys/time.h... yes
checking for stdckdint.h... no
checking for sys/random.h... yes
checking for sys/wait.h... yes
checking for features.h... yes
checking for arpa/inet.h... yes
checking for semaphore.h... yes
checking for netdb.h... yes
checking for netinet/in.h... yes
checking for sys/select.h... yes
checking for sys/ioctl.h... yes
checking for sys/un.h... yes
checking for sys/uio.h... yes
checking whether it is safe to define __EXTENSIONS__... yes
checking whether _XOPEN_SOURCE should be defined... no
checking build system type... x86_64-pc-linux-gnu
checking host system type... x86_64-pc-linux-gnu
checking how to run the C preprocessor... /usr/bin/cpp
checking for egrep -e... /usr/bin/grep -E
checking for Minix Amsterdam compiler... no
checking for ar... /usr/bin/ar
checking whether to use C++... no
checking for /usr/bin/gcc option to support large files... none needed
configure: autobuild project... GNU M4
configure: autobuild revision... 1.4.21
configure: autobuild hostname... Charliechen
configure: autobuild timestamp... 20260618T093104Z
checking for timestamps of last git commit... touch skipped
checking for unsigned long long int... yes
checking for long long int... yes
checking for unsigned long long int... (cached) yes
checking for lstat... yes
checking for btowc... yes
checking for mbrtowc... yes
checking for mbsinit... yes
checking for canonicalize_file_name... yes
checking for realpath... yes
checking for _set_invalid_parameter_handler... no
checking for fchdir... yes
checking for fcntl... yes
checking for symlink... yes
checking for fdopendir... yes
checking for fpurge... no
checking for fstatat... yes
checking for getdtablesize... yes
checking for getlocalename_l... no
checking for getexecname... no
checking for iswcntrl... yes
checking for mbslen... no
checking for mprotect... yes
checking for mkstemp... yes
checking for openat... yes
checking for pipe... yes
checking for posix_spawn_file_actions_addchdir... no
checking for readlink... yes
checking for isblank... yes
checking for iswctype... yes
checking for link... yes
checking for secure_getenv... yes
checking for getuid... yes
checking for geteuid... yes
checking for getgid... yes
checking for getegid... yes
checking for sigaction... yes
checking for sigaltstack... yes
checking for siginterrupt... yes
checking for setrlimit... yes
checking for getrlimit... yes
checking for snprintf... yes
checking for __xpg_strerror_r... yes
checking for vasnprintf... no
checking for wcrtomb... yes
checking for wcwidth... yes
checking for gettimeofday... yes
checking for memset_s... no
checking for pselect... yes
checking for pthread_sigmask... yes
checking for setenv... yes
checking for sleep... yes
checking for shutdown... yes
checking for mquery... no
checking for pstat_getprocvm... no
checking for wctob... yes
checking for size_t... yes
checking for working alloca.h... yes
checking for alloca... yes
checking whether the preprocessor supports include_next... yes
checking whether source code line length is unlimited... yes
checking for inline... inline
checking for wint_t... yes
checking whether wint_t is large enough... yes
checking whether <wchar.h> uses 'inline' correctly... yes
checking for nl_langinfo and CODESET... yes
checking for a traditional french locale... none
checking for ld... /usr/bin/ld
checking if the linker (/usr/bin/ld) is GNU ld... yes
checking for shared library run path origin... done
checking 32-bit host C ABI... no
checking for ELF binary format... yes
checking for the common suffixes of directories in the library search path... lib,lib,lib64
checking whether char8_t is correctly defined... yes
checking whether char16_t is correctly defined... yes
checking whether char32_t is correctly defined... yes
checking for bit size of wchar_t... 32
checking for mbstate_t... yes
checking for a traditional japanese locale... none
checking for an english Unicode locale... none
checking for a transitional chinese locale... none
checking whether mbrtowc handles incomplete characters... guessing yes
checking whether mbrtowc works as well as mbtowc... guessing yes
checking for /usr/bin/gcc options to detect undeclared functions... none needed
checking for /usr/bin/gcc options to ignore future-version functions... none needed
checking whether mbrtoc32 is declared... yes
checking for mbrtoc32... yes
checking whether mbrtoc32 works as well as mbrtowc... guessing yes
checking whether c32rtomb is declared... yes
checking for c32rtomb... yes
checking whether c32rtomb works as well as wcrtomb... guessing yes
checking whether malloc is ptrdiff_t safe... yes
checking whether malloc, calloc set errno on failure... yes
checking whether lstat correctly handles trailing slash... yes
checking whether // is distinct from /... no
checking whether realpath works... yes
checking for faccessat... yes
checking for getcwd... yes
checking if environ is properly declared... yes
checking for complete errno.h... yes
checking for error... yes
checking whether error_at_line is declared... yes
checking for error_at_line... yes
checking for working error function... yes
checking whether strerror_r is declared... yes
checking whether strerror_r returns char *... yes
checking for mode_t... yes
checking whether ctype.h defines __header_inline... no
checking for sig_atomic_t... yes
checking whether fchdir is declared... yes
checking whether fflush works on input streams... no
checking for working fcntl.h... yes
checking for pid_t... yes
checking for mempcpy... yes
checking for eaccess... yes
checking whether byte ordering is bigendian... no
checking whether fopen recognizes a trailing slash... yes
checking whether frexp() can be used without linking with libm... yes
checking whether alarm is declared... yes
checking whether long double and double are the same... no
checking whether stdin defaults to large file offsets... yes
checking for off64_t... yes
checking for blksize_t... yes
checking for blkcnt_t... yes
checking whether fseeko is declared... yes
checking for fseeko... yes
checking whether fflush works on input streams... (cached) no
checking whether stat file-mode macros are broken... no
checking for C/C++ restrict keyword... __restrict__
checking for nlink_t... yes
checking whether ftello is declared... yes
checking whether ungetc works on arbitrary bytes... yes
checking for ftello... yes
checking whether ftello works... yes
checking whether getcwd (NULL, 0) allocates memory for result... yes
checking for getcwd with POSIX signature... yes
checking whether getcwd is declared... yes
checking whether getdtablesize is declared... yes
checking for pthread.h... (cached) yes
checking for pthread_kill in -lpthread... yes
checking whether POSIX threads API is available... yes
checking whether setlocale (LC_ALL, NULL) is multithread-safe... yes
checking whether setlocale (category, NULL) is multithread-safe... yes
checking whether locale.h defines locale_t... yes
checking for uselocale... yes
checking whether uselocale works... yes
checking for fake locale system (OpenBSD, Android)... no
checking for Solaris 11.4 locale system... no
checking for getopt.h... (cached) yes
checking for getopt_long_only... yes
checking whether getopt is POSIX compatible... yes
checking for working GNU getopt function... yes
checking for working GNU getopt_long function... yes
checking for glibc-compatible sys/cdefs.h... yes
checking host CPU and C ABI... x86_64
checking for iconv... yes
checking for working iconv... yes
checking whether iconv is compatible with its POSIX signature... yes
checking whether limits.h has WORD_BIT, BOOL_WIDTH etc.... yes
checking whether limits.h has SSIZE_MAX... yes
checking whether the compiler produces multi-arch binaries... no
checking whether stdint.h conforms to C99... yes
checking whether stdint.h works without ISO C predefines... yes
checking whether stdint.h has UINTMAX_WIDTH etc.... yes
checking whether INT32_MAX < INTMAX_MAX... yes
checking whether INT64_MAX == LONG_MAX... yes
checking whether UINT32_MAX < UINTMAX_MAX... yes
checking whether UINT64_MAX == ULONG_MAX... yes
checking where to find the exponent in a 'double'... word 1 bit 20
checking where to find the exponent in a 'float'... word 0 bit 23
checking where to find the exponent in a 'long double'... word 2 bit 0
checking whether iswcntrl works... yes
checking for towlower... yes
checking for wctype_t... yes
checking for wctrans_t... yes
checking whether wctype supports the "blank" and "punct" character classes... yes
checking whether langinfo.h defines CODESET... yes
checking whether langinfo.h defines ALTMON_1... yes
checking whether langinfo.h defines ABALTMON_1... no
checking whether langinfo.h defines ERA... yes
checking for good max_align_t... yes
checking whether NULL can be used in arbitrary expressions... yes
checking for unreachable in C... no
checking whether nullptr_t needs <stddef.h>... no
checking whether <stddef.h> is idempotent... guessing no
checking whether locale.h defines _locale_t... no
checking whether locale.h conforms to POSIX:2001... yes
checking whether struct lconv is properly defined... yes
checking for CFPreferencesCopyAppValue... no
checking for CFLocaleCopyPreferredLanguages... no
checking for LC_MESSAGES... yes
checking for multithread API to use... none
checking for a sed that does not truncate output... /usr/bin/sed
checking for grep that handles long lines and -e... /usr/bin/grep
checking whether malloc (0) returns nonnull... yes
checking whether NAN macro works... yes
checking whether HUGE_VAL works... yes
checking for MAP_ANONYMOUS... yes
checking whether memchr works... yes
checking whether memrchr is declared... yes
checking whether <limits.h> defines MIN and MAX... no
checking whether <sys/param.h> defines MIN and MAX... yes
checking for obstacks that work with any size object... no
checking for O_CLOEXEC... yes
checking for promoted mode_t type... mode_t
checking for library containing posix_spawn... none required
checking for posix_spawn... yes
checking whether posix_spawn is declared... yes
checking for posix_spawn_file_actions_addchdir_np... yes
checking whether posix_spawn works... yes
checking whether posix_spawn rejects scripts without shebang... yes
checking whether posix_spawnp rejects scripts without shebang... yes
checking whether posix_spawnattr_setschedpolicy is supported... yes
checking whether posix_spawnattr_setschedparam is supported... yes
checking for pthread_t... yes
checking for pthread_spinlock_t... yes
checking for pthread_spin_init... yes
checking for sigset_t... yes
checking for SIGPIPE... yes
checking whether realloc should abort upon undefined behaviour... no
checking for sched.h... yes
checking for struct sched_param... yes
checking for uid_t... yes
checking for gid_t... yes
checking for volatile sig_atomic_t... yes
checking for sighandler_t... yes
checking for egrep... /usr/bin/grep -E
checking whether C symbols are prefixed with underscore at the linker level... no
checking whether snprintf returns a byte count as in C99... yes
checking whether printf supports POSIX/XSI format strings with positions... yes
checking whether snprintf is declared... yes
checking for posix_spawnattr_t... yes
checking for posix_spawn_file_actions_t... yes
checking for __sync_bool_compare_and_swap... yes
checking whether fcloseall is declared... yes
checking whether getw is declared... yes
checking whether putw is declared... yes
checking which flavor of printf attribute matches inttypes macros... system
checking whether ecvt is declared... yes
checking whether fcvt is declared... yes
checking whether gcvt is declared... yes
checking whether MB_CUR_MAX is correct... guessing yes
checking for compiler option needed when checking for future declarations... none
checking whether strdup is declared... yes
checking whether strerror(0) succeeds... yes
checking for strerror_r... yes
checking for strerror_r with POSIX signature... no
checking whether __xpg_strerror_r works... yes
checking whether streq is declared... no
checking whether memeq is declared... no
checking whether strncpy works... yes
checking whether strnlen is declared... yes
checking whether strsignal is declared... yes
checking whether strstr works... yes
checking whether ldexp() can be used without linking with libm... yes
checking for struct timespec in <time.h>... yes
checking for TIME_UTC in <time.h>... yes
checking whether execvpe is declared... yes
checking whether clearerr_unlocked is declared... yes
checking whether feof_unlocked is declared... yes
checking whether ferror_unlocked is declared... yes
checking whether fflush_unlocked is declared... yes
checking whether fgets_unlocked is declared... yes
checking whether fileno_unlocked is declared... yes
checking whether fputc_unlocked is declared... yes
checking whether fputs_unlocked is declared... yes
checking whether fread_unlocked is declared... yes
checking whether fwrite_unlocked is declared... yes
checking whether getc_unlocked is declared... yes
checking whether getchar_unlocked is declared... yes
checking whether putc_unlocked is declared... yes
checking whether putchar_unlocked is declared... yes
checking for inttypes.h... yes
checking for stdint.h... yes
checking for intmax_t... yes
checking whether snprintf truncates the result as in C99... yes
checking for wcslen... yes
checking for snprintf... (cached) yes
checking for strnlen... yes
checking for wcrtomb... (cached) yes
checking whether _snprintf is declared... no
checking whether printf supports size specifiers as in C99... yes
checking whether printf supports size specifiers as in C23... yes
checking whether printf supports 'long double' arguments... yes
checking whether printf supports infinite 'double' arguments... yes
checking whether printf supports infinite 'long double' arguments... yes
checking whether printf supports the 'a' and 'A' directives... yes
checking whether printf supports the 'b' directive... yes
checking whether printf supports the 'F' directive... yes
checking whether printf supports the 'ls' directive... yes
checking whether printf supports the 'lc' directive correctly... yes
checking whether printf supports the grouping flag... yes
checking whether printf supports grouping on integers with a precision... guessing yes
checking whether printf supports grouping with a multibyte separator... guessing yes
checking whether printf supports the left-adjust flag correctly... yes
checking whether printf supports the zero flag correctly... yes
checking whether printf supports the alternative flag with a zero precision... yes
checking whether printf supports large precisions... yes
checking whether printf survives out-of-memory conditions... yes
checking for vasprintf... yes
checking whether wcsdup is declared... yes
checking for strerrorname_np... yes
checking whether strerrorname_np works... yes
checking for C compiler option to allow warnings... -Wno-error
checking whether <sys/socket.h> is self-contained... yes
checking for shutdown... (cached) yes
checking whether <sys/socket.h> defines the SHUT_* macros... yes
checking for struct sockaddr_storage... yes
checking for sa_family_t... yes
checking for struct sockaddr_storage.ss_family... yes
checking for library needed for semaphore functions... none
checking for a french Unicode locale... none
checking for a turkish Unicode locale... none
checking whether frexp works... yes
checking whether frexpl is declared... yes
checking whether frexpl() can be used without linking with libm... yes
checking whether frexpl works... yes
checking for struct timeval... yes
checking for wide-enough struct timeval.tv_sec member... yes
checking for IPv4 sockets... yes
checking for IPv6 sockets... yes
checking for off_t... yes
checking whether <sys/select.h> is self-contained... yes
checking whether _putenv is declared... no
checking whether initstate is declared... yes
checking whether setstate is declared... yes
checking for library containing setsockopt... none needed
checking whether setenv is declared... yes
checking for search.h... yes
checking for tsearch... yes
checking whether <sys/ioctl.h> declares ioctl... yes
checking whether unsetenv is declared... yes
checking whether access honors trailing slash... yes
checking for alignas and alignof... yes, <stdalign.h> macros
checking for alloca as a compiler built-in... yes
checking whether to enable assertions... yes
checking for static_assert... yes, an <assert.h> macro
checking for bool, true, false... no
checking whether btowc(0) is correct... yes
checking whether btowc is consistent with mbrtowc in the C locale... no
checking for __builtin_expect... yes
checking whether calloc (0, n) and calloc (n, 0) return nonnull... yes
checking for faccessat... (cached) yes
checking whether this system supports file names of any length... no
checking for library containing clock_gettime... none required
checking for clock_getres... yes
checking for clock_gettime... yes
checking for clock_settime... yes
checking for closedir... yes
checking for d_ino member in directory struct... yes
checking for dirfd... yes
checking whether dirfd is declared... yes
checking whether dirfd is a macro... no
checking whether // is distinct from /... (cached) no
checking whether dup works... yes
checking whether dup2 works... yes
checking whether fcntl handles F_DUPFD correctly... yes
checking whether fcntl understands F_DUPFD_CLOEXEC... needs runtime check
checking whether fdopendir is declared... yes
checking whether fdopendir works... yes
checking whether fflush works on input streams... (cached) no
checking for mempcpy... (cached) yes
checking for flexible array member... yes
checking whether float.h conforms to ISO C23... no
checking whether conversion from 'int' to 'long double' works... yes
checking whether fopen supports the mode character 'x'... yes
checking whether fopen supports the mode character 'e'... yes
checking for __fpending... yes
checking whether __fpending is declared... yes
checking for __fpurge... yes
checking whether fpurge is declared... no
checking for __freadahead... no
checking for __freading... yes
checking whether free is known to preserve errno... yes
checking whether frexp works... (cached) yes
checking whether frexpl is declared... (cached) yes
checking whether frexpl() can be used without linking with libm... (cached) yes
checking whether frexpl works... (cached) yes
checking for fseeko... (cached) yes
checking whether fflush works on input streams... (cached) no
checking for _fseeki64... no
checking for __fseterr... no
checking whether fstatat (..., 0) works... yes
checking for ftello... (cached) yes
checking whether ftello works... (cached) yes
checking whether getcwd handles long file names properly... yes
checking whether getcwd succeeds when 4k < cwd_length < 16k... yes
checking whether getdtablesize works... yes
checking for newlocale... yes
checking for duplocale... yes
checking for freelocale... yes
checking for newlocale... (cached) yes
checking for duplocale... (cached) yes
checking for freelocale... (cached) yes
checking for getpagesize... yes
checking whether getpagesize is declared... yes
checking for getprogname... no
checking whether program_invocation_name is declared... yes
checking whether program_invocation_name is declared... (cached) yes
checking whether program_invocation_short_name is declared... yes
checking whether __argv is declared... no
checking for getrandom... yes
checking whether getrandom is compatible with its GNU+BSD signature... yes
checking whether the compiler generally respects inline... yes
checking whether isinf is declared... yes
checking whether isinf(long double) works... yes
checking whether isnan(double) can be used without linking with libm... yes
checking whether isnan(float) can be used without linking with libm... yes
checking whether isnan(float) works... yes
checking whether isnan(long double) can be used without linking with libm... yes
checking whether isnanl works... yes
checking for iswblank... yes
checking whether iswblank is declared... yes
checking whether iswdigit is ISO C compliant... guessing yes
checking whether iswpunct is consistent with ispunct... yes
checking whether iswxdigit is ISO C compliant... guessing yes
checking whether the compiler supports the __inline keyword... yes
checking whether localeconv works... yes
checking whether lseek detects pipes... yes
checking whether SEEK_DATA works but is incompatible with GNU... no
checking whether mbrtoc32 works on empty input... yes
checking whether the C locale is free of encoding errors... no
checking whether mbrtoc32 works in an UTF-8 locale... yes
checking whether mbrtowc handles a NULL pwc argument... guessing yes
checking whether mbrtowc has a correct return value... guessing yes
checking whether mbrtowc returns 0 when parsing a NUL character... guessing yes
checking whether mbrtowc stores incomplete characters... guessing no
checking whether mbrtowc works on empty input... yes
checking whether the C locale is free of encoding errors... no
checking for mbtowc... yes
checking for mempcpy... (cached) yes
checking for memrchr... yes
checking whether mkdir handles trailing slash... yes
checking whether mkdir handles trailing dot... yes
checking for mkdtemp... yes
checking for working mkstemp... yes
checking for nl_langinfo... yes
checking whether open recognizes a trailing slash... yes
checking for opendir... yes
checking for pipe2... yes
checking for posix_spawn_file_actions_addchdir_np... (cached) yes
checking whether posix_spawn_file_actions_addclose works... yes
checking whether posix_spawn_file_actions_adddup2 works... yes
checking whether posix_spawn_file_actions_addopen works... yes
checking whether frexp works... (cached) yes
checking whether ldexp can be used without linking with libm... (cached) yes
checking whether frexpl() can be used without linking with libm... (cached) yes
checking whether frexpl works... (cached) yes
checking whether frexpl is declared... (cached) yes
checking whether ldexpl() can be used without linking with libm... yes
checking whether ldexpl works... yes
checking whether ldexpl is declared... yes
checking whether program_invocation_name is declared... (cached) yes
checking whether program_invocation_short_name is declared... (cached) yes
checking for PTHREAD_CREATE_DETACHED... yes
checking for PTHREAD_MUTEX_RECURSIVE... yes
checking for PTHREAD_MUTEX_ROBUST... yes
checking for PTHREAD_PROCESS_SHARED... yes
checking whether pthread_once works... yes
checking for raise... yes
checking for sigprocmask... yes
checking for rawmemchr... yes
checking for readdir... yes
checking whether readlink signature is correct... yes
checking whether readlink handles trailing slash correctly... yes
checking whether readlink truncates results correctly... yes
checking whether realloc sets errno on failure... yes
checking whether realloc (..., 0) returns nonnull... no
checking for reallocarray... yes
checking for working re_compile_pattern... yes
checking whether rename honors trailing slash on destination... yes
checking whether rename honors trailing slash on source... yes
checking whether rename manages hard links correctly... yes
checking whether rename manages existing destinations correctly... yes
checking for rewinddir... yes
checking whether rmdir works... yes
checking for struct sigaction.sa_sigaction... yes
checking for signbit macro... yes
checking for signbit compiler built-ins... yes
checking for sigprocmask... (cached) yes
checking for stack direction... grows down
checking for stack_t... yes
checking for working sigaltstack... yes
checking for stdint.h... (cached) yes
checking for SIZE_MAX... yes
checking for snprintf... (cached) yes
checking whether snprintf respects a size of 1... yes
checking for ssize_t... yes
checking whether stat handles trailing slashes on files... yes
checking for struct stat.st_atim.tv_nsec... yes
checking whether struct stat.st_atim is of type struct timespec... yes
checking for struct stat.st_birthtimespec.tv_nsec... no
checking for struct stat.st_birthtimensec... no
checking for struct stat.st_birthtim.tv_nsec... no
checking for va_copy... yes
checking for vasprintf... (cached) yes
checking for stpcpy... yes
checking for strchrnul... yes
checking whether strchrnul works... yes
checking for working strerror function... yes
checking for working strnlen... yes
checking for strsignal... yes
checking whether strsignal always returns a string... yes
checking whether strstr works in linear time... yes
checking whether strstr works... (cached) yes
checking whether strtod obeys C99... yes
checking for sys/single_threaded.h... yes
checking for variable-length arrays... yes
checking for ptrdiff_t... yes
checking for vasprintf... (cached) yes
checking for waitid... yes
checking whether wcrtomb works in the C locale... yes
checking whether wcrtomb return value is correct... guessing yes
checking whether wcwidth is declared... yes
checking whether wcwidth works reasonably in UTF-8 locales... yes
checking for stdint.h... (cached) yes
checking whether c32rtomb return value is correct... yes
checking whether open recognizes a trailing slash... (cached) yes
checking for close_range... yes
checking whether fdopen sets errno... yes
checking whether freopen works on closed fds... yes
checking for ftruncate... yes
checking for gettimeofday with POSIX signature... yes
checking for duplocale... (cached) yes
checking for library containing inet_pton... none required
checking whether inet_pton is declared... yes
checking whether byte ordering is bigendian... (cached) no
checking for ioctl... yes
checking for ioctl with POSIX signature... no
checking whether link obeys POSIX... yes
checking for newlocale... (cached) yes
checking for newlocale... (cached) yes
checking for memset_explicit... no
checking for explicit_memset... no
checking for mkfifo... yes
checking whether mkfifo rejects trailing slashes... yes
checking for library containing nanosleep... none required
checking for working nanosleep... no (mishandles large arguments)
checking whether <netinet/in.h> is self-contained... yes
checking for uselocale... (cached) yes
checking whether uselocale works... (cached) yes
checking whether perror matches strerror... yes
checking whether signature of pselect conforms to POSIX... yes
checking whether pselect detects invalid fds... yes
checking for pthread_mutexattr_getrobust... yes
checking for pthread_rwlock_init... yes
checking whether pthread_rwlock_timedrdlock is declared... yes
checking for reasonable pthread_rwlock wait queue handling... no
checking whether pthread_create exists as a global function... yes
checking whether pthread_mutex_timedlock is declared... yes
checking for pthread_mutex_timedlock... yes
checking whether pthread_sigmask is a macro... no
checking whether pthread_sigmask works without -lpthread... yes
checking whether pthread_sigmask returns error numbers... yes
checking for putenv compatible with GNU and SVID... yes
checking for random... yes
checking for initstate... yes
checking for setstate... yes
checking for random.h... no
checking for struct random_data... yes
checking for random_r... yes
checking whether sched_yield is declared... yes
checking whether select supports a 0 argument... yes
checking whether select detects invalid fds... yes
checking whether setenv validates arguments... yes
checking whether sleep is declared... yes
checking for working sleep... yes
checking for socklen_t... yes
checking for catgets... yes
checking whether symlink handles trailing slash correctly... yes
checking for IPv4 sockets... (cached) yes
checking for IPv6 sockets... (cached) yes
checking for UNIX domain sockets... yes
checking whether time() works... guessing no
checking whether trunc is declared... yes
checking whether truncl is declared... yes
checking for unsetenv... yes
checking for unsetenv() return type... int
checking whether unsetenv obeys POSIX... yes
checking whether wctob works... guessing yes
checking whether an open file can be renamed... yes
checking if changeword is wanted... no
checking which shell to use for syscmd... /bin/sh
checking if malloc debugging is wanted... no
checking whether NLS is requested... no
checking for msgfmt... no
checking for gmsgfmt... :
checking for xgettext... no
checking for msgmerge... no
checking for CFPreferencesCopyAppValue... (cached) no
checking for CFLocaleCopyPreferredLanguages... (cached) no
checking whether to use NLS... no
checking that generated files are newer than configure... done
configure: creating ./config.status
config.status: creating Makefile
config.status: creating doc/Makefile
config.status: creating lib/Makefile
config.status: creating po/Makefile.in
config.status: creating src/Makefile
config.status: creating tests/Makefile
config.status: creating checks/Makefile
config.status: creating examples/Makefile
config.status: creating lib/config.h
config.status: executing depfiles commands
config.status: executing stamp-h commands
config.status: executing po-directories commands
config.status: creating po/POTFILES
config.status: creating po/Makefile
configure: WARNING: unrecognized options: --enable-shared, --disable-static, --disable-gtk-doc, --disable-gtk-doc-html, --disable-doc, --disable-docs, --disable-documentation, --disable-debug, --with-xmlto, --with-fop
[7m>>> host-m4 1.4.21 Building[27m
GIT_DIR=. PATH="/home/charliechen/rk-forge/third_party/buildroot/output/host/bin:/home/charliechen/rk-forge/third_party/buildroot/output/host/sbin:/opt/arm-gnu-toolchain-15.2.rel1-x86_64-arm-none-linux-gnueabihf/bin:/opt/arm-gnu-toolchain-15.2.rel1-x86_64-arm-none-linux-gnueabihf/bin:/home/charliechen/.pyenv/shims:/home/charliechen/.pyenv/bin:/home/charliechen/.vscode-server/bin/93cfdd489c3b228840d0f86ec77c3636277c93ea/bin/remote-cli:/home/charliechen/.local/bin:/opt/arm-gnu-toolchain-15.2.rel1-x86_64-arm-none-linux-gnueabihf/bin:/home/charliechen/.pyenv/bin:/usr/local/sbin:/usr/local/bin:/usr/sbin:/usr/bin:/sbin:/bin:/usr/games:/usr/local/games:/usr/lib/wsl/lib" PKG_CONFIG="/home/charliechen/rk-forge/third_party/buildroot/output/host/bin/pkg-config" PKG_CONFIG_SYSROOT_DIR="/" PKG_CONFIG_ALLOW_SYSTEM_CFLAGS=1 PKG_CONFIG_ALLOW_SYSTEM_LIBS=1 PKG_CONFIG_LIBDIR="/home/charliechen/rk-forge/third_party/buildroot/output/host/lib/pkgconfig:/home/charliechen/rk-forge/third_party/buildroot/output/host/share/pkgconfig"  /usr/bin/make -j15  -C /home/charliechen/rk-forge/third_party/buildroot/output/build/host-m4-1.4.21/
make[1]: Entering directory '/home/charliechen/rk-forge/third_party/buildroot/output/build/host-m4-1.4.21'
cd checks && /usr/bin/make 
make[2]: Entering directory '/home/charliechen/rk-forge/third_party/buildroot/output/build/host-m4-1.4.21/checks'
make[2]: Nothing to be done for 'all'.
make[2]: Leaving directory '/home/charliechen/rk-forge/third_party/buildroot/output/build/host-m4-1.4.21/checks'
/usr/bin/make  all-recursive
make[2]: Entering directory '/home/charliechen/rk-forge/third_party/buildroot/output/build/host-m4-1.4.21'
Making all in .
make[3]: Entering directory '/home/charliechen/rk-forge/third_party/buildroot/output/build/host-m4-1.4.21'
make[3]: Nothing to be done for 'all-am'.
make[3]: Leaving directory '/home/charliechen/rk-forge/third_party/buildroot/output/build/host-m4-1.4.21'
Making all in examples
make[3]: Entering directory '/home/charliechen/rk-forge/third_party/buildroot/output/build/host-m4-1.4.21/examples'
make[3]: Nothing to be done for 'all'.
make[3]: Leaving directory '/home/charliechen/rk-forge/third_party/buildroot/output/build/host-m4-1.4.21/examples'
Making all in lib
make[3]: Entering directory '/home/charliechen/rk-forge/third_party/buildroot/output/build/host-m4-1.4.21/lib'
  GEN      alloca.h
  GEN      configmake.h
  GEN      dirent.h
  GEN      error.h
  GEN      fcntl.h
  GEN      float.h
  GEN      malloc/dynarray.gl.h
  GEN      malloc/dynarray-skeleton.gl.h
  GEN      malloc/scratch_buffer.gl.h
  GEN      iconv.h
  GEN      inttypes.h
  GEN      langinfo.h
  GEN      limits.h
  GEN      locale.h
  GEN      math.h
  GEN      obstack.h
  GEN      pthread.h
  GEN      sched.h
  GEN      sigsegv.h
  GEN      signal.h
  GEN      spawn.h
  GEN      stdckdint.h
  GEN      stddef.h
  GEN      stdio.h
  GEN      stdlib.h
  GEN      string.h
  GEN      sys/random.h
  GEN      sys/stat.h
  GEN      sys/types.h
  GEN      sys/wait.h
  GEN      time.h
  GEN      uchar.h
  GEN      unicase.h
  GEN      unictype.h
  GEN      uninorm.h
  GEN      unistd.h
  GEN      unistr.h
  GEN      unitypes.h
  GEN      uniwidth.h
  GEN      wchar.h
  GEN      wctype.h
/usr/bin/make  all-am
make[4]: Entering directory '/home/charliechen/rk-forge/third_party/buildroot/output/build/host-m4-1.4.21/lib'
  CC       libm4_a-asyncsafe-spin.o
  CC       libm4_a-openat-proc.o
  CC       libm4_a-gl_avltree_oset.o
  CC       libm4_a-basename-lgpl.o
  CC       libm4_a-binary-io.o
  CC       libm4_a-bitrotate.o
  CC       libm4_a-btowc.o
  CC       libm4_a-c-ctype.o
  CC       libm4_a-c-stack.o
  CC       libm4_a-c-strcasecmp.o
  CC       libm4_a-c32isalnum.o
  CC       libm4_a-c32isalpha.o
  CC       libm4_a-c32isblank.o
  CC       libm4_a-c32iscntrl.o
  CC       libm4_a-c32isdigit.o
  CC       libm4_a-c32isgraph.o
  CC       libm4_a-c32islower.o
  CC       libm4_a-c32isprint.o
  CC       libm4_a-c32ispunct.o
  CC       libm4_a-c32isspace.o
  CC       libm4_a-c32isupper.o
  CC       libm4_a-c32isxdigit.o
  CC       libm4_a-c32tolower.o
  CC       libm4_a-c32width.o
  CC       libm4_a-canonicalize.o
  CC       libm4_a-chdir-long.o
  CC       libm4_a-clean-temp.o
  CC       libm4_a-clean-temp-simple.o
  CC       libm4_a-cloexec.o
  CC       libm4_a-close-stream.o
  CC       libm4_a-closein.o
  CC       libm4_a-closeout.o
  CC       libm4_a-concat-filename.o
  CC       libm4_a-dirname.o
  CC       libm4_a-basename.o
  CC       libm4_a-dirname-lgpl.o
  CC       libm4_a-stripslash.o
  CC       libm4_a-error.o
  CC       libm4_a-execute.o
  CC       libm4_a-exitfail.o
  CC       libm4_a-fatal-signal.o
  CC       libm4_a-fclose.o
  CC       libm4_a-fcntl.o
  CC       libm4_a-fd-hook.o
  CC       libm4_a-fd-safer-flag.o
  CC       libm4_a-dup-safer-flag.o
  CC       libm4_a-fflush.o
  CC       libm4_a-file-set.o
  CC       libm4_a-filenamecat-lgpl.o
  CC       libm4_a-filenamecat.o
  CC       libm4_a-findprog-in.o
  CC       libm4_a-float.o
  CC       libm4_a-fpurge.o
  CC       libm4_a-fopen-safer.o
  CC       libm4_a-freadahead.o
  CC       libm4_a-fseek.o
  CC       libm4_a-freading.o
  CC       libm4_a-fseterr.o
  CC       libm4_a-fseeko.o
  CC       libm4_a-localename-table.o
  CC       libm4_a-getlocalename_l-unsafe.o
  CC       libm4_a-getprogname.o
  CC       libm4_a-hard-locale.o
  CC       libm4_a-hash.o
  CC       libm4_a-hashcode-named-file.o
  CC       libm4_a-hashcode-string1.o
  CC       libm4_a-hashcode-string2.o
  CC       libm4_a-hashkey-string.o
  CC       libm4_a-ialloc.o
  CC       libm4_a-gl_linked_list.o
  CC       libm4_a-issymlink.o
  CC       libm4_a-gl_list.o
  CC       libm4_a-localcharset.o
  CC       libm4_a-gl_linkedhash_list.o
  CC       libm4_a-localename.o
  CC       libm4_a-localename-environ.o
  CC       libm4_a-localename-unsafe.o
  CC       libm4_a-malloca.o
  CC       libm4_a-math.o
  CC       libm4_a-mbchar.o
  CC       libm4_a-mbiterf.o
  CC       libm4_a-mbrtoc32.o
  CC       libm4_a-mbrtowc.o
  CC       libm4_a-mbslen.o
  CC       libm4_a-mbsnlen.o
  CC       libm4_a-mbsstr.o
  CC       libm4_a-mbszero.o
  CC       libm4_a-mbuiter.o
  CC       libm4_a-mbuiterf.o
  CC       libm4_a-memchr2.o
  CC       libm4_a-next-prime.o
  CC       libm4_a-nl_langinfo.o
  CC       libm4_a-obstack.o
  CC       glthread/libm4_a-once.o
  CC       libm4_a-openat-die.o
  CC       libm4_a-gl_oset.o
  CC       libm4_a-pipe2.o
  CC       libm4_a-pipe2-safer.o
  CC       libm4_a-spawn_faction_addchdir.o
  CC       libm4_a-printf-frexp.o
  CC       libm4_a-printf-frexpl.o
  CC       libm4_a-progname.o
  CC       libm4_a-propername.o
  CC       libm4_a-quotearg.o
  CC       libm4_a-realloc.o
  CC       libm4_a-reallocarray.o
  CC       libm4_a-same-inode.o
  CC       libm4_a-save-cwd.o
  CC       libm4_a-setlocale_null.o
  CC       libm4_a-setlocale_null-unlocked.o
  CC       libm4_a-sig-handler.o
  CC       libm4_a-sigsegv.o
  CC       libm4_a-stackvma.o
  CC       libm4_a-spawn-pipe.o
  CC       glthread/libm4_a-spin.o
  CC       libm4_a-stat-time.o
  CC       libm4_a-stdlib.o
  CC       libm4_a-mkstemp-safer.o
  CC       libm4_a-striconv.o
  CC       libm4_a-string.o
  CC       libm4_a-strnlen1.o
  CC       libm4_a-tempname.o
  CC       glthread/libm4_a-threadlib.o
  CC       glthread/libm4_a-tls.o
  CC       libm4_a-tmpdir.o
  CC       libm4_a-trim.o
  CC       libm4_a-unistd.o
  CC       libm4_a-dup-safer.o
  CC       libm4_a-fd-safer.o
  CC       libm4_a-pipe-safer.o
  CC       libm4_a-vaszprintf.o
  CC       libm4_a-aszprintf.o
  CC       libm4_a-version-etc.o
  CC       libm4_a-version-etc-fsf.o
  CC       libm4_a-vfzprintf.o
  CC       libm4_a-vsnzprintf.o
  CC       libm4_a-vzprintf.o
  CC       libm4_a-wait-process.o
  CC       libm4_a-wctype-h.o
  CC       libm4_a-xmalloc.o
  CC       libm4_a-xalloc-die.o
  CC       libm4_a-gl_xlist.o
  CC       libm4_a-xmalloca.o
  CC       libm4_a-xmemdup0.o
  CC       libm4_a-gl_xoset.o
  CC       libm4_a-xprintf.o
  CC       libm4_a-xsize.o
  CC       libm4_a-xstriconv.o
  CC       libm4_a-xvasprintf.o
  CC       libm4_a-xasprintf.o
  CC       libm4_a-asnprintf.o
  CC       libm4_a-fopen.o
  CC       libm4_a-printf-args.o
  CC       libm4_a-printf-parse.o
  CC       libm4_a-vasnprintf.o
  CC       malloc/libm4_a-dynarray_at_failure.o
  CC       malloc/libm4_a-dynarray_emplace_enlarge.o
  CC       malloc/libm4_a-dynarray_finalize.o
  CC       malloc/libm4_a-dynarray_resize.o
  CC       malloc/libm4_a-dynarray_resize_clear.o
  CC       malloc/libm4_a-scratch_buffer_grow.o
  CC       malloc/libm4_a-scratch_buffer_grow_preserve.o
  CC       malloc/libm4_a-scratch_buffer_set_array_size.o
  CC       glthread/libm4_a-lock.o
  CC       unicase/libm4_a-tolower.o
  CC       unictype/libm4_a-ctype_alnum.o
  CC       unictype/libm4_a-ctype_blank.o
  CC       unictype/libm4_a-ctype_alpha.o
  CC       unictype/libm4_a-ctype_cntrl.o
  CC       unictype/libm4_a-ctype_digit.o
  CC       unictype/libm4_a-ctype_graph.o
  CC       unictype/libm4_a-ctype_lower.o
  CC       unictype/libm4_a-ctype_print.o
  CC       unictype/libm4_a-ctype_punct.o
  CC       unictype/libm4_a-ctype_space.o
  CC       unictype/libm4_a-ctype_upper.o
  CC       unictype/libm4_a-ctype_xdigit.o
  CC       unistr/libm4_a-u8-uctomb-aux.o
  CC       unistr/libm4_a-u8-uctomb.o
  CC       uniwidth/libm4_a-width.o
  CC       unistr/libm4_a-u8-mbtoucr.o
  AR       libm4.a
make[4]: Leaving directory '/home/charliechen/rk-forge/third_party/buildroot/output/build/host-m4-1.4.21/lib'
make[3]: Leaving directory '/home/charliechen/rk-forge/third_party/buildroot/output/build/host-m4-1.4.21/lib'
Making all in src
make[3]: Entering directory '/home/charliechen/rk-forge/third_party/buildroot/output/build/host-m4-1.4.21/src'
  CC       m4.o
  CC       builtin.o
  CC       debug.o
  CC       eval.o
  CC       format.o
  CC       freeze.o
  CC       input.o
  CC       macro.o
  CC       output.o
  CC       path.o
  CC       symtab.o
  CCLD     m4
make[3]: Leaving directory '/home/charliechen/rk-forge/third_party/buildroot/output/build/host-m4-1.4.21/src'
Making all in doc
make[3]: Entering directory '/home/charliechen/rk-forge/third_party/buildroot/output/build/host-m4-1.4.21/doc'
make[3]: Nothing to be done for 'all'.
make[3]: Leaving directory '/home/charliechen/rk-forge/third_party/buildroot/output/build/host-m4-1.4.21/doc'
Making all in checks
make[3]: Entering directory '/home/charliechen/rk-forge/third_party/buildroot/output/build/host-m4-1.4.21/checks'
make[3]: Nothing to be done for 'all'.
make[3]: Leaving directory '/home/charliechen/rk-forge/third_party/buildroot/output/build/host-m4-1.4.21/checks'
Making all in po
make[3]: Entering directory '/home/charliechen/rk-forge/third_party/buildroot/output/build/host-m4-1.4.21/po'
make[3]: Nothing to be done for 'all'.
make[3]: Leaving directory '/home/charliechen/rk-forge/third_party/buildroot/output/build/host-m4-1.4.21/po'
Making all in tests
make[3]: Entering directory '/home/charliechen/rk-forge/third_party/buildroot/output/build/host-m4-1.4.21/tests'
  GEN      arpa/inet.h
  GEN      ctype.h
  GEN      test-posix_spawn-dup2-stdout.sh
  GEN      test-posix_spawn-dup2-stdin.sh
  GEN      sys/ioctl.h
  GEN      sys/select.h
  GEN      sys/socket.h
  GEN      sys/time.h
  GEN      sys/uio.h
## ---------------------------------------------------- ##
## ------------------- Gnulib tests ------------------- ##
## You can ignore compiler warnings in this directory.  ##
## ---------------------------------------------------- ##
/usr/bin/make  all-recursive
make[4]: Entering directory '/home/charliechen/rk-forge/third_party/buildroot/output/build/host-m4-1.4.21/tests'
Making all in .
make[5]: Entering directory '/home/charliechen/rk-forge/third_party/buildroot/output/build/host-m4-1.4.21/tests'
  CC       locale.o
  CC       arpa_inet.o
  CC       gl_array_list.o
  CC       gl_array_oset.o
  CC       btoc32.o
  CC       c-strcasestr.o
  CC       c-strncasecmp.o
  CC       c32tob.o
  CC       findprog.o
  CC       imaxtostr.o
  CC       inttostr.o
  CC       uinttostr.o
  CC       offtostr.o
  CC       umaxtostr.o
  CC       ioctl.o
  CC       memset_explicit.o
  CC       nanosleep.o
  CC       pthread-rwlock.o
  CC       pthread_sigmask.o
  CC       read-file.o
  CC       sockets.o
  CC       str_endswith.o
  CC       str_startswith.o
  CC       sys_socket.o
  CC       xconcat-filename.o
  CC       vma-iter.o
  CC       time.o
  CC       xgetcwd.o
  CC       strerror_r.o
  CC       test-localcharset.o
  CC       glthread/thread.o
  AR       libtests.a
  CCLD     current-locale
  CCLD     test-localcharset
make[5]: Leaving directory '/home/charliechen/rk-forge/third_party/buildroot/output/build/host-m4-1.4.21/tests'
make[4]: Leaving directory '/home/charliechen/rk-forge/third_party/buildroot/output/build/host-m4-1.4.21/tests'
make[3]: Leaving directory '/home/charliechen/rk-forge/third_party/buildroot/output/build/host-m4-1.4.21/tests'
make[2]: Leaving directory '/home/charliechen/rk-forge/third_party/buildroot/output/build/host-m4-1.4.21'
make[1]: Leaving directory '/home/charliechen/rk-forge/third_party/buildroot/output/build/host-m4-1.4.21'
[7m>>> host-m4 1.4.21 Installing to host directory[27m
GIT_DIR=. PATH="/home/charliechen/rk-forge/third_party/buildroot/output/host/bin:/home/charliechen/rk-forge/third_party/buildroot/output/host/sbin:/opt/arm-gnu-toolchain-15.2.rel1-x86_64-arm-none-linux-gnueabihf/bin:/opt/arm-gnu-toolchain-15.2.rel1-x86_64-arm-none-linux-gnueabihf/bin:/home/charliechen/.pyenv/shims:/home/charliechen/.pyenv/bin:/home/charliechen/.vscode-server/bin/93cfdd489c3b228840d0f86ec77c3636277c93ea/bin/remote-cli:/home/charliechen/.local/bin:/opt/arm-gnu-toolchain-15.2.rel1-x86_64-arm-none-linux-gnueabihf/bin:/home/charliechen/.pyenv/bin:/usr/local/sbin:/usr/local/bin:/usr/sbin:/usr/bin:/sbin:/bin:/usr/games:/usr/local/games:/usr/lib/wsl/lib" PKG_CONFIG="/home/charliechen/rk-forge/third_party/buildroot/output/host/bin/pkg-config" PKG_CONFIG_SYSROOT_DIR="/" PKG_CONFIG_ALLOW_SYSTEM_CFLAGS=1 PKG_CONFIG_ALLOW_SYSTEM_LIBS=1 PKG_CONFIG_LIBDIR="/home/charliechen/rk-forge/third_party/buildroot/output/host/lib/pkgconfig:/home/charliechen/rk-forge/third_party/buildroot/output/host/share/pkgconfig"  /usr/bin/make -j15 install -C /home/charliechen/rk-forge/third_party/buildroot/output/build/host-m4-1.4.21/
make[1]: Entering directory '/home/charliechen/rk-forge/third_party/buildroot/output/build/host-m4-1.4.21'
cd checks && /usr/bin/make 
make[2]: Entering directory '/home/charliechen/rk-forge/third_party/buildroot/output/build/host-m4-1.4.21/checks'
make[2]: Nothing to be done for 'all'.
make[2]: Leaving directory '/home/charliechen/rk-forge/third_party/buildroot/output/build/host-m4-1.4.21/checks'
/usr/bin/make  install-recursive
make[2]: Entering directory '/home/charliechen/rk-forge/third_party/buildroot/output/build/host-m4-1.4.21'
Making install in .
make[3]: Entering directory '/home/charliechen/rk-forge/third_party/buildroot/output/build/host-m4-1.4.21'
make[4]: Entering directory '/home/charliechen/rk-forge/third_party/buildroot/output/build/host-m4-1.4.21'
make[4]: Nothing to be done for 'install-exec-am'.
make[4]: Nothing to be done for 'install-data-am'.
make[4]: Leaving directory '/home/charliechen/rk-forge/third_party/buildroot/output/build/host-m4-1.4.21'
make[3]: Leaving directory '/home/charliechen/rk-forge/third_party/buildroot/output/build/host-m4-1.4.21'
Making install in examples
make[3]: Entering directory '/home/charliechen/rk-forge/third_party/buildroot/output/build/host-m4-1.4.21/examples'
make[4]: Entering directory '/home/charliechen/rk-forge/third_party/buildroot/output/build/host-m4-1.4.21/examples'
make[4]: Nothing to be done for 'install-exec-am'.
make[4]: Nothing to be done for 'install-data-am'.
make[4]: Leaving directory '/home/charliechen/rk-forge/third_party/buildroot/output/build/host-m4-1.4.21/examples'
make[3]: Leaving directory '/home/charliechen/rk-forge/third_party/buildroot/output/build/host-m4-1.4.21/examples'
Making install in lib
make[3]: Entering directory '/home/charliechen/rk-forge/third_party/buildroot/output/build/host-m4-1.4.21/lib'
/usr/bin/make  install-am
make[4]: Entering directory '/home/charliechen/rk-forge/third_party/buildroot/output/build/host-m4-1.4.21/lib'
make[5]: Entering directory '/home/charliechen/rk-forge/third_party/buildroot/output/build/host-m4-1.4.21/lib'
make[5]: Nothing to be done for 'install-exec-am'.
make[5]: Nothing to be done for 'install-data-am'.
make[5]: Leaving directory '/home/charliechen/rk-forge/third_party/buildroot/output/build/host-m4-1.4.21/lib'
make[4]: Leaving directory '/home/charliechen/rk-forge/third_party/buildroot/output/build/host-m4-1.4.21/lib'
make[3]: Leaving directory '/home/charliechen/rk-forge/third_party/buildroot/output/build/host-m4-1.4.21/lib'
Making install in src
make[3]: Entering directory '/home/charliechen/rk-forge/third_party/buildroot/output/build/host-m4-1.4.21/src'
make[4]: Entering directory '/home/charliechen/rk-forge/third_party/buildroot/output/build/host-m4-1.4.21/src'
make[4]: Nothing to be done for 'install-data-am'.
 /usr/bin/mkdir -p '/home/charliechen/rk-forge/third_party/buildroot/output/host/bin'
  /usr/bin/install -c m4 '/home/charliechen/rk-forge/third_party/buildroot/output/host/bin'
make[4]: Leaving directory '/home/charliechen/rk-forge/third_party/buildroot/output/build/host-m4-1.4.21/src'
make[3]: Leaving directory '/home/charliechen/rk-forge/third_party/buildroot/output/build/host-m4-1.4.21/src'
Making install in doc
make[3]: Entering directory '/home/charliechen/rk-forge/third_party/buildroot/output/build/host-m4-1.4.21/doc'
make[4]: Entering directory '/home/charliechen/rk-forge/third_party/buildroot/output/build/host-m4-1.4.21/doc'
make[4]: Nothing to be done for 'install-exec-am'.
 /usr/bin/mkdir -p '/home/charliechen/rk-forge/third_party/buildroot/output/host/share/man/man1'
 /usr/bin/mkdir -p '/home/charliechen/rk-forge/third_party/buildroot/output/host/share/info'
 /usr/bin/install -c -m 644 ./m4.1 '/home/charliechen/rk-forge/third_party/buildroot/output/host/share/man/man1'
 /usr/bin/install -c -m 644 ./m4.info ./m4.info-1 ./m4.info-2 '/home/charliechen/rk-forge/third_party/buildroot/output/host/share/info'
 install-info --info-dir='/home/charliechen/rk-forge/third_party/buildroot/output/host/share/info' '/home/charliechen/rk-forge/third_party/buildroot/output/host/share/info/m4.info'
make[4]: Leaving directory '/home/charliechen/rk-forge/third_party/buildroot/output/build/host-m4-1.4.21/doc'
make[3]: Leaving directory '/home/charliechen/rk-forge/third_party/buildroot/output/build/host-m4-1.4.21/doc'
Making install in checks
make[3]: Entering directory '/home/charliechen/rk-forge/third_party/buildroot/output/build/host-m4-1.4.21/checks'
make[4]: Entering directory '/home/charliechen/rk-forge/third_party/buildroot/output/build/host-m4-1.4.21/checks'
make[4]: Nothing to be done for 'install-exec-am'.
make[4]: Nothing to be done for 'install-data-am'.
make[4]: Leaving directory '/home/charliechen/rk-forge/third_party/buildroot/output/build/host-m4-1.4.21/checks'
make[3]: Leaving directory '/home/charliechen/rk-forge/third_party/buildroot/output/build/host-m4-1.4.21/checks'
Making install in po
make[3]: Entering directory '/home/charliechen/rk-forge/third_party/buildroot/output/build/host-m4-1.4.21/po'
if test "m4" = "gettext-tools"; then \
  /usr/bin/mkdir -p /home/charliechen/rk-forge/third_party/buildroot/output/host/share/gettext/po; \
  for file in Makefile.in.in remove-potcdate.sin quot.sed boldquot.sed en@quot.header en@boldquot.header insert-header.sin Rules-quot   Makevars.template; do \
    /usr/bin/install -c -m 644 ./$file \
		    /home/charliechen/rk-forge/third_party/buildroot/output/host/share/gettext/po/$file; \
  done; \
  for file in Makevars; do \
    rm -f /home/charliechen/rk-forge/third_party/buildroot/output/host/share/gettext/po/$file; \
  done; \
else \
  : ; \
fi
make[3]: Leaving directory '/home/charliechen/rk-forge/third_party/buildroot/output/build/host-m4-1.4.21/po'
Making install in tests
make[3]: Entering directory '/home/charliechen/rk-forge/third_party/buildroot/output/build/host-m4-1.4.21/tests'
/usr/bin/make  install-recursive
make[4]: Entering directory '/home/charliechen/rk-forge/third_party/buildroot/output/build/host-m4-1.4.21/tests'
Making install in .
make[5]: Entering directory '/home/charliechen/rk-forge/third_party/buildroot/output/build/host-m4-1.4.21/tests'
make[6]: Entering directory '/home/charliechen/rk-forge/third_party/buildroot/output/build/host-m4-1.4.21/tests'
make[6]: Nothing to be done for 'install-exec-am'.
make[6]: Leaving directory '/home/charliechen/rk-forge/third_party/buildroot/output/build/host-m4-1.4.21/tests'
make[5]: Leaving directory '/home/charliechen/rk-forge/third_party/buildroot/output/build/host-m4-1.4.21/tests'
make[4]: Leaving directory '/home/charliechen/rk-forge/third_party/buildroot/output/build/host-m4-1.4.21/tests'
make[3]: Leaving directory '/home/charliechen/rk-forge/third_party/buildroot/output/build/host-m4-1.4.21/tests'
make[2]: Leaving directory '/home/charliechen/rk-forge/third_party/buildroot/output/build/host-m4-1.4.21'
make[1]: Leaving directory '/home/charliechen/rk-forge/third_party/buildroot/output/build/host-m4-1.4.21'
[7m>>> host-libtool 2.5.4 Downloading[27m
wget -nd -t 3 --connect-timeout=10 -O '/home/charliechen/rk-forge/third_party/buildroot/output/build/.libtool-2.5.4.tar.xz.DkbcUd/output' 'https://ftpmirror.gnu.org/libtool/libtool-2.5.4.tar.xz' 
--2026-06-18 17:31:43--  https://ftpmirror.gnu.org/libtool/libtool-2.5.4.tar.xz
Connecting to 127.0.0.1:7890... connected.
Proxy request sent, awaiting response... 302 Moved Temporarily
Location: https://mirror.truenetwork.ru/gnu/libtool/libtool-2.5.4.tar.xz [following]
--2026-06-18 17:31:44--  https://mirror.truenetwork.ru/gnu/libtool/libtool-2.5.4.tar.xz
Connecting to 127.0.0.1:7890... connected.
Proxy request sent, awaiting response... 200 OK
Length: 1056924 (1.0M) [application/octet-stream]
Saving to: ‘/home/charliechen/rk-forge/third_party/buildroot/output/build/.libtool-2.5.4.tar.xz.DkbcUd/output’

     0K .......... .......... .......... .......... ..........  4%  169K 6s
    50K .......... .......... .......... .......... ..........  9%  384K 4s
   100K .......... .......... .......... .......... .......... 14%  535K 3s
   150K .......... .......... .......... .......... .......... 19% 1.40M 2s
   200K .......... .......... .......... .......... .......... 24%  188K 3s
   250K .......... .......... .......... .......... .......... 29% 48.5M 2s
   300K .......... .......... .......... .......... .......... 33% 1.02M 2s
   350K .......... .......... .......... .......... .......... 38%  837K 1s
   400K .......... .......... .......... .......... .......... 43%  766K 1s
   450K .......... .......... .......... .......... .......... 48% 43.4M 1s
   500K .......... .......... .......... .......... .......... 53% 1.23M 1s
   550K .......... .......... .......... .......... .......... 58%  789K 1s
   600K .......... .......... .......... .......... .......... 62% 5.50M 1s
   650K .......... .......... .......... .......... .......... 67%  341K 1s
   700K .......... .......... .......... .......... .......... 72% 29.2M 0s
   750K .......... .......... .......... .......... .......... 77% 30.1M 0s
   800K .......... .......... .......... .......... .......... 82% 7.29M 0s
   850K .......... .......... .......... .......... .......... 87% 45.1M 0s
   900K .......... .......... .......... .......... .......... 92%  999K 0s
   950K .......... .......... .......... .......... .......... 96%  498K 0s
  1000K .......... .......... .......... ..                   100%  106M=1.4s

2026-06-18 17:31:47 (729 KB/s) - ‘/home/charliechen/rk-forge/third_party/buildroot/output/build/.libtool-2.5.4.tar.xz.DkbcUd/output’ saved [1056924/1056924]

libtool-2.5.4.tar.xz: OK (sha256: f81f5860666b0bc7d84baddefa60d1cb9fa6fceb2398cc3baca6afaa60266675)
[7m>>> host-libtool 2.5.4 Extracting[27m
xzcat /home/charliechen/rk-forge/third_party/buildroot/dl/libtool/libtool-2.5.4.tar.xz | tar --strip-components=1 -C /home/charliechen/rk-forge/third_party/buildroot/output/build/host-libtool-2.5.4   -xf -
[7m>>> host-libtool 2.5.4 Patching[27m
[7m>>> host-libtool 2.5.4 Updating config.sub and config.guess[27m
for file in config.guess config.sub; do for i in $(find /home/charliechen/rk-forge/third_party/buildroot/output/build/host-libtool-2.5.4 -name $file); do cp support/gnuconfig/$file $i; done; done
[7m>>> host-libtool 2.5.4 Configuring[27m
find /home/charliechen/rk-forge/third_party/buildroot/output/build/host-libtool-2.5.4 -name aclocal.m4 -exec touch '{}' \;
find /home/charliechen/rk-forge/third_party/buildroot/output/build/host-libtool-2.5.4 -name config-h.in -exec touch '{}' \;
find /home/charliechen/rk-forge/third_party/buildroot/output/build/host-libtool-2.5.4 -name configure -exec touch '{}' \;
find /home/charliechen/rk-forge/third_party/buildroot/output/build/host-libtool-2.5.4 -name Makefile.in -exec touch '{}' \;
(cd /home/charliechen/rk-forge/third_party/buildroot/output/build/host-libtool-2.5.4/. && rm -rf config.cache; GIT_DIR=. PATH="/home/charliechen/rk-forge/third_party/buildroot/output/host/bin:/home/charliechen/rk-forge/third_party/buildroot/output/host/sbin:/opt/arm-gnu-toolchain-15.2.rel1-x86_64-arm-none-linux-gnueabihf/bin:/opt/arm-gnu-toolchain-15.2.rel1-x86_64-arm-none-linux-gnueabihf/bin:/home/charliechen/.pyenv/shims:/home/charliechen/.pyenv/bin:/home/charliechen/.vscode-server/bin/93cfdd489c3b228840d0f86ec77c3636277c93ea/bin/remote-cli:/home/charliechen/.local/bin:/opt/arm-gnu-toolchain-15.2.rel1-x86_64-arm-none-linux-gnueabihf/bin:/home/charliechen/.pyenv/bin:/usr/local/sbin:/usr/local/bin:/usr/sbin:/usr/bin:/sbin:/bin:/usr/games:/usr/local/games:/usr/lib/wsl/lib" PKG_CONFIG="/home/charliechen/rk-forge/third_party/buildroot/output/host/bin/pkg-config" PKG_CONFIG_SYSROOT_DIR="/" PKG_CONFIG_ALLOW_SYSTEM_CFLAGS=1 PKG_CONFIG_ALLOW_SYSTEM_LIBS=1 PKG_CONFIG_LIBDIR="/home/charliechen/rk-forge/third_party/buildroot/output/host/lib/pkgconfig:/home/charliechen/rk-forge/third_party/buildroot/output/host/share/pkgconfig" AR="/usr/bin/ar" AS="/usr/bin/as" LD="/usr/bin/ld" NM="/usr/bin/nm" CC="/usr/bin/gcc" GCC="/usr/bin/gcc" CXX="/usr/bin/g++" CPP="/usr/bin/cpp" OBJCOPY="/usr/bin/objcopy" RANLIB="/usr/bin/ranlib" CPPFLAGS="-I/home/charliechen/rk-forge/third_party/buildroot/output/host/include" CFLAGS="-O2 -I/home/charliechen/rk-forge/third_party/buildroot/output/host/include" CXXFLAGS="-O2 -I/home/charliechen/rk-forge/third_party/buildroot/output/host/include" LDFLAGS="-L/home/charliechen/rk-forge/third_party/buildroot/output/host/lib -Wl,-rpath,/home/charliechen/rk-forge/third_party/buildroot/output/host/lib" INTLTOOL_PERL=/usr/bin/perl HELP2MAN=true MAKEINFO=true CONFIG_SITE=/dev/null ./configure --prefix="/home/charliechen/rk-forge/third_party/buildroot/output/host" --sysconfdir="/home/charliechen/rk-forge/third_party/buildroot/output/host/etc" --localstatedir="/home/charliechen/rk-forge/third_party/buildroot/output/host/var" --enable-shared --disable-static --disable-gtk-doc --disable-gtk-doc-html --disable-doc --disable-docs --disable-documentation --disable-debug --with-xmlto=no --with-fop=no --disable-nls --disable-dependency-tracking   )
configure: WARNING: unrecognized options: --disable-gtk-doc, --disable-gtk-doc-html, --disable-doc, --disable-docs, --disable-documentation, --disable-debug, --with-xmlto, --with-fop, --disable-nls
## ------------------------- ##
## Configuring libtool 2.5.4 ##
## ------------------------- ##

checking for GNU M4 that supports accurate traces... /home/charliechen/rk-forge/third_party/buildroot/output/host/bin/m4
checking whether /home/charliechen/rk-forge/third_party/buildroot/output/host/bin/m4 accepts --gnu... yes
checking how m4 supports trace files... --debugfile
checking for a BSD-compatible install... /usr/bin/install -c
checking whether sleep supports fractional seconds... yes
checking filesystem timestamp resolution... 0.01
checking whether build environment is sane... yes
checking for a race-free mkdir -p... /usr/bin/mkdir -p
checking for gawk... gawk
checking whether make sets $(MAKE)... yes
checking whether make supports nested variables... yes
checking xargs -n works... yes
checking build system type... x86_64-pc-linux-gnu
checking host system type... x86_64-pc-linux-gnu
configure: autobuild project... GNU Libtool
configure: autobuild revision... 2.5.4
configure: autobuild hostname... Charliechen
configure: autobuild mode... default
configure: autobuild timestamp... 20260618T093148Z
checking for gcc... /usr/bin/gcc
checking whether the C compiler works... yes
checking for C compiler default output file name... a.out
checking for suffix of executables... 
checking whether we are cross compiling... no
checking for suffix of object files... o
checking whether the compiler supports GNU C... yes
checking whether /usr/bin/gcc accepts -g... yes
checking for /usr/bin/gcc option to enable C11 features... none needed
checking whether /usr/bin/gcc understands -c and -o together... yes
checking whether the compiler is clang... no
checking for compiler option needed when checking for declarations... none
checking whether make supports the include directive... yes (GNU style)
checking dependency style of /usr/bin/gcc... none
checking how to run the C preprocessor... /usr/bin/cpp
checking for egrep -e... /usr/bin/grep -E
checking for Minix Amsterdam compiler... no
checking for ar... /usr/bin/ar
checking how to run the C preprocessor... /usr/bin/cpp
checking how to print strings... printf
checking for a sed that does not truncate output... /usr/bin/sed
checking for grep that handles long lines and -e... /usr/bin/grep
checking for egrep... /usr/bin/grep -E
checking for fgrep... /usr/bin/grep -F
checking for ld used by /usr/bin/gcc... /usr/bin/ld
checking if the linker (/usr/bin/ld) is GNU ld... yes
checking for BSD- or MS-compatible name lister (nm)... /usr/bin/nm
checking the name lister (/usr/bin/nm) interface... BSD nm
checking whether ln -s works... yes
checking the maximum length of command line arguments... 1572864
checking how to convert x86_64-pc-linux-gnu file names to x86_64-pc-linux-gnu format... func_convert_file_noop
checking how to convert x86_64-pc-linux-gnu file names to toolchain format... func_convert_file_noop
checking for /usr/bin/ld option to reload object files... -r
checking for file... file
checking for objdump... objdump
checking how to recognize dependent libraries... pass_all
checking for dlltool... no
checking how to associate runtime and link libraries... printf %s\n
checking for archiver @FILE support... @
checking for strip... strip
checking command to parse /usr/bin/nm output from /usr/bin/gcc object... ok
checking for sysroot... no
checking for a working dd... /usr/bin/dd
checking how to truncate binary pipes... /usr/bin/dd bs=4096 count=1
checking for mt... mt
checking if mt is a manifest tool... no
checking for stdio.h... yes
checking for stdlib.h... yes
checking for string.h... yes
checking for inttypes.h... yes
checking for stdint.h... yes
checking for strings.h... yes
checking for sys/stat.h... yes
checking for sys/types.h... yes
checking for unistd.h... yes
checking for dlfcn.h... yes
checking for objdir... .libs
checking if /usr/bin/gcc supports -fno-rtti -fno-exceptions... no
checking for /usr/bin/gcc option to produce PIC... -fPIC -DPIC
checking if /usr/bin/gcc PIC flag -fPIC -DPIC works... yes
checking if /usr/bin/gcc static flag -static works... yes
checking if /usr/bin/gcc supports -c -o file.o... yes
checking if /usr/bin/gcc supports -c -o file.o... (cached) yes
checking whether the /usr/bin/gcc linker (/usr/bin/ld -m elf_x86_64) supports shared libraries... yes
checking whether -lc should be explicitly linked in... no
checking dynamic linker characteristics... GNU/Linux ld.so
checking how to hardcode library paths into programs... immediate
checking for shl_load... no
checking for shl_load in -ldld... no
checking for dlopen... yes
checking whether a program can dlopen itself... yes
checking whether a statically linked program can dlopen itself... no
checking whether stripping libraries is possible... yes
checking if libtool supports shared libraries... yes
checking whether to build shared libraries... yes
checking whether to build static libraries... no
checking what extension is used for runtime loadable modules... .so
checking what variable specifies run-time module search path... LD_LIBRARY_PATH
checking for the default library search path... /lib /usr/lib /usr/lib/x86_64-linux-gnu/libfakeroot /usr/lib/wsl/lib /usr/local/lib /usr/local/lib/x86_64-linux-gnu /lib/x86_64-linux-gnu /usr/lib/x86_64-linux-gnu /lib32 /usr/lib32 /libx32 /usr/libx32 
checking for /usr/bin/gcc options needed to detect all undeclared functions... none needed
checking for library containing dlopen... none required
checking for dlerror... yes
checking for shl_load... (cached) no
checking for shl_load in -ldld... (cached) no
checking for dld_link in -ldld... no
checking for _ prefix in compiled symbols... no
checking whether deplibs are loaded by dlopen... yes
checking for argz.h... yes
checking for error_t... yes
checking for argz_add... yes
checking for argz_append... yes
checking for argz_count... yes
checking for argz_create_sep... yes
checking for argz_insert... yes
checking for argz_next... yes
checking for argz_stringify... yes
checking if argz actually works... yes
checking whether libtool supports -dlopen/-dlpreopen... yes
checking for unistd.h... (cached) yes
checking for dl.h... no
checking for sys/dl.h... no
checking for dld.h... no
checking for mach-o/dyld.h... no
checking for dirent.h... yes
checking for closedir... yes
checking for opendir... yes
checking for readdir... yes
checking for strlcat... yes
checking for strlcpy... yes
checking whether the compiler supports GNU C++... yes
checking whether /usr/bin/g++ accepts -g... yes
checking for /usr/bin/g++ option to enable C++11 features... none needed
checking dependency style of /usr/bin/g++... none
checking how to run the C++ preprocessor... /usr/bin/g++ -E
checking for ld used by /usr/bin/g++... /usr/bin/ld -m elf_x86_64
checking if the linker (/usr/bin/ld -m elf_x86_64) is GNU ld... yes
checking whether the /usr/bin/g++ linker (/usr/bin/ld -m elf_x86_64) supports shared libraries... yes
checking for /usr/bin/g++ option to produce PIC... -fPIC -DPIC
checking if /usr/bin/g++ PIC flag -fPIC -DPIC works... yes
checking if /usr/bin/g++ static flag -static works... yes
checking if /usr/bin/g++ supports -c -o file.o... yes
checking if /usr/bin/g++ supports -c -o file.o... (cached) yes
checking whether the /usr/bin/g++ linker (/usr/bin/ld -m elf_x86_64) supports shared libraries... yes
checking dynamic linker characteristics... (cached) GNU/Linux ld.so
checking how to hardcode library paths into programs... immediate
checking for g77... no
checking for xlf... no
checking for f77... no
checking for frt... no
checking for pgf77... no
checking for cf77... no
checking for fort77... no
checking for fl32... no
checking for af77... no
checking for xlf90... no
checking for f90... no
checking for pgf90... no
checking for pghpf... no
checking for epcf90... no
checking for gfortran... no
checking for g95... no
checking for xlf95... no
checking for f95... no
checking for fort... no
checking for ifort... no
checking for ifc... no
checking for efc... no
checking for pgfortran... no
checking for pgf95... no
checking for lf95... no
checking for ftn... no
checking for nagfor... no
checking whether the compiler supports GNU Fortran 77... no
checking whether  accepts -g... no
checking for gfortran... no
checking for g95... no
checking for xlf95... no
checking for f95... no
checking for fort... no
checking for ifort... no
checking for ifc... no
checking for efc... no
checking for pgfortran... no
checking for pgf95... no
checking for lf95... no
checking for ftn... no
checking for nagfor... no
checking for xlf90... no
checking for f90... no
checking for pgf90... no
checking for pghpf... no
checking for epcf90... no
checking for g77... no
checking for xlf... no
checking for f77... no
checking for frt... no
checking for pgf77... no
checking for cf77... no
checking for fort77... no
checking for fl32... no
checking for af77... no
checking whether the compiler supports GNU Fortran... no
checking whether  accepts -g... no
checking for gccgo... no
checking for gcj... no
checking for windres... no
checking for C compiler option to allow warnings... -Wno-error
checking for C++ compiler option to allow warnings... -Wno-error
checking that generated files are newer than configure... done
configure: creating ./config.status
config.status: creating Makefile
config.status: creating gnulib-tests/Makefile
config.status: creating config.h
config.status: executing tests/atconfig commands
config.status: executing depfiles commands
config.status: executing libtool commands
configure: WARNING: unrecognized options: --disable-gtk-doc, --disable-gtk-doc-html, --disable-doc, --disable-docs, --disable-documentation, --disable-debug, --with-xmlto, --with-fop, --disable-nls
[7m>>> host-libtool 2.5.4 Building[27m
GIT_DIR=. PATH="/home/charliechen/rk-forge/third_party/buildroot/output/host/bin:/home/charliechen/rk-forge/third_party/buildroot/output/host/sbin:/opt/arm-gnu-toolchain-15.2.rel1-x86_64-arm-none-linux-gnueabihf/bin:/opt/arm-gnu-toolchain-15.2.rel1-x86_64-arm-none-linux-gnueabihf/bin:/home/charliechen/.pyenv/shims:/home/charliechen/.pyenv/bin:/home/charliechen/.vscode-server/bin/93cfdd489c3b228840d0f86ec77c3636277c93ea/bin/remote-cli:/home/charliechen/.local/bin:/opt/arm-gnu-toolchain-15.2.rel1-x86_64-arm-none-linux-gnueabihf/bin:/home/charliechen/.pyenv/bin:/usr/local/sbin:/usr/local/bin:/usr/sbin:/usr/bin:/sbin:/bin:/usr/games:/usr/local/games:/usr/lib/wsl/lib" PKG_CONFIG="/home/charliechen/rk-forge/third_party/buildroot/output/host/bin/pkg-config" PKG_CONFIG_SYSROOT_DIR="/" PKG_CONFIG_ALLOW_SYSTEM_CFLAGS=1 PKG_CONFIG_ALLOW_SYSTEM_LIBS=1 PKG_CONFIG_LIBDIR="/home/charliechen/rk-forge/third_party/buildroot/output/host/lib/pkgconfig:/home/charliechen/rk-forge/third_party/buildroot/output/host/share/pkgconfig"  /usr/bin/make -j15  -C /home/charliechen/rk-forge/third_party/buildroot/output/build/host-libtool-2.5.4/.
make[1]: Entering directory '/home/charliechen/rk-forge/third_party/buildroot/output/build/host-libtool-2.5.4'
  GEN      libtoolize
/usr/bin/make  all-recursive
make[2]: Entering directory '/home/charliechen/rk-forge/third_party/buildroot/output/build/host-libtool-2.5.4'
Making all in .
make[3]: Entering directory '/home/charliechen/rk-forge/third_party/buildroot/output/build/host-libtool-2.5.4'
make[4]: Entering directory '/home/charliechen/rk-forge/third_party/buildroot/output/build/host-libtool-2.5.4'
  CC       libltdl/loaders/libltdl_la-preopen.lo
  CC       libltdl/loaders/dlopen.lo
make[4]: Leaving directory '/home/charliechen/rk-forge/third_party/buildroot/output/build/host-libtool-2.5.4'
  CC       libltdl/libltdl_la-lt__alloc.lo
  CC       libltdl/libltdl_la-lt_dlloader.lo
  CC       libltdl/libltdl_la-lt_error.lo
  CC       libltdl/libltdl_la-ltdl.lo
  CC       libltdl/libltdl_la-slist.lo
  CCLD     libltdl/dlopen.la
  CCLD     libltdl/libltdl.la
  GEN      libltdl/stamp-mk
make[3]: Leaving directory '/home/charliechen/rk-forge/third_party/buildroot/output/build/host-libtool-2.5.4'
Making all in gnulib-tests
make[3]: Entering directory '/home/charliechen/rk-forge/third_party/buildroot/output/build/host-libtool-2.5.4/gnulib-tests'
## ---------------------------------------------------- ##
## ------------------- Gnulib tests ------------------- ##
## You can ignore compiler warnings in this directory.  ##
## ---------------------------------------------------- ##
/usr/bin/make  all-recursive
make[4]: Entering directory '/home/charliechen/rk-forge/third_party/buildroot/output/build/host-libtool-2.5.4/gnulib-tests'
Making all in .
make[5]: Entering directory '/home/charliechen/rk-forge/third_party/buildroot/output/build/host-libtool-2.5.4/gnulib-tests'
make[5]: Nothing to be done for 'all-am'.
make[5]: Leaving directory '/home/charliechen/rk-forge/third_party/buildroot/output/build/host-libtool-2.5.4/gnulib-tests'
make[4]: Leaving directory '/home/charliechen/rk-forge/third_party/buildroot/output/build/host-libtool-2.5.4/gnulib-tests'
make[3]: Leaving directory '/home/charliechen/rk-forge/third_party/buildroot/output/build/host-libtool-2.5.4/gnulib-tests'
make[2]: Leaving directory '/home/charliechen/rk-forge/third_party/buildroot/output/build/host-libtool-2.5.4'
make[1]: Leaving directory '/home/charliechen/rk-forge/third_party/buildroot/output/build/host-libtool-2.5.4'
[7m>>> host-libtool 2.5.4 Installing to host directory[27m
GIT_DIR=. PATH="/home/charliechen/rk-forge/third_party/buildroot/output/host/bin:/home/charliechen/rk-forge/third_party/buildroot/output/host/sbin:/opt/arm-gnu-toolchain-15.2.rel1-x86_64-arm-none-linux-gnueabihf/bin:/opt/arm-gnu-toolchain-15.2.rel1-x86_64-arm-none-linux-gnueabihf/bin:/home/charliechen/.pyenv/shims:/home/charliechen/.pyenv/bin:/home/charliechen/.vscode-server/bin/93cfdd489c3b228840d0f86ec77c3636277c93ea/bin/remote-cli:/home/charliechen/.local/bin:/opt/arm-gnu-toolchain-15.2.rel1-x86_64-arm-none-linux-gnueabihf/bin:/home/charliechen/.pyenv/bin:/usr/local/sbin:/usr/local/bin:/usr/sbin:/usr/bin:/sbin:/bin:/usr/games:/usr/local/games:/usr/lib/wsl/lib" PKG_CONFIG="/home/charliechen/rk-forge/third_party/buildroot/output/host/bin/pkg-config" PKG_CONFIG_SYSROOT_DIR="/" PKG_CONFIG_ALLOW_SYSTEM_CFLAGS=1 PKG_CONFIG_ALLOW_SYSTEM_LIBS=1 PKG_CONFIG_LIBDIR="/home/charliechen/rk-forge/third_party/buildroot/output/host/lib/pkgconfig:/home/charliechen/rk-forge/third_party/buildroot/output/host/share/pkgconfig"  /usr/bin/make -j15 install -C /home/charliechen/rk-forge/third_party/buildroot/output/build/host-libtool-2.5.4/.
make[1]: Entering directory '/home/charliechen/rk-forge/third_party/buildroot/output/build/host-libtool-2.5.4'
/usr/bin/make  install-recursive
make[2]: Entering directory '/home/charliechen/rk-forge/third_party/buildroot/output/build/host-libtool-2.5.4'
Making install in .
make[3]: Entering directory '/home/charliechen/rk-forge/third_party/buildroot/output/build/host-libtool-2.5.4'
make[4]: Entering directory '/home/charliechen/rk-forge/third_party/buildroot/output/build/host-libtool-2.5.4'
 /usr/bin/mkdir -p '/home/charliechen/rk-forge/third_party/buildroot/output/host/bin'
 /usr/bin/mkdir -p '/home/charliechen/rk-forge/third_party/buildroot/output/host/lib'
 /usr/bin/mkdir -p '/home/charliechen/rk-forge/third_party/buildroot/output/host/include'
 /usr/bin/mkdir -p '/home/charliechen/rk-forge/third_party/buildroot/output/host/include/libltdl'
 /bin/bash ./libtool   --mode=install /usr/bin/install -c   libltdl/libltdl.la '/home/charliechen/rk-forge/third_party/buildroot/output/host/lib'
 /usr/bin/mkdir -p '/home/charliechen/rk-forge/third_party/buildroot/output/host/share/man/man1'
 GREP='/usr/bin/grep' SED='/usr/bin/sed' './build-aux/inline-source' libtoolize > '/home/charliechen/rk-forge/third_party/buildroot/output/host/bin/libtoolize'
 /usr/bin/mkdir -p '/home/charliechen/rk-forge/third_party/buildroot/output/host/share/info'
 /usr/bin/install -c -m 644 libltdl/ltdl.h '/home/charliechen/rk-forge/third_party/buildroot/output/host/include'
 /usr/bin/install -c libtool '/home/charliechen/rk-forge/third_party/buildroot/output/host/bin'
 /usr/bin/install -c -m 644 libltdl/libltdl/lt_system.h libltdl/libltdl/lt_error.h libltdl/libltdl/lt_dlloader.h '/home/charliechen/rk-forge/third_party/buildroot/output/host/include/libltdl'
 /usr/bin/install -c -m 644 ./doc/libtool.1 ./doc/libtoolize.1 '/home/charliechen/rk-forge/third_party/buildroot/output/host/share/man/man1'
 /usr/bin/install -c -m 644 ./doc/libtool.info ./doc/libtool.info-1 ./doc/libtool.info-2 '/home/charliechen/rk-forge/third_party/buildroot/output/host/share/info'
 install-info --info-dir='/home/charliechen/rk-forge/third_party/buildroot/output/host/share/info' '/home/charliechen/rk-forge/third_party/buildroot/output/host/share/info/libtool.info'
libtool: install: /usr/bin/install -c libltdl/.libs/libltdl.so.7.3.3 /home/charliechen/rk-forge/third_party/buildroot/output/host/lib/libltdl.so.7.3.3
libtool: install: (cd /home/charliechen/rk-forge/third_party/buildroot/output/host/lib && { ln -s -f libltdl.so.7.3.3 libltdl.so.7 || { rm -f libltdl.so.7 && ln -s libltdl.so.7.3.3 libltdl.so.7; }; })
libtool: install: (cd /home/charliechen/rk-forge/third_party/buildroot/output/host/lib && { ln -s -f libltdl.so.7.3.3 libltdl.so || { rm -f libltdl.so && ln -s libltdl.so.7.3.3 libltdl.so; }; })
libtool: install: /usr/bin/install -c libltdl/.libs/libltdl.lai /home/charliechen/rk-forge/third_party/buildroot/output/host/lib/libltdl.la
libtool: finish: PATH="/home/charliechen/rk-forge/third_party/buildroot/output/host/bin:/home/charliechen/rk-forge/third_party/buildroot/output/host/sbin:/opt/arm-gnu-toolchain-15.2.rel1-x86_64-arm-none-linux-gnueabihf/bin:/opt/arm-gnu-toolchain-15.2.rel1-x86_64-arm-none-linux-gnueabihf/bin:/home/charliechen/.pyenv/shims:/home/charliechen/.pyenv/bin:/home/charliechen/.vscode-server/bin/93cfdd489c3b228840d0f86ec77c3636277c93ea/bin/remote-cli:/home/charliechen/.local/bin:/opt/arm-gnu-toolchain-15.2.rel1-x86_64-arm-none-linux-gnueabihf/bin:/home/charliechen/.pyenv/bin:/usr/local/sbin:/usr/local/bin:/usr/sbin:/usr/bin:/sbin:/bin:/usr/games:/usr/local/games:/usr/lib/wsl/lib:/sbin" ldconfig -n /home/charliechen/rk-forge/third_party/buildroot/output/host/lib
rm -rf '/home/charliechen/rk-forge/third_party/buildroot/output/host/share/libtool'/*
 /usr/bin/install -c -m 644 './m4/libtool.m4' '/home/charliechen/rk-forge/third_party/buildroot/output/host/share/aclocal/libtool.m4'
 /usr/bin/install -c -m 644 './m4/ltargz.m4' '/home/charliechen/rk-forge/third_party/buildroot/output/host/share/aclocal/ltargz.m4'
 /usr/bin/install -c -m 644 './m4/ltdl.m4' '/home/charliechen/rk-forge/third_party/buildroot/output/host/share/aclocal/ltdl.m4'
 /usr/bin/install -c -m 644 './m4/ltoptions.m4' '/home/charliechen/rk-forge/third_party/buildroot/output/host/share/aclocal/ltoptions.m4'
 /usr/bin/install -c -m 644 './m4/ltsugar.m4' '/home/charliechen/rk-forge/third_party/buildroot/output/host/share/aclocal/ltsugar.m4'
----------------------------------------------------------------------
Libraries have been installed in:
   /home/charliechen/rk-forge/third_party/buildroot/output/host/lib

If you ever happen to want to link against installed libraries
in a given directory, LIBDIR, you must either use libtool, and
specify the full pathname of the library, or use the '-LLIBDIR'
flag during linking and do at least one of the following:
   - add LIBDIR to the 'LD_LIBRARY_PATH' environment variable
     during execution
   - add LIBDIR to the 'LD_RUN_PATH' environment variable
     during linking
   - use the '-Wl,-rpath -Wl,LIBDIR' linker flag
   - have your system administrator add LIBDIR to '/etc/ld.so.conf'

See any operating system documentation about shared libraries for
more information, such as the ld(1) and ld.so(8) manual pages.
----------------------------------------------------------------------
 /usr/bin/install -c -m 644 './m4/ltversion.m4' '/home/charliechen/rk-forge/third_party/buildroot/output/host/share/aclocal/ltversion.m4'
 /usr/bin/install -c -m 644 './m4/lt~obsolete.m4' '/home/charliechen/rk-forge/third_party/buildroot/output/host/share/aclocal/lt~obsolete.m4'
 /usr/bin/install -c './build-aux/compile' '/home/charliechen/rk-forge/third_party/buildroot/output/host/share/libtool/build-aux/compile'
 /usr/bin/install -c './build-aux/config.guess' '/home/charliechen/rk-forge/third_party/buildroot/output/host/share/libtool/build-aux/config.guess'
 /usr/bin/install -c './build-aux/config.sub' '/home/charliechen/rk-forge/third_party/buildroot/output/host/share/libtool/build-aux/config.sub'
 /usr/bin/install -c './build-aux/depcomp' '/home/charliechen/rk-forge/third_party/buildroot/output/host/share/libtool/build-aux/depcomp'
 /usr/bin/install -c './build-aux/install-sh' '/home/charliechen/rk-forge/third_party/buildroot/output/host/share/libtool/build-aux/install-sh'
 /usr/bin/install -c './build-aux/missing' '/home/charliechen/rk-forge/third_party/buildroot/output/host/share/libtool/build-aux/missing'
 /usr/bin/install -c -m 644 './build-aux/ltmain.sh' '/home/charliechen/rk-forge/third_party/buildroot/output/host/share/libtool/build-aux/ltmain.sh'
 /usr/bin/install -c -m 644 './libltdl/COPYING.LIB' '/home/charliechen/rk-forge/third_party/buildroot/output/host/share/libtool/COPYING.LIB'
 /usr/bin/install -c -m 644 './libltdl/Makefile.am' '/home/charliechen/rk-forge/third_party/buildroot/output/host/share/libtool/Makefile.am'
 /usr/bin/install -c -m 644 './libltdl/README' '/home/charliechen/rk-forge/third_party/buildroot/output/host/share/libtool/README'
 /usr/bin/install -c -m 644 './libltdl/configure.ac' '/home/charliechen/rk-forge/third_party/buildroot/output/host/share/libtool/configure.ac'
 /usr/bin/install -c -m 644 './libltdl/aclocal.m4' '/home/charliechen/rk-forge/third_party/buildroot/output/host/share/libtool/aclocal.m4'
 /usr/bin/install -c -m 644 './libltdl/Makefile.in' '/home/charliechen/rk-forge/third_party/buildroot/output/host/share/libtool/Makefile.in'
 /usr/bin/install -c -m 644 './libltdl/config-h.in' '/home/charliechen/rk-forge/third_party/buildroot/output/host/share/libtool/config-h.in'
 /usr/bin/install -c -m 644 './libltdl/configure' '/home/charliechen/rk-forge/third_party/buildroot/output/host/share/libtool/configure'
 /usr/bin/install -c -m 644 './libltdl/libltdl/lt__alloc.h' '/home/charliechen/rk-forge/third_party/buildroot/output/host/share/libtool/libltdl/lt__alloc.h'
 /usr/bin/install -c -m 644 './libltdl/libltdl/lt__argz_.h' '/home/charliechen/rk-forge/third_party/buildroot/output/host/share/libtool/libltdl/lt__argz_.h'
 /usr/bin/install -c -m 644 './libltdl/libltdl/lt__dirent.h' '/home/charliechen/rk-forge/third_party/buildroot/output/host/share/libtool/libltdl/lt__dirent.h'
 /usr/bin/install -c -m 644 './libltdl/libltdl/lt__glibc.h' '/home/charliechen/rk-forge/third_party/buildroot/output/host/share/libtool/libltdl/lt__glibc.h'
 /usr/bin/install -c -m 644 './libltdl/libltdl/lt__private.h' '/home/charliechen/rk-forge/third_party/buildroot/output/host/share/libtool/libltdl/lt__private.h'
 /usr/bin/install -c -m 644 './libltdl/libltdl/lt__strl.h' '/home/charliechen/rk-forge/third_party/buildroot/output/host/share/libtool/libltdl/lt__strl.h'
 /usr/bin/install -c -m 644 './libltdl/libltdl/lt_dlloader.h' '/home/charliechen/rk-forge/third_party/buildroot/output/host/share/libtool/libltdl/lt_dlloader.h'
 /usr/bin/install -c -m 644 './libltdl/libltdl/lt_error.h' '/home/charliechen/rk-forge/third_party/buildroot/output/host/share/libtool/libltdl/lt_error.h'
 /usr/bin/install -c -m 644 './libltdl/libltdl/lt_system.h' '/home/charliechen/rk-forge/third_party/buildroot/output/host/share/libtool/libltdl/lt_system.h'
 /usr/bin/install -c -m 644 './libltdl/libltdl/slist.h' '/home/charliechen/rk-forge/third_party/buildroot/output/host/share/libtool/libltdl/slist.h'
 /usr/bin/install -c -m 644 './libltdl/loaders/dld_link.c' '/home/charliechen/rk-forge/third_party/buildroot/output/host/share/libtool/loaders/dld_link.c'
 /usr/bin/install -c -m 644 './libltdl/loaders/dlopen.c' '/home/charliechen/rk-forge/third_party/buildroot/output/host/share/libtool/loaders/dlopen.c'
 /usr/bin/install -c -m 644 './libltdl/loaders/dyld.c' '/home/charliechen/rk-forge/third_party/buildroot/output/host/share/libtool/loaders/dyld.c'
 /usr/bin/install -c -m 644 './libltdl/loaders/load_add_on.c' '/home/charliechen/rk-forge/third_party/buildroot/output/host/share/libtool/loaders/load_add_on.c'
 /usr/bin/install -c -m 644 './libltdl/loaders/loadlibrary.c' '/home/charliechen/rk-forge/third_party/buildroot/output/host/share/libtool/loaders/loadlibrary.c'
 /usr/bin/install -c -m 644 './libltdl/loaders/preopen.c' '/home/charliechen/rk-forge/third_party/buildroot/output/host/share/libtool/loaders/preopen.c'
 /usr/bin/install -c -m 644 './libltdl/loaders/shl_load.c' '/home/charliechen/rk-forge/third_party/buildroot/output/host/share/libtool/loaders/shl_load.c'
 /usr/bin/install -c -m 644 './libltdl/lt__alloc.c' '/home/charliechen/rk-forge/third_party/buildroot/output/host/share/libtool/lt__alloc.c'
 /usr/bin/install -c -m 644 './libltdl/lt__argz.c' '/home/charliechen/rk-forge/third_party/buildroot/output/host/share/libtool/lt__argz.c'
 /usr/bin/install -c -m 644 './libltdl/lt__dirent.c' '/home/charliechen/rk-forge/third_party/buildroot/output/host/share/libtool/lt__dirent.c'
 /usr/bin/install -c -m 644 './libltdl/lt__strl.c' '/home/charliechen/rk-forge/third_party/buildroot/output/host/share/libtool/lt__strl.c'
 /usr/bin/install -c -m 644 './libltdl/lt_dlloader.c' '/home/charliechen/rk-forge/third_party/buildroot/output/host/share/libtool/lt_dlloader.c'
 /usr/bin/install -c -m 644 './libltdl/lt_error.c' '/home/charliechen/rk-forge/third_party/buildroot/output/host/share/libtool/lt_error.c'
 /usr/bin/install -c -m 644 './libltdl/ltdl.c' '/home/charliechen/rk-forge/third_party/buildroot/output/host/share/libtool/ltdl.c'
 /usr/bin/install -c -m 644 './libltdl/ltdl.h' '/home/charliechen/rk-forge/third_party/buildroot/output/host/share/libtool/ltdl.h'
 /usr/bin/install -c -m 644 './libltdl/ltdl.mk' '/home/charliechen/rk-forge/third_party/buildroot/output/host/share/libtool/ltdl.mk'
 /usr/bin/install -c -m 644 './libltdl/slist.c' '/home/charliechen/rk-forge/third_party/buildroot/output/host/share/libtool/slist.c'
chmod a+x '/home/charliechen/rk-forge/third_party/buildroot/output/host/share/libtool/configure'
make[4]: Leaving directory '/home/charliechen/rk-forge/third_party/buildroot/output/build/host-libtool-2.5.4'
make[3]: Leaving directory '/home/charliechen/rk-forge/third_party/buildroot/output/build/host-libtool-2.5.4'
Making install in gnulib-tests
make[3]: Entering directory '/home/charliechen/rk-forge/third_party/buildroot/output/build/host-libtool-2.5.4/gnulib-tests'
/usr/bin/make  install-recursive
make[4]: Entering directory '/home/charliechen/rk-forge/third_party/buildroot/output/build/host-libtool-2.5.4/gnulib-tests'
Making install in .
make[5]: Entering directory '/home/charliechen/rk-forge/third_party/buildroot/output/build/host-libtool-2.5.4/gnulib-tests'
make[6]: Entering directory '/home/charliechen/rk-forge/third_party/buildroot/output/build/host-libtool-2.5.4/gnulib-tests'
make[6]: Nothing to be done for 'install-exec-am'.
make[6]: Leaving directory '/home/charliechen/rk-forge/third_party/buildroot/output/build/host-libtool-2.5.4/gnulib-tests'
make[5]: Leaving directory '/home/charliechen/rk-forge/third_party/buildroot/output/build/host-libtool-2.5.4/gnulib-tests'
make[4]: Leaving directory '/home/charliechen/rk-forge/third_party/buildroot/output/build/host-libtool-2.5.4/gnulib-tests'
make[3]: Leaving directory '/home/charliechen/rk-forge/third_party/buildroot/output/build/host-libtool-2.5.4/gnulib-tests'
make[2]: Leaving directory '/home/charliechen/rk-forge/third_party/buildroot/output/build/host-libtool-2.5.4'
make[1]: Leaving directory '/home/charliechen/rk-forge/third_party/buildroot/output/build/host-libtool-2.5.4'
[7m>>> host-autoconf 2.73 Downloading[27m
wget -nd -t 3 --connect-timeout=10 -O '/home/charliechen/rk-forge/third_party/buildroot/output/build/.autoconf-2.73.tar.xz.5Wnt83/output' 'https://ftpmirror.gnu.org/autoconf/autoconf-2.73.tar.xz' 
--2026-06-18 17:31:56--  https://ftpmirror.gnu.org/autoconf/autoconf-2.73.tar.xz
Connecting to 127.0.0.1:7890... connected.
Proxy request sent, awaiting response... 302 Moved Temporarily
Location: https://fosszone.csd.auth.gr/gnu/autoconf/autoconf-2.73.tar.xz [following]
--2026-06-18 17:31:57--  https://fosszone.csd.auth.gr/gnu/autoconf/autoconf-2.73.tar.xz
Connecting to 127.0.0.1:7890... connected.
Proxy request sent, awaiting response... 200 OK
Length: 1417428 (1.4M) [application/x-xz]
Saving to: ‘/home/charliechen/rk-forge/third_party/buildroot/output/build/.autoconf-2.73.tar.xz.5Wnt83/output’

     0K .......... .......... .......... .......... ..........  3% 42.8K 31s
    50K .......... .......... .......... .......... ..........  7%  126K 20s
   100K .......... .......... .......... .......... .......... 10%  125K 16s
   150K .......... .......... .......... .......... .......... 14%  275K 13s
   200K .......... .......... .......... .......... .......... 18%  226K 11s
   250K .......... .......... .......... .......... .......... 21%  240K 9s
   300K .......... .......... .......... .......... .......... 25%  282K 8s
   350K .......... .......... .......... .......... .......... 28%  738K 7s
   400K .......... .......... .......... .......... .......... 32%  518K 6s
   450K .......... .......... .......... .......... .......... 36%  211K 6s
   500K .......... .......... .......... .......... .......... 39%  770K 5s
   550K .......... .......... .......... .......... .......... 43%  353K 4s
   600K .......... .......... .......... .......... .......... 46% 1.00M 4s
   650K .......... .......... .......... .......... .......... 50%  807K 3s
   700K .......... .......... .......... .......... .......... 54%  657K 3s
   750K .......... .......... .......... .......... .......... 57%  342K 3s
   800K .......... .......... .......... .......... .......... 61% 2.83M 2s
   850K .......... .......... .......... .......... .......... 65%  482K 2s
   900K .......... .......... .......... .......... .......... 68%  421K 2s
   950K .......... .......... .......... .......... .......... 72%  877K 2s
  1000K .......... .......... .......... .......... .......... 75% 76.7M 1s
  1050K .......... .......... .......... .......... .......... 79%  719K 1s
  1100K .......... .......... .......... .......... .......... 83%  715K 1s
  1150K .......... .......... .......... .......... .......... 86% 1.56M 1s
  1200K .......... .......... .......... .......... .......... 90%  304K 0s
  1250K .......... .......... .......... .......... .......... 93%  126M 0s
  1300K .......... .......... .......... .......... .......... 97% 70.8M 0s
  1350K .......... .......... .......... ....                 100%  445K=4.4s

2026-06-18 17:32:03 (314 KB/s) - ‘/home/charliechen/rk-forge/third_party/buildroot/output/build/.autoconf-2.73.tar.xz.5Wnt83/output’ saved [1417428/1417428]

autoconf-2.73.tar.xz: OK (sha256: 9fd672b1c8425fac2fa67fa0477b990987268b90ff36d5f016dae57be0d6b52e)
[7m>>> host-autoconf 2.73 Extracting[27m
xzcat /home/charliechen/rk-forge/third_party/buildroot/dl/autoconf/autoconf-2.73.tar.xz | tar --strip-components=1 -C /home/charliechen/rk-forge/third_party/buildroot/output/build/host-autoconf-2.73   -xf -
[7m>>> host-autoconf 2.73 Patching[27m

Applying 0001-dont-add-dirty-to-version.patch using patch: 
patching file build-aux/git-version-gen
[7m>>> host-autoconf 2.73 Updating config.sub and config.guess[27m
for file in config.guess config.sub; do for i in $(find /home/charliechen/rk-forge/third_party/buildroot/output/build/host-autoconf-2.73 -name $file); do cp support/gnuconfig/$file $i; done; done
[7m>>> host-autoconf 2.73 Patching libtool[27m
[7m>>> host-autoconf 2.73 Configuring[27m
(cd /home/charliechen/rk-forge/third_party/buildroot/output/build/host-autoconf-2.73/ && rm -rf config.cache; GIT_DIR=. PATH="/home/charliechen/rk-forge/third_party/buildroot/output/host/bin:/home/charliechen/rk-forge/third_party/buildroot/output/host/sbin:/opt/arm-gnu-toolchain-15.2.rel1-x86_64-arm-none-linux-gnueabihf/bin:/opt/arm-gnu-toolchain-15.2.rel1-x86_64-arm-none-linux-gnueabihf/bin:/home/charliechen/.pyenv/shims:/home/charliechen/.pyenv/bin:/home/charliechen/.vscode-server/bin/93cfdd489c3b228840d0f86ec77c3636277c93ea/bin/remote-cli:/home/charliechen/.local/bin:/opt/arm-gnu-toolchain-15.2.rel1-x86_64-arm-none-linux-gnueabihf/bin:/home/charliechen/.pyenv/bin:/usr/local/sbin:/usr/local/bin:/usr/sbin:/usr/bin:/sbin:/bin:/usr/games:/usr/local/games:/usr/lib/wsl/lib" PKG_CONFIG="/home/charliechen/rk-forge/third_party/buildroot/output/host/bin/pkg-config" PKG_CONFIG_SYSROOT_DIR="/" PKG_CONFIG_ALLOW_SYSTEM_CFLAGS=1 PKG_CONFIG_ALLOW_SYSTEM_LIBS=1 PKG_CONFIG_LIBDIR="/home/charliechen/rk-forge/third_party/buildroot/output/host/lib/pkgconfig:/home/charliechen/rk-forge/third_party/buildroot/output/host/share/pkgconfig" AR="/usr/bin/ar" AS="/usr/bin/as" LD="/usr/bin/ld" NM="/usr/bin/nm" CC="/usr/bin/gcc" GCC="/usr/bin/gcc" CXX="/usr/bin/g++" CPP="/usr/bin/cpp" OBJCOPY="/usr/bin/objcopy" RANLIB="/usr/bin/ranlib" CPPFLAGS="-I/home/charliechen/rk-forge/third_party/buildroot/output/host/include" CFLAGS="-O2 -I/home/charliechen/rk-forge/third_party/buildroot/output/host/include" CXXFLAGS="-O2 -I/home/charliechen/rk-forge/third_party/buildroot/output/host/include" LDFLAGS="-L/home/charliechen/rk-forge/third_party/buildroot/output/host/lib -Wl,-rpath,/home/charliechen/rk-forge/third_party/buildroot/output/host/lib" INTLTOOL_PERL=/usr/bin/perl EMACS="no" ac_cv_path_M4=/home/charliechen/rk-forge/third_party/buildroot/output/host/bin/m4 ac_cv_prog_gnu_m4_gnu=no CONFIG_SITE=/dev/null ./configure --prefix="/home/charliechen/rk-forge/third_party/buildroot/output/host" --sysconfdir="/home/charliechen/rk-forge/third_party/buildroot/output/host/etc" --localstatedir="/home/charliechen/rk-forge/third_party/buildroot/output/host/var" --enable-shared --disable-static --disable-gtk-doc --disable-gtk-doc-html --disable-doc --disable-docs --disable-documentation --disable-debug --with-xmlto=no --with-fop=no --disable-nls --disable-dependency-tracking   )
configure: WARNING: unrecognized options: --enable-shared, --disable-static, --disable-gtk-doc, --disable-gtk-doc-html, --disable-doc, --disable-docs, --disable-documentation, --disable-debug, --with-xmlto, --with-fop, --disable-nls, --disable-dependency-tracking
checking for a BSD-compatible install... /usr/bin/install -c
checking whether sleep supports fractional seconds... yes
checking filesystem timestamp resolution... 0.01
checking whether build environment is sane... yes
checking for a race-free mkdir -p... /usr/bin/mkdir -p
checking for gawk... gawk
checking whether make sets $(MAKE)... yes
checking whether make supports nested variables... yes
checking xargs -n works... yes
checking whether UID '1000' is supported by ustar format... yes
checking whether GID '1000' is supported by ustar format... yes
checking how to create a ustar tar archive... gnutar
checking build system type... x86_64-pc-linux-gnu
checking host system type... x86_64-pc-linux-gnu
configure: autobuild project... GNU Autoconf
configure: autobuild revision... 2.73
configure: autobuild hostname... Charliechen
configure: autobuild timestamp... 20260618T093204Z
checking for a shell whose -n mode is known to work... /bin/bash
checking for characters that cannot appear in file names... none
checking whether directories can have trailing spaces... yes
checking for expr... /usr/bin/expr
checking for GNU M4 that supports accurate traces... (cached) /home/charliechen/rk-forge/third_party/buildroot/output/host/bin/m4
checking whether /home/charliechen/rk-forge/third_party/buildroot/output/host/bin/m4 accepts --gnu... (cached) no
checking how m4 supports trace files... --debugfile
checking for perl... /usr/bin/perl
checking whether /usr/bin/perl Fcntl::flock is implemented... yes
checking for emacs... no
checking for emacs... no
checking where .elc files should go... ${datadir}/emacs/site-lisp
checking for grep that handles long lines and -e... /usr/bin/grep
checking for egrep... /usr/bin/grep -E
checking for a sed that does not truncate output... /usr/bin/sed
checking whether make is case sensitive... yes
checking that generated files are newer than configure... done
configure: creating ./config.status
config.status: creating tests/atlocal
config.status: creating Makefile
config.status: creating lib/autoconf_version.m4
config.status: executing tests/atconfig commands
configure: WARNING: unrecognized options: --enable-shared, --disable-static, --disable-gtk-doc, --disable-gtk-doc-html, --disable-doc, --disable-docs, --disable-documentation, --disable-debug, --with-xmlto, --with-fop, --disable-nls, --disable-dependency-tracking

You are about to use an experimental version of Autoconf.  Be sure to
read the relevant mailing lists, most importantly <autoconf@gnu.org>.

Below you will find information on the status of this version of Autoconf.

* Status

                 /*------------------------------------.
                 | New features need further testing.  |
                 `------------------------------------*/

* Autotest parallel testsuite support is still a work in progress.
  There are known issues in job handling under dash and some ksh
  variants, where a parallel testsuite can hang or cause a 100%
  processor load.  In the current release, the overall autoconf
  testsuite only exercises parallel autotest under bash and zsh, or if
  you have defined TEST_PARALLEL_AUTOTEST in the environment.
  Meanwhile, Cygwin has known problems with named fifos that cause
  failures when attempting parallel tests in an autotest suite.  It is
  possible that other difficulties will be encountered, whether with
  shell or platform limitations; help is appreciated in improving
  parallel testsuite support.

[7m>>> host-autoconf 2.73 Building[27m
GIT_DIR=. PATH="/home/charliechen/rk-forge/third_party/buildroot/output/host/bin:/home/charliechen/rk-forge/third_party/buildroot/output/host/sbin:/opt/arm-gnu-toolchain-15.2.rel1-x86_64-arm-none-linux-gnueabihf/bin:/opt/arm-gnu-toolchain-15.2.rel1-x86_64-arm-none-linux-gnueabihf/bin:/home/charliechen/.pyenv/shims:/home/charliechen/.pyenv/bin:/home/charliechen/.vscode-server/bin/93cfdd489c3b228840d0f86ec77c3636277c93ea/bin/remote-cli:/home/charliechen/.local/bin:/opt/arm-gnu-toolchain-15.2.rel1-x86_64-arm-none-linux-gnueabihf/bin:/home/charliechen/.pyenv/bin:/usr/local/sbin:/usr/local/bin:/usr/sbin:/usr/bin:/sbin:/bin:/usr/games:/usr/local/games:/usr/lib/wsl/lib" PKG_CONFIG="/home/charliechen/rk-forge/third_party/buildroot/output/host/bin/pkg-config" PKG_CONFIG_SYSROOT_DIR="/" PKG_CONFIG_ALLOW_SYSTEM_CFLAGS=1 PKG_CONFIG_ALLOW_SYSTEM_LIBS=1 PKG_CONFIG_LIBDIR="/home/charliechen/rk-forge/third_party/buildroot/output/host/lib/pkgconfig:/home/charliechen/rk-forge/third_party/buildroot/output/host/share/pkgconfig"  /usr/bin/make -j15  -C /home/charliechen/rk-forge/third_party/buildroot/output/build/host-autoconf-2.73/
make[1]: Entering directory '/home/charliechen/rk-forge/third_party/buildroot/output/build/host-autoconf-2.73'
/usr/bin/make  all-am
make[2]: Entering directory '/home/charliechen/rk-forge/third_party/buildroot/output/build/host-autoconf-2.73'
rm -f bin/autoconf bin/autoconf.tmp
rm -f bin/autoheader bin/autoheader.tmp
rm -f bin/autom4te bin/autom4te.tmp
rm -f bin/autoreconf bin/autoreconf.tmp
rm -f bin/autoscan bin/autoscan.tmp
rm -f bin/autoupdate bin/autoupdate.tmp
rm -f bin/ifnames bin/ifnames.tmp
/usr/bin/mkdir -p bin
/usr/bin/mkdir -p bin
/usr/bin/mkdir -p bin
/usr/bin/mkdir -p bin
/usr/bin/mkdir -p bin
/usr/bin/mkdir -p bin
/usr/bin/mkdir -p bin
rm -f lib/autom4te.cfg lib/autom4te.cfg-t
if test 'no' != no; then \
  am__dir=. am__subdir_includes=''; \
  case lib/emacs/autoconf-mode.elc in */*) \
    am__dir=`echo 'lib/emacs/autoconf-mode.elc' | sed 's,/[^/]*$,,'`; \
    am__subdir_includes="-L $am__dir -L ./$am__dir"; \
  esac; \
  /usr/bin/mkdir -p "$am__dir" || exit 1; \
  no --batch --no-site-file \
      \
    $am__subdir_includes -L . -L . \
    -l bytecomp \
    --eval '(if (boundp (quote byte-compile-dest-file-function)) (setq byte-compile-dest-file-function (lambda (_) "lib/emacs/autoconf-mode.elc")) (defun byte-compile-dest-file (_) "lib/emacs/autoconf-mode.elc") )' \
    -f batch-byte-compile 'lib/emacs/autoconf-mode.el'; \
else :; fi
srcdir=''; \
  test -f ./bin/autoconf.in || srcdir=./; \
  sed -e 's|@SHELL[@]|/bin/bash|g' -e 's|@PERL[@]|/usr/bin/perl|g' -e 's|@PERL_FLOCK[@]|yes|g' -e 's|@bindir[@]|/home/charliechen/rk-forge/third_party/buildroot/output/host/bin|g' -e 's|@pkgdatadir[@]|/home/charliechen/rk-forge/third_party/buildroot/output/host/share/autoconf|g' -e 's|@prefix[@]|/home/charliechen/rk-forge/third_party/buildroot/output/host|g' -e 's|@autoconf-name[@]|'`echo autoconf | sed 's,x,x,'`'|g' -e 's|@autoheader-name[@]|'`echo autoheader | sed 's,x,x,'`'|g' -e 's|@autom4te-name[@]|'`echo autom4te | sed 's,x,x,'`'|g' -e 's|@M4[@]|/home/charliechen/rk-forge/third_party/buildroot/output/host/bin/m4|g' -e 's|@M4_DEBUGFILE[@]|--debugfile|g' -e 's|@M4_GNU[@]||g' -e 's|@AWK[@]|gawk|g' -e 's|@RELEASE_YEAR[@]|2026|g' -e 's'\''@VERSION[@]'\''2.73'\''g' -e 's|@PACKAGE_NAME[@]|GNU Autoconf|g' -e 's|@configure_input[@]|Generated from bin/autoconf.in; do not edit by hand.|g' ${srcdir}bin/autoconf.in >bin/autoconf.tmp
srcdir=''; \
  test -f ./bin/autoheader.in || srcdir=./; \
  sed -e 's|@SHELL[@]|/bin/bash|g' -e 's|@PERL[@]|/usr/bin/perl|g' -e 's|@PERL_FLOCK[@]|yes|g' -e 's|@bindir[@]|/home/charliechen/rk-forge/third_party/buildroot/output/host/bin|g' -e 's|@pkgdatadir[@]|/home/charliechen/rk-forge/third_party/buildroot/output/host/share/autoconf|g' -e 's|@prefix[@]|/home/charliechen/rk-forge/third_party/buildroot/output/host|g' -e 's|@autoconf-name[@]|'`echo autoconf | sed 's,x,x,'`'|g' -e 's|@autoheader-name[@]|'`echo autoheader | sed 's,x,x,'`'|g' -e 's|@autom4te-name[@]|'`echo autom4te | sed 's,x,x,'`'|g' -e 's|@M4[@]|/home/charliechen/rk-forge/third_party/buildroot/output/host/bin/m4|g' -e 's|@M4_DEBUGFILE[@]|--debugfile|g' -e 's|@M4_GNU[@]||g' -e 's|@AWK[@]|gawk|g' -e 's|@RELEASE_YEAR[@]|2026|g' -e 's'\''@VERSION[@]'\''2.73'\''g' -e 's|@PACKAGE_NAME[@]|GNU Autoconf|g' -e 's|@configure_input[@]|Generated from bin/autoheader.in; do not edit by hand.|g' ${srcdir}bin/autoheader.in >bin/autoheader.tmp
srcdir=''; \
  test -f ./bin/autom4te.in || srcdir=./; \
  sed -e 's|@SHELL[@]|/bin/bash|g' -e 's|@PERL[@]|/usr/bin/perl|g' -e 's|@PERL_FLOCK[@]|yes|g' -e 's|@bindir[@]|/home/charliechen/rk-forge/third_party/buildroot/output/host/bin|g' -e 's|@pkgdatadir[@]|/home/charliechen/rk-forge/third_party/buildroot/output/host/share/autoconf|g' -e 's|@prefix[@]|/home/charliechen/rk-forge/third_party/buildroot/output/host|g' -e 's|@autoconf-name[@]|'`echo autoconf | sed 's,x,x,'`'|g' -e 's|@autoheader-name[@]|'`echo autoheader | sed 's,x,x,'`'|g' -e 's|@autom4te-name[@]|'`echo autom4te | sed 's,x,x,'`'|g' -e 's|@M4[@]|/home/charliechen/rk-forge/third_party/buildroot/output/host/bin/m4|g' -e 's|@M4_DEBUGFILE[@]|--debugfile|g' -e 's|@M4_GNU[@]||g' -e 's|@AWK[@]|gawk|g' -e 's|@RELEASE_YEAR[@]|2026|g' -e 's'\''@VERSION[@]'\''2.73'\''g' -e 's|@PACKAGE_NAME[@]|GNU Autoconf|g' -e 's|@configure_input[@]|Generated from bin/autom4te.in; do not edit by hand.|g' ${srcdir}bin/autom4te.in >bin/autom4te.tmp
srcdir=''; \
  test -f ./bin/autoreconf.in || srcdir=./; \
  sed -e 's|@SHELL[@]|/bin/bash|g' -e 's|@PERL[@]|/usr/bin/perl|g' -e 's|@PERL_FLOCK[@]|yes|g' -e 's|@bindir[@]|/home/charliechen/rk-forge/third_party/buildroot/output/host/bin|g' -e 's|@pkgdatadir[@]|/home/charliechen/rk-forge/third_party/buildroot/output/host/share/autoconf|g' -e 's|@prefix[@]|/home/charliechen/rk-forge/third_party/buildroot/output/host|g' -e 's|@autoconf-name[@]|'`echo autoconf | sed 's,x,x,'`'|g' -e 's|@autoheader-name[@]|'`echo autoheader | sed 's,x,x,'`'|g' -e 's|@autom4te-name[@]|'`echo autom4te | sed 's,x,x,'`'|g' -e 's|@M4[@]|/home/charliechen/rk-forge/third_party/buildroot/output/host/bin/m4|g' -e 's|@M4_DEBUGFILE[@]|--debugfile|g' -e 's|@M4_GNU[@]||g' -e 's|@AWK[@]|gawk|g' -e 's|@RELEASE_YEAR[@]|2026|g' -e 's'\''@VERSION[@]'\''2.73'\''g' -e 's|@PACKAGE_NAME[@]|GNU Autoconf|g' -e 's|@configure_input[@]|Generated from bin/autoreconf.in; do not edit by hand.|g' ${srcdir}bin/autoreconf.in >bin/autoreconf.tmp
srcdir=''; \
  test -f ./bin/autoscan.in || srcdir=./; \
  sed -e 's|@SHELL[@]|/bin/bash|g' -e 's|@PERL[@]|/usr/bin/perl|g' -e 's|@PERL_FLOCK[@]|yes|g' -e 's|@bindir[@]|/home/charliechen/rk-forge/third_party/buildroot/output/host/bin|g' -e 's|@pkgdatadir[@]|/home/charliechen/rk-forge/third_party/buildroot/output/host/share/autoconf|g' -e 's|@prefix[@]|/home/charliechen/rk-forge/third_party/buildroot/output/host|g' -e 's|@autoconf-name[@]|'`echo autoconf | sed 's,x,x,'`'|g' -e 's|@autoheader-name[@]|'`echo autoheader | sed 's,x,x,'`'|g' -e 's|@autom4te-name[@]|'`echo autom4te | sed 's,x,x,'`'|g' -e 's|@M4[@]|/home/charliechen/rk-forge/third_party/buildroot/output/host/bin/m4|g' -e 's|@M4_DEBUGFILE[@]|--debugfile|g' -e 's|@M4_GNU[@]||g' -e 's|@AWK[@]|gawk|g' -e 's|@RELEASE_YEAR[@]|2026|g' -e 's'\''@VERSION[@]'\''2.73'\''g' -e 's|@PACKAGE_NAME[@]|GNU Autoconf|g' -e 's|@configure_input[@]|Generated from bin/autoscan.in; do not edit by hand.|g' ${srcdir}bin/autoscan.in >bin/autoscan.tmp
srcdir=''; \
  test -f ./bin/autoupdate.in || srcdir=./; \
  sed -e 's|@SHELL[@]|/bin/bash|g' -e 's|@PERL[@]|/usr/bin/perl|g' -e 's|@PERL_FLOCK[@]|yes|g' -e 's|@bindir[@]|/home/charliechen/rk-forge/third_party/buildroot/output/host/bin|g' -e 's|@pkgdatadir[@]|/home/charliechen/rk-forge/third_party/buildroot/output/host/share/autoconf|g' -e 's|@prefix[@]|/home/charliechen/rk-forge/third_party/buildroot/output/host|g' -e 's|@autoconf-name[@]|'`echo autoconf | sed 's,x,x,'`'|g' -e 's|@autoheader-name[@]|'`echo autoheader | sed 's,x,x,'`'|g' -e 's|@autom4te-name[@]|'`echo autom4te | sed 's,x,x,'`'|g' -e 's|@M4[@]|/home/charliechen/rk-forge/third_party/buildroot/output/host/bin/m4|g' -e 's|@M4_DEBUGFILE[@]|--debugfile|g' -e 's|@M4_GNU[@]||g' -e 's|@AWK[@]|gawk|g' -e 's|@RELEASE_YEAR[@]|2026|g' -e 's'\''@VERSION[@]'\''2.73'\''g' -e 's|@PACKAGE_NAME[@]|GNU Autoconf|g' -e 's|@configure_input[@]|Generated from bin/autoupdate.in; do not edit by hand.|g' ${srcdir}bin/autoupdate.in >bin/autoupdate.tmp
srcdir=''; \
  test -f ./bin/ifnames.in || srcdir=./; \
  sed -e 's|@SHELL[@]|/bin/bash|g' -e 's|@PERL[@]|/usr/bin/perl|g' -e 's|@PERL_FLOCK[@]|yes|g' -e 's|@bindir[@]|/home/charliechen/rk-forge/third_party/buildroot/output/host/bin|g' -e 's|@pkgdatadir[@]|/home/charliechen/rk-forge/third_party/buildroot/output/host/share/autoconf|g' -e 's|@prefix[@]|/home/charliechen/rk-forge/third_party/buildroot/output/host|g' -e 's|@autoconf-name[@]|'`echo autoconf | sed 's,x,x,'`'|g' -e 's|@autoheader-name[@]|'`echo autoheader | sed 's,x,x,'`'|g' -e 's|@autom4te-name[@]|'`echo autom4te | sed 's,x,x,'`'|g' -e 's|@M4[@]|/home/charliechen/rk-forge/third_party/buildroot/output/host/bin/m4|g' -e 's|@M4_DEBUGFILE[@]|--debugfile|g' -e 's|@M4_GNU[@]||g' -e 's|@AWK[@]|gawk|g' -e 's|@RELEASE_YEAR[@]|2026|g' -e 's'\''@VERSION[@]'\''2.73'\''g' -e 's|@PACKAGE_NAME[@]|GNU Autoconf|g' -e 's|@configure_input[@]|Generated from bin/ifnames.in; do not edit by hand.|g' ${srcdir}bin/ifnames.in >bin/ifnames.tmp
/usr/bin/mkdir -p lib
if test 'no' != no; then \
  am__dir=. am__subdir_includes=''; \
  case lib/emacs/autotest-mode.elc in */*) \
    am__dir=`echo 'lib/emacs/autotest-mode.elc' | sed 's,/[^/]*$,,'`; \
    am__subdir_includes="-L $am__dir -L ./$am__dir"; \
  esac; \
  /usr/bin/mkdir -p "$am__dir" || exit 1; \
  no --batch --no-site-file \
      \
    $am__subdir_includes -L . -L . \
    -l bytecomp \
    --eval '(if (boundp (quote byte-compile-dest-file-function)) (setq byte-compile-dest-file-function (lambda (_) "lib/emacs/autotest-mode.elc")) (defun byte-compile-dest-file (_) "lib/emacs/autotest-mode.elc") )' \
    -f batch-byte-compile 'lib/emacs/autotest-mode.el'; \
else :; fi
sed -e 's|@SHELL[@]|/bin/bash|g' -e 's|@PERL[@]|/usr/bin/perl|g' -e 's|@PERL_FLOCK[@]|yes|g' -e 's|@bindir[@]|/home/charliechen/rk-forge/third_party/buildroot/output/host/bin|g' -e 's|@pkgdatadir[@]|/home/charliechen/rk-forge/third_party/buildroot/output/host/share/autoconf|g' -e 's|@prefix[@]|/home/charliechen/rk-forge/third_party/buildroot/output/host|g' -e 's|@autoconf-name[@]|'`echo autoconf | sed 's,x,x,'`'|g' -e 's|@autoheader-name[@]|'`echo autoheader | sed 's,x,x,'`'|g' -e 's|@autom4te-name[@]|'`echo autom4te | sed 's,x,x,'`'|g' -e 's|@M4[@]|/home/charliechen/rk-forge/third_party/buildroot/output/host/bin/m4|g' -e 's|@M4_DEBUGFILE[@]|--debugfile|g' -e 's|@M4_GNU[@]||g' -e 's|@AWK[@]|gawk|g' -e 's|@RELEASE_YEAR[@]|2026|g' -e 's'\''@VERSION[@]'\''2.73'\''g' -e 's|@PACKAGE_NAME[@]|GNU Autoconf|g' -e 's|@configure_input[@]|Generated from lib/autom4te.cfg.in; do not edit by hand.|g' ./lib/autom4te.in >lib/autom4te.cfg-t
chmod +x bin/autoheader.tmp
chmod +x bin/ifnames.tmp
chmod +x bin/autoscan.tmp
chmod a-w bin/autoheader.tmp
chmod +x bin/autom4te.tmp
chmod +x bin/autoupdate.tmp
chmod a-w bin/ifnames.tmp
chmod +x bin/autoconf.tmp
chmod +x bin/autoreconf.tmp
chmod a-w lib/autom4te.cfg-t
chmod a-w bin/autoscan.tmp
mv bin/autoheader.tmp bin/autoheader
chmod a-w bin/autom4te.tmp
chmod a-w bin/autoupdate.tmp
mv bin/ifnames.tmp bin/ifnames
chmod a-w bin/autoconf.tmp
chmod a-w bin/autoreconf.tmp
mv -f lib/autom4te.cfg-t lib/autom4te.cfg
mv bin/autoscan.tmp bin/autoscan
mv bin/autom4te.tmp bin/autom4te
mv bin/autoupdate.tmp bin/autoupdate
mv bin/autoconf.tmp bin/autoconf
mv bin/autoreconf.tmp bin/autoreconf
/usr/bin/mkdir -p lib/m4sugar
/usr/bin/mkdir -p lib/autoconf
/usr/bin/mkdir -p lib/autotest
/usr/bin/mkdir -p lib/m4sugar
lang=`echo 'lib/m4sugar/m4sh' | sed 's,.*/,,'` \
  && if test $lang = autoconf; then \
       lang=autoconf-without-aclocal-m4; \
     else :; fi \
  && autom4te_perllibdir='.'/lib AUTOM4TE_CFG='lib/autom4te.cfg'         bin/autom4te -B ''lib -B '.'/lib         \
	--language=$lang \
	--freeze \
	--output=lib/m4sugar/m4sh.m4f
lang=`echo 'lib/autoconf/autoconf' | sed 's,.*/,,'` \
  && if test $lang = autoconf; then \
       lang=autoconf-without-aclocal-m4; \
     else :; fi \
  && autom4te_perllibdir='.'/lib AUTOM4TE_CFG='lib/autom4te.cfg'         bin/autom4te -B ''lib -B '.'/lib         \
	--language=$lang \
	--freeze \
	--output=lib/autoconf/autoconf.m4f
lang=`echo 'lib/autotest/autotest' | sed 's,.*/,,'` \
  && if test $lang = autoconf; then \
       lang=autoconf-without-aclocal-m4; \
     else :; fi \
  && autom4te_perllibdir='.'/lib AUTOM4TE_CFG='lib/autom4te.cfg'         bin/autom4te -B ''lib -B '.'/lib         \
	--language=$lang \
	--freeze \
	--output=lib/autotest/autotest.m4f
lang=`echo 'lib/m4sugar/m4sugar' | sed 's,.*/,,'` \
  && if test $lang = autoconf; then \
       lang=autoconf-without-aclocal-m4; \
     else :; fi \
  && autom4te_perllibdir='.'/lib AUTOM4TE_CFG='lib/autom4te.cfg'         bin/autom4te -B ''lib -B '.'/lib         \
	--language=$lang \
	--freeze \
	--output=lib/m4sugar/m4sugar.m4f
autom4te_perllibdir='.'/lib AUTOM4TE_CFG='lib/autom4te.cfg'         bin/autom4te -B ''lib -B '.'/lib         --language=M4sh ./tests/wrapper.as -o tests/wrapper.in
/usr/bin/mkdir -p lib/autoscan
echo '# Automatically Generated: do not edit this file' >lib/autoscan/autoscan.list
sed '/^[#]/!q' ./lib/autoscan/autoscan.pre >>lib/autoscan/autoscan.list
( \
  sed -n '/^[^#]/p' ./lib/autoscan/autoscan.pre; \
  autom4te_perllibdir='.'/lib AUTOM4TE_CFG='lib/autom4te.cfg'         bin/autom4te -B ''lib -B '.'/lib         --cache '' -M -l autoconf-without-aclocal-m4 \
    -t'AN_OUTPUT:$1: $2		$3' \
) | LC_ALL=C sort >>lib/autoscan/autoscan.list
rm -f tests/autoconf tests/autoconf.tmp
rm -f tests/autoheader tests/autoheader.tmp
rm -f tests/autom4te tests/autom4te.tmp
rm -f tests/autoreconf tests/autoreconf.tmp
rm -f tests/autoscan tests/autoscan.tmp
rm -f tests/autoupdate tests/autoupdate.tmp
rm -f tests/ifnames tests/ifnames.tmp
input=tests/wrapper.in \
  && sed -e 's|@wrap_program[@]|autoconf|g' -e 's|@abs_top_srcdir[@]|/home/charliechen/rk-forge/third_party/buildroot/output/build/host-autoconf-2.73|g' -e 's|@abs_top_builddir[@]|/home/charliechen/rk-forge/third_party/buildroot/output/build/host-autoconf-2.73|g' -e "s|@configure_input[@]|Generated from $input.|g" tests/wrapper.in >tests/autoconf.tmp
input=tests/wrapper.in \
  && sed -e 's|@wrap_program[@]|autoheader|g' -e 's|@abs_top_srcdir[@]|/home/charliechen/rk-forge/third_party/buildroot/output/build/host-autoconf-2.73|g' -e 's|@abs_top_builddir[@]|/home/charliechen/rk-forge/third_party/buildroot/output/build/host-autoconf-2.73|g' -e "s|@configure_input[@]|Generated from $input.|g" tests/wrapper.in >tests/autoheader.tmp
input=tests/wrapper.in \
  && sed -e 's|@wrap_program[@]|autom4te|g' -e 's|@abs_top_srcdir[@]|/home/charliechen/rk-forge/third_party/buildroot/output/build/host-autoconf-2.73|g' -e 's|@abs_top_builddir[@]|/home/charliechen/rk-forge/third_party/buildroot/output/build/host-autoconf-2.73|g' -e "s|@configure_input[@]|Generated from $input.|g" tests/wrapper.in >tests/autom4te.tmp
input=tests/wrapper.in \
  && sed -e 's|@wrap_program[@]|autoreconf|g' -e 's|@abs_top_srcdir[@]|/home/charliechen/rk-forge/third_party/buildroot/output/build/host-autoconf-2.73|g' -e 's|@abs_top_builddir[@]|/home/charliechen/rk-forge/third_party/buildroot/output/build/host-autoconf-2.73|g' -e "s|@configure_input[@]|Generated from $input.|g" tests/wrapper.in >tests/autoreconf.tmp
input=tests/wrapper.in \
  && sed -e 's|@wrap_program[@]|autoscan|g' -e 's|@abs_top_srcdir[@]|/home/charliechen/rk-forge/third_party/buildroot/output/build/host-autoconf-2.73|g' -e 's|@abs_top_builddir[@]|/home/charliechen/rk-forge/third_party/buildroot/output/build/host-autoconf-2.73|g' -e "s|@configure_input[@]|Generated from $input.|g" tests/wrapper.in >tests/autoscan.tmp
input=tests/wrapper.in \
  && sed -e 's|@wrap_program[@]|autoupdate|g' -e 's|@abs_top_srcdir[@]|/home/charliechen/rk-forge/third_party/buildroot/output/build/host-autoconf-2.73|g' -e 's|@abs_top_builddir[@]|/home/charliechen/rk-forge/third_party/buildroot/output/build/host-autoconf-2.73|g' -e "s|@configure_input[@]|Generated from $input.|g" tests/wrapper.in >tests/autoupdate.tmp
input=tests/wrapper.in \
  && sed -e 's|@wrap_program[@]|ifnames|g' -e 's|@abs_top_srcdir[@]|/home/charliechen/rk-forge/third_party/buildroot/output/build/host-autoconf-2.73|g' -e 's|@abs_top_builddir[@]|/home/charliechen/rk-forge/third_party/buildroot/output/build/host-autoconf-2.73|g' -e "s|@configure_input[@]|Generated from $input.|g" tests/wrapper.in >tests/ifnames.tmp
chmod +x tests/autoconf.tmp
chmod +x tests/autom4te.tmp
chmod +x tests/autoreconf.tmp
chmod +x tests/autoheader.tmp
chmod +x tests/autoscan.tmp
chmod +x tests/autoupdate.tmp
chmod +x tests/ifnames.tmp
chmod a-w tests/autoconf.tmp
chmod a-w tests/autom4te.tmp
chmod a-w tests/autoreconf.tmp
chmod a-w tests/autoheader.tmp
chmod a-w tests/autoscan.tmp
chmod a-w tests/autoupdate.tmp
chmod a-w tests/ifnames.tmp
mv -f tests/autoconf.tmp tests/autoconf
mv -f tests/autom4te.tmp tests/autom4te
mv -f tests/autoreconf.tmp tests/autoreconf
mv -f tests/autoheader.tmp tests/autoheader
mv -f tests/autoscan.tmp tests/autoscan
mv -f tests/autoupdate.tmp tests/autoupdate
mv -f tests/ifnames.tmp tests/ifnames
make[2]: Leaving directory '/home/charliechen/rk-forge/third_party/buildroot/output/build/host-autoconf-2.73'
make[1]: Leaving directory '/home/charliechen/rk-forge/third_party/buildroot/output/build/host-autoconf-2.73'
[7m>>> host-autoconf 2.73 Installing to host directory[27m
GIT_DIR=. PATH="/home/charliechen/rk-forge/third_party/buildroot/output/host/bin:/home/charliechen/rk-forge/third_party/buildroot/output/host/sbin:/opt/arm-gnu-toolchain-15.2.rel1-x86_64-arm-none-linux-gnueabihf/bin:/opt/arm-gnu-toolchain-15.2.rel1-x86_64-arm-none-linux-gnueabihf/bin:/home/charliechen/.pyenv/shims:/home/charliechen/.pyenv/bin:/home/charliechen/.vscode-server/bin/93cfdd489c3b228840d0f86ec77c3636277c93ea/bin/remote-cli:/home/charliechen/.local/bin:/opt/arm-gnu-toolchain-15.2.rel1-x86_64-arm-none-linux-gnueabihf/bin:/home/charliechen/.pyenv/bin:/usr/local/sbin:/usr/local/bin:/usr/sbin:/usr/bin:/sbin:/bin:/usr/games:/usr/local/games:/usr/lib/wsl/lib" PKG_CONFIG="/home/charliechen/rk-forge/third_party/buildroot/output/host/bin/pkg-config" PKG_CONFIG_SYSROOT_DIR="/" PKG_CONFIG_ALLOW_SYSTEM_CFLAGS=1 PKG_CONFIG_ALLOW_SYSTEM_LIBS=1 PKG_CONFIG_LIBDIR="/home/charliechen/rk-forge/third_party/buildroot/output/host/lib/pkgconfig:/home/charliechen/rk-forge/third_party/buildroot/output/host/share/pkgconfig"  /usr/bin/make -j15 install -C /home/charliechen/rk-forge/third_party/buildroot/output/build/host-autoconf-2.73/
make[1]: Entering directory '/home/charliechen/rk-forge/third_party/buildroot/output/build/host-autoconf-2.73'
/usr/bin/make  install-am
make[2]: Entering directory '/home/charliechen/rk-forge/third_party/buildroot/output/build/host-autoconf-2.73'
if test 'no' != no; then \
  am__dir=. am__subdir_includes=''; \
  case lib/emacs/autoconf-mode.elc in */*) \
    am__dir=`echo 'lib/emacs/autoconf-mode.elc' | sed 's,/[^/]*$,,'`; \
    am__subdir_includes="-L $am__dir -L ./$am__dir"; \
  esac; \
  /usr/bin/mkdir -p "$am__dir" || exit 1; \
  no --batch --no-site-file \
      \
    $am__subdir_includes -L . -L . \
    -l bytecomp \
    --eval '(if (boundp (quote byte-compile-dest-file-function)) (setq byte-compile-dest-file-function (lambda (_) "lib/emacs/autoconf-mode.elc")) (defun byte-compile-dest-file (_) "lib/emacs/autoconf-mode.elc") )' \
    -f batch-byte-compile 'lib/emacs/autoconf-mode.el'; \
else :; fi
if test 'no' != no; then \
  am__dir=. am__subdir_includes=''; \
  case lib/emacs/autotest-mode.elc in */*) \
    am__dir=`echo 'lib/emacs/autotest-mode.elc' | sed 's,/[^/]*$,,'`; \
    am__subdir_includes="-L $am__dir -L ./$am__dir"; \
  esac; \
  /usr/bin/mkdir -p "$am__dir" || exit 1; \
  no --batch --no-site-file \
      \
    $am__subdir_includes -L . -L . \
    -l bytecomp \
    --eval '(if (boundp (quote byte-compile-dest-file-function)) (setq byte-compile-dest-file-function (lambda (_) "lib/emacs/autotest-mode.elc")) (defun byte-compile-dest-file (_) "lib/emacs/autotest-mode.elc") )' \
    -f batch-byte-compile 'lib/emacs/autotest-mode.el'; \
else :; fi
make[3]: Entering directory '/home/charliechen/rk-forge/third_party/buildroot/output/build/host-autoconf-2.73'
 /usr/bin/mkdir -p '/home/charliechen/rk-forge/third_party/buildroot/output/host/bin'
if test 'no' != no; then \
  am__dir=. am__subdir_includes=''; \
  case lib/emacs/autoconf-mode.elc in */*) \
    am__dir=`echo 'lib/emacs/autoconf-mode.elc' | sed 's,/[^/]*$,,'`; \
    am__subdir_includes="-L $am__dir -L ./$am__dir"; \
  esac; \
  /usr/bin/mkdir -p "$am__dir" || exit 1; \
  no --batch --no-site-file \
      \
    $am__subdir_includes -L . -L . \
    -l bytecomp \
    --eval '(if (boundp (quote byte-compile-dest-file-function)) (setq byte-compile-dest-file-function (lambda (_) "lib/emacs/autoconf-mode.elc")) (defun byte-compile-dest-file (_) "lib/emacs/autoconf-mode.elc") )' \
    -f batch-byte-compile 'lib/emacs/autoconf-mode.el'; \
else :; fi
 /usr/bin/mkdir -p '/home/charliechen/rk-forge/third_party/buildroot/output/host/share/autoconf/autoconf'
if test 'no' != no; then \
  am__dir=. am__subdir_includes=''; \
  case lib/emacs/autotest-mode.elc in */*) \
    am__dir=`echo 'lib/emacs/autotest-mode.elc' | sed 's,/[^/]*$,,'`; \
    am__subdir_includes="-L $am__dir -L ./$am__dir"; \
  esac; \
  /usr/bin/mkdir -p "$am__dir" || exit 1; \
  no --batch --no-site-file \
      \
    $am__subdir_includes -L . -L . \
    -l bytecomp \
    --eval '(if (boundp (quote byte-compile-dest-file-function)) (setq byte-compile-dest-file-function (lambda (_) "lib/emacs/autotest-mode.elc")) (defun byte-compile-dest-file (_) "lib/emacs/autotest-mode.elc") )' \
    -f batch-byte-compile 'lib/emacs/autotest-mode.el'; \
else :; fi
 /usr/bin/mkdir -p '/home/charliechen/rk-forge/third_party/buildroot/output/host/share/autoconf/autotest'
 /usr/bin/mkdir -p '/home/charliechen/rk-forge/third_party/buildroot/output/host/share/autoconf/build-aux'
 /usr/bin/mkdir -p '/home/charliechen/rk-forge/third_party/buildroot/output/host/share/autoconf/m4sugar'
 /usr/bin/mkdir -p '/home/charliechen/rk-forge/third_party/buildroot/output/host/share/autoconf/Autom4te'
 /usr/bin/mkdir -p '/home/charliechen/rk-forge/third_party/buildroot/output/host/share/autoconf/autoconf'
 /usr/bin/mkdir -p '/home/charliechen/rk-forge/third_party/buildroot/output/host/share/man/man1'
 /usr/bin/install -c bin/autoconf bin/autoheader bin/autom4te bin/autoreconf bin/autoscan bin/autoupdate bin/ifnames '/home/charliechen/rk-forge/third_party/buildroot/output/host/bin'
 /usr/bin/mkdir -p '/home/charliechen/rk-forge/third_party/buildroot/output/host/share/autoconf/autoscan'
 /usr/bin/mkdir -p '/home/charliechen/rk-forge/third_party/buildroot/output/host/share/autoconf/autotest'
 /usr/bin/mkdir -p '/home/charliechen/rk-forge/third_party/buildroot/output/host/share/info'
 /usr/bin/mkdir -p '/home/charliechen/rk-forge/third_party/buildroot/output/host/share/autoconf/m4sugar'
 /usr/bin/install -c -m 644 lib/autoconf/autoconf.m4 lib/autoconf/general.m4 lib/autoconf/status.m4 lib/autoconf/oldnames.m4 lib/autoconf/specific.m4 lib/autoconf/autoheader.m4 lib/autoconf/autoupdate.m4 lib/autoconf/autotest.m4 lib/autoconf/autoscan.m4 lib/autoconf/lang.m4 lib/autoconf/c.m4 lib/autoconf/erlang.m4 lib/autoconf/fortran.m4 lib/autoconf/functions.m4 lib/autoconf/go.m4 lib/autoconf/a68.m4 lib/autoconf/headers.m4 lib/autoconf/types.m4 lib/autoconf/libs.m4 lib/autoconf/programs.m4 lib/autoconf/trailer.m4 '/home/charliechen/rk-forge/third_party/buildroot/output/host/share/autoconf/autoconf'
 /usr/bin/install -c -m 644 lib/autotest/autotest.m4 lib/autotest/general.m4 lib/autotest/specific.m4 '/home/charliechen/rk-forge/third_party/buildroot/output/host/share/autoconf/autotest'
 /usr/bin/install -c -m 644 build-aux/config.guess build-aux/config.sub build-aux/install-sh '/home/charliechen/rk-forge/third_party/buildroot/output/host/share/autoconf/build-aux'
 /usr/bin/mkdir -p '/home/charliechen/rk-forge/third_party/buildroot/output/host/share/autoconf'
 /usr/bin/install -c -m 644 lib/Autom4te/C4che.pm lib/Autom4te/ChannelDefs.pm lib/Autom4te/Channels.pm lib/Autom4te/Config.pm lib/Autom4te/Configure_ac.pm lib/Autom4te/FileUtils.pm lib/Autom4te/General.pm lib/Autom4te/Getopt.pm lib/Autom4te/Request.pm lib/Autom4te/XFile.pm '/home/charliechen/rk-forge/third_party/buildroot/output/host/share/autoconf/Autom4te'
 /usr/bin/install -c -m 644 lib/m4sugar/m4sugar.m4 lib/m4sugar/foreach.m4 lib/m4sugar/m4sh.m4 '/home/charliechen/rk-forge/third_party/buildroot/output/host/share/autoconf/m4sugar'
 /usr/bin/mkdir -p '/home/charliechen/rk-forge/third_party/buildroot/output/host/share/autoconf'
 /usr/bin/install -c -m 644 lib/autoconf/autoconf.m4f '/home/charliechen/rk-forge/third_party/buildroot/output/host/share/autoconf/autoconf'
 /usr/bin/install -c -m 644 lib/m4sugar/m4sugar.m4f lib/m4sugar/m4sh.m4f '/home/charliechen/rk-forge/third_party/buildroot/output/host/share/autoconf/m4sugar'
 /usr/bin/install -c -m 644 lib/autoscan/autoscan.list '/home/charliechen/rk-forge/third_party/buildroot/output/host/share/autoconf/autoscan'
 /usr/bin/install -c -m 644 lib/autotest/autotest.m4f '/home/charliechen/rk-forge/third_party/buildroot/output/host/share/autoconf/autotest'
 /usr/bin/install -c -m 644 ./INSTALL '/home/charliechen/rk-forge/third_party/buildroot/output/host/share/autoconf'
 /usr/bin/install -c -m 644 lib/autom4te.cfg lib/autoconf_version.m4 '/home/charliechen/rk-forge/third_party/buildroot/output/host/share/autoconf'
 /usr/bin/install -c -m 644 man/autoconf.1 man/autoheader.1 man/autom4te.1 man/autoreconf.1 man/autoscan.1 man/autoupdate.1 man/ifnames.1 '/home/charliechen/rk-forge/third_party/buildroot/output/host/share/man/man1'
 /usr/bin/install -c -m 644 ./doc/autoconf.info ./doc/standards.info '/home/charliechen/rk-forge/third_party/buildroot/output/host/share/info'
 install-info --info-dir='/home/charliechen/rk-forge/third_party/buildroot/output/host/share/info' '/home/charliechen/rk-forge/third_party/buildroot/output/host/share/info/autoconf.info'
 install-info --info-dir='/home/charliechen/rk-forge/third_party/buildroot/output/host/share/info' '/home/charliechen/rk-forge/third_party/buildroot/output/host/share/info/standards.info'
/usr/bin/make  install-data-hook
make[4]: Entering directory '/home/charliechen/rk-forge/third_party/buildroot/output/build/host-autoconf-2.73'
for s in build-aux/config.guess build-aux/config.sub build-aux/install-sh; do \
  chmod +x "/home/charliechen/rk-forge/third_party/buildroot/output/host/share/autoconf/$s"; \
done
make[4]: Leaving directory '/home/charliechen/rk-forge/third_party/buildroot/output/build/host-autoconf-2.73'
make[3]: Leaving directory '/home/charliechen/rk-forge/third_party/buildroot/output/build/host-autoconf-2.73'
make[2]: Leaving directory '/home/charliechen/rk-forge/third_party/buildroot/output/build/host-autoconf-2.73'
make[1]: Leaving directory '/home/charliechen/rk-forge/third_party/buildroot/output/build/host-autoconf-2.73'
[7m>>> host-automake 1.16.5 Downloading[27m
wget -nd -t 3 --connect-timeout=10 -O '/home/charliechen/rk-forge/third_party/buildroot/output/build/.automake-1.16.5.tar.xz.rH2MiN/output' 'https://ftpmirror.gnu.org/automake/automake-1.16.5.tar.xz' 
--2026-06-18 17:32:05--  https://ftpmirror.gnu.org/automake/automake-1.16.5.tar.xz
Connecting to 127.0.0.1:7890... connected.
Proxy request sent, awaiting response... 302 Moved Temporarily
Location: https://ftp.cc.uoc.gr/mirrors/gnu/automake/automake-1.16.5.tar.xz [following]
--2026-06-18 17:32:06--  https://ftp.cc.uoc.gr/mirrors/gnu/automake/automake-1.16.5.tar.xz
Connecting to 127.0.0.1:7890... connected.
Proxy request sent, awaiting response... 200 OK
Length: 1601740 (1.5M) [application/octet-stream]
Saving to: ‘/home/charliechen/rk-forge/third_party/buildroot/output/build/.automake-1.16.5.tar.xz.rH2MiN/output’

     0K .......... .......... .......... .......... ..........  3% 42.3K 36s
    50K .......... .......... .......... .......... ..........  6% 2.08M 18s
   100K .......... .......... .......... .......... ..........  9%  181K 14s
   150K .......... .......... .......... .......... .......... 12%  236K 12s
   200K .......... .......... .......... .......... .......... 15% 83.9K 12s
   250K .......... .......... .......... .......... .......... 19% 71.2K 13s
   300K .......... .......... .......... .......... .......... 22% 69.7K 13s
   350K .......... .......... .......... .......... .......... 25% 32.9K 15s
   400K .......... .......... .......... .......... .......... 28% 30.5K 17s
   450K .......... .......... .......... .......... .......... 31% 56.9K 16s
   500K .......... .......... .......... .......... .......... 35% 47.4K 16s
   550K .......... .......... .......... .......... .......... 38% 49.5K 16s
   600K .......... .......... .......... .......... .......... 41% 50.7K 15s
   650K .......... .......... .......... .......... .......... 44% 49.3K 15s
   700K .......... .......... .......... .......... .......... 47% 44.4K 14s
   750K .......... .......... .......... .......... .......... 51% 51.0K 13s
   800K .......... .......... .......... .......... .......... 54% 56.2K 12s
   850K .......... .......... .......... .......... .......... 57% 31.5K 12s
   900K .......... .......... .......... .......... .......... 60% 22.5K 12s
   950K .......... .......... .......... .......... .......... 63% 35.1K 11s
  1000K .......... .......... .......... .......... .......... 67% 29.1K 11s
  1050K .......... .......... .......... .......... .......... 70% 22.2K 10s
  1100K .......... .......... .......... .......... .......... 73% 28.8K 9s
  1150K .......... .......... .......... .......... .......... 76% 50.6K 8s
  1200K .......... .......... .......... .......... .......... 79% 38.8K 7s
  1250K .......... .......... .......... .......... .......... 83% 52.2K 6s
  1300K .......... .......... .......... .......... .......... 86% 35.8K 5s
  1350K .......... .......... .......... .......... .......... 89% 35.3K 4s
  1400K .......... .......... .......... .......... .......... 92% 30.8K 3s
  1450K .......... .......... .......... .......... .......... 95% 36.4K 1s
  1500K .......... .......... .......... .......... .......... 99% 36.8K 0s
  1550K .......... ....                                       100% 78.9K=36s

2026-06-18 17:32:46 (43.0 KB/s) - ‘/home/charliechen/rk-forge/third_party/buildroot/output/build/.automake-1.16.5.tar.xz.rH2MiN/output’ saved [1601740/1601740]

automake-1.16.5.tar.xz: OK (sha256: f01d58cd6d9d77fbdca9eb4bbd5ead1988228fdb73d6f7a201f5f8d6b118b469)
[7m>>> host-automake 1.16.5 Extracting[27m
xzcat /home/charliechen/rk-forge/third_party/buildroot/dl/automake/automake-1.16.5.tar.xz | tar --strip-components=1 -C /home/charliechen/rk-forge/third_party/buildroot/output/build/host-automake-1.16.5   -xf -
[7m>>> host-automake 1.16.5 Patching[27m

Applying 0001-noman.patch using patch: 
patching file Makefile.in
Hunk #1 succeeded at 3415 (offset 28 lines).
Hunk #2 succeeded at 3482 (offset 28 lines).
[7m>>> host-automake 1.16.5 Updating config.sub and config.guess[27m
for file in config.guess config.sub; do for i in $(find /home/charliechen/rk-forge/third_party/buildroot/output/build/host-automake-1.16.5 -name $file); do cp support/gnuconfig/$file $i; done; done
[7m>>> host-automake 1.16.5 Patching libtool[27m
[7m>>> host-automake 1.16.5 Configuring[27m
(cd /home/charliechen/rk-forge/third_party/buildroot/output/build/host-automake-1.16.5/ && rm -rf config.cache; GIT_DIR=. PATH="/home/charliechen/rk-forge/third_party/buildroot/output/host/bin:/home/charliechen/rk-forge/third_party/buildroot/output/host/sbin:/opt/arm-gnu-toolchain-15.2.rel1-x86_64-arm-none-linux-gnueabihf/bin:/opt/arm-gnu-toolchain-15.2.rel1-x86_64-arm-none-linux-gnueabihf/bin:/home/charliechen/.pyenv/shims:/home/charliechen/.pyenv/bin:/home/charliechen/.vscode-server/bin/93cfdd489c3b228840d0f86ec77c3636277c93ea/bin/remote-cli:/home/charliechen/.local/bin:/opt/arm-gnu-toolchain-15.2.rel1-x86_64-arm-none-linux-gnueabihf/bin:/home/charliechen/.pyenv/bin:/usr/local/sbin:/usr/local/bin:/usr/sbin:/usr/bin:/sbin:/bin:/usr/games:/usr/local/games:/usr/lib/wsl/lib" PKG_CONFIG="/home/charliechen/rk-forge/third_party/buildroot/output/host/bin/pkg-config" PKG_CONFIG_SYSROOT_DIR="/" PKG_CONFIG_ALLOW_SYSTEM_CFLAGS=1 PKG_CONFIG_ALLOW_SYSTEM_LIBS=1 PKG_CONFIG_LIBDIR="/home/charliechen/rk-forge/third_party/buildroot/output/host/lib/pkgconfig:/home/charliechen/rk-forge/third_party/buildroot/output/host/share/pkgconfig" AR="/usr/bin/ar" AS="/usr/bin/as" LD="/usr/bin/ld" NM="/usr/bin/nm" CC="/usr/bin/gcc" GCC="/usr/bin/gcc" CXX="/usr/bin/g++" CPP="/usr/bin/cpp" OBJCOPY="/usr/bin/objcopy" RANLIB="/usr/bin/ranlib" CPPFLAGS="-I/home/charliechen/rk-forge/third_party/buildroot/output/host/include" CFLAGS="-O2 -I/home/charliechen/rk-forge/third_party/buildroot/output/host/include" CXXFLAGS="-O2 -I/home/charliechen/rk-forge/third_party/buildroot/output/host/include" LDFLAGS="-L/home/charliechen/rk-forge/third_party/buildroot/output/host/lib -Wl,-rpath,/home/charliechen/rk-forge/third_party/buildroot/output/host/lib" INTLTOOL_PERL=/usr/bin/perl  CONFIG_SITE=/dev/null ./configure --prefix="/home/charliechen/rk-forge/third_party/buildroot/output/host" --sysconfdir="/home/charliechen/rk-forge/third_party/buildroot/output/host/etc" --localstatedir="/home/charliechen/rk-forge/third_party/buildroot/output/host/var" --enable-shared --disable-static --disable-gtk-doc --disable-gtk-doc-html --disable-doc --disable-docs --disable-documentation --disable-debug --with-xmlto=no --with-fop=no --disable-nls --disable-dependency-tracking   )
configure: WARNING: unrecognized options: --enable-shared, --disable-static, --disable-gtk-doc, --disable-gtk-doc-html, --disable-doc, --disable-docs, --disable-documentation, --disable-debug, --with-xmlto, --with-fop, --disable-nls, --disable-dependency-tracking
checking whether make supports nested variables... yes
checking build system type... x86_64-pc-linux-gnu
checking host system type... x86_64-pc-linux-gnu
checking for a BSD-compatible install... /usr/bin/install -c
checking whether build environment is sane... yes
checking for a race-free mkdir -p... /usr/bin/mkdir -p
checking for gawk... gawk
checking whether make sets $(MAKE)... yes
checking whether ln -s works... yes
checking for perl... /usr/bin/perl
checking for tex... no
checking for yacc... yacc
checking for lex... lex
checking whether autoconf is installed... yes
checking whether autoconf works... yes
checking whether autoconf is recent enough... yes
checking whether ln works... yes
checking for grep that handles long lines and -e... /usr/bin/grep
checking for egrep... /usr/bin/grep -E
checking for fgrep... /usr/bin/grep -F
configure: will now look for a sturdy POSIX shell, for our testsuite
checking for sh... /usr/bin/sh
checking for sh5... no
checking for dash... /usr/bin/dash
checking for ash... no
checking for bash... /usr/bin/bash
checking for zsh... /usr/bin/zsh
checking for ksh... no
checking for pdksh... no
checking whether /bin/bash supports $(cmd)... yes
checking whether /bin/bash supports $((expr))... yes
checking whether /bin/bash supports ${#var}... yes
checking whether /bin/bash supports ${var#glob} and ${var%glob}... yes
checking whether /bin/bash preserves exit traps with "set -e"... yes
checking whether /bin/bash can define exit traps in a shell function... yes
checking whether /bin/bash corrupts stderr with "set -x"... no
checking whether /bin/bash can return early from "dot-sourced" files... yes
checking whether /bin/bash supports alias named like shell builtins... yes
checking whether /bin/bash supports "test -e"... yes
configure: shell /bin/bash is good enough, stop looking
configure: will use /bin/bash as the testsuite shell
configure: will now look for generic compilers
checking whether the C compiler works... yes
checking for C compiler default output file name... a.out
checking for suffix of executables... 
checking whether we are cross compiling... no
checking for suffix of object files... o
checking whether the compiler supports GNU C... yes
checking whether /usr/bin/gcc accepts -g... yes
checking for /usr/bin/gcc option to enable C11 features... none needed
checking whether /usr/bin/gcc understands -c and -o together... yes
checking whether the C++ compiler works... yes
checking for C++ compiler default output file name... a.out
checking for suffix of executables... 
checking whether we are cross compiling... no
checking for suffix of object files... o
checking whether the compiler supports GNU C++... yes
checking whether /usr/bin/g++ accepts -g... yes
checking for /usr/bin/g++ option to enable C++11 features... none needed
checking for xlf95... no
checking for f95... no
checking for fort... no
checking for ifort... no
checking for ifc... no
checking for efc... no
checking for pgfortran... no
checking for pgf95... no
checking for lf95... no
checking for ftn... no
checking for nagfor... no
checking for xlf90... no
checking for f90... no
checking for armflang... no
checking for flang... no
checking for pgf90... no
checking for pghpf... no
checking for epcf90... no
checking for g95... no
checking for gfortran... no
checking whether the Fortran compiler works... no
configure: WARNING: Fortran compiler cannot create executables
configure: tests requiring the Fortran compiler will be skipped
checking for xlf... no
checking for f77... no
checking for frt... no
checking for pgf77... no
checking for cf77... no
checking for fort77... no
checking for fl32... no
checking for af77... no
checking for g77... no
checking for armflang... no
checking for flang... no
checking for gfortran... no
checking whether the Fortran 77 compiler works... no
configure: WARNING: Fortran 77 compiler cannot create executables
configure: tests requiring the Fortran 77 compiler will be skipped
configure: will now look for GNU compilers
configure: /usr/bin/gcc is already a GNU C compiler
configure: /usr/bin/g++ is already a GNU C++ compiler
checking for gfortran... no
checking for g77... no
checking for gfortran... no
checking for gcj... no
checking that generated files are newer than configure... done
configure: creating ./config.status
config.status: creating Makefile
config.status: creating pre-inst-env
configure: WARNING: unrecognized options: --enable-shared, --disable-static, --disable-gtk-doc, --disable-gtk-doc-html, --disable-doc, --disable-docs, --disable-documentation, --disable-debug, --with-xmlto, --with-fop, --disable-nls, --disable-dependency-tracking
[7m>>> host-automake 1.16.5 Building[27m
GIT_DIR=. PATH="/home/charliechen/rk-forge/third_party/buildroot/output/host/bin:/home/charliechen/rk-forge/third_party/buildroot/output/host/sbin:/opt/arm-gnu-toolchain-15.2.rel1-x86_64-arm-none-linux-gnueabihf/bin:/opt/arm-gnu-toolchain-15.2.rel1-x86_64-arm-none-linux-gnueabihf/bin:/home/charliechen/.pyenv/shims:/home/charliechen/.pyenv/bin:/home/charliechen/.vscode-server/bin/93cfdd489c3b228840d0f86ec77c3636277c93ea/bin/remote-cli:/home/charliechen/.local/bin:/opt/arm-gnu-toolchain-15.2.rel1-x86_64-arm-none-linux-gnueabihf/bin:/home/charliechen/.pyenv/bin:/usr/local/sbin:/usr/local/bin:/usr/sbin:/usr/bin:/sbin:/bin:/usr/games:/usr/local/games:/usr/lib/wsl/lib" PKG_CONFIG="/home/charliechen/rk-forge/third_party/buildroot/output/host/bin/pkg-config" PKG_CONFIG_SYSROOT_DIR="/" PKG_CONFIG_ALLOW_SYSTEM_CFLAGS=1 PKG_CONFIG_ALLOW_SYSTEM_LIBS=1 PKG_CONFIG_LIBDIR="/home/charliechen/rk-forge/third_party/buildroot/output/host/lib/pkgconfig:/home/charliechen/rk-forge/third_party/buildroot/output/host/share/pkgconfig"  /usr/bin/make -j15  -C /home/charliechen/rk-forge/third_party/buildroot/output/build/host-automake-1.16.5/
make[1]: Entering directory '/home/charliechen/rk-forge/third_party/buildroot/output/build/host-automake-1.16.5'
  GEN      bin/automake
  GEN      bin/aclocal
  GEN      t/ax/shell-no-trail-bslash
  GEN      t/ax/cc-no-c-o
  GEN      runtest
  GEN      t/ax/test-defs.sh
  GEN      lib/Automake/Config.pm
  GEN      bin/aclocal-1.16
  GEN      bin/automake-1.16
make[1]: Leaving directory '/home/charliechen/rk-forge/third_party/buildroot/output/build/host-automake-1.16.5'
[7m>>> host-automake 1.16.5 Installing to host directory[27m
GIT_DIR=. PATH="/home/charliechen/rk-forge/third_party/buildroot/output/host/bin:/home/charliechen/rk-forge/third_party/buildroot/output/host/sbin:/opt/arm-gnu-toolchain-15.2.rel1-x86_64-arm-none-linux-gnueabihf/bin:/opt/arm-gnu-toolchain-15.2.rel1-x86_64-arm-none-linux-gnueabihf/bin:/home/charliechen/.pyenv/shims:/home/charliechen/.pyenv/bin:/home/charliechen/.vscode-server/bin/93cfdd489c3b228840d0f86ec77c3636277c93ea/bin/remote-cli:/home/charliechen/.local/bin:/opt/arm-gnu-toolchain-15.2.rel1-x86_64-arm-none-linux-gnueabihf/bin:/home/charliechen/.pyenv/bin:/usr/local/sbin:/usr/local/bin:/usr/sbin:/usr/bin:/sbin:/bin:/usr/games:/usr/local/games:/usr/lib/wsl/lib" PKG_CONFIG="/home/charliechen/rk-forge/third_party/buildroot/output/host/bin/pkg-config" PKG_CONFIG_SYSROOT_DIR="/" PKG_CONFIG_ALLOW_SYSTEM_CFLAGS=1 PKG_CONFIG_ALLOW_SYSTEM_LIBS=1 PKG_CONFIG_LIBDIR="/home/charliechen/rk-forge/third_party/buildroot/output/host/lib/pkgconfig:/home/charliechen/rk-forge/third_party/buildroot/output/host/share/pkgconfig"  /usr/bin/make -j15 install -C /home/charliechen/rk-forge/third_party/buildroot/output/build/host-automake-1.16.5/
make[1]: Entering directory '/home/charliechen/rk-forge/third_party/buildroot/output/build/host-automake-1.16.5'
make[2]: Entering directory '/home/charliechen/rk-forge/third_party/buildroot/output/build/host-automake-1.16.5'
 /usr/bin/mkdir -p '/home/charliechen/rk-forge/third_party/buildroot/output/host/bin'
 /usr/bin/mkdir -p '/home/charliechen/rk-forge/third_party/buildroot/output/host/share/automake-1.16/am'
 /usr/bin/mkdir -p '/home/charliechen/rk-forge/third_party/buildroot/output/host/share/aclocal-1.16'
 /usr/bin/mkdir -p '/home/charliechen/rk-forge/third_party/buildroot/output/host/share/aclocal-1.16/internal'
 /usr/bin/mkdir -p '/home/charliechen/rk-forge/third_party/buildroot/output/host/share/doc/automake'
 /usr/bin/mkdir -p '/home/charliechen/rk-forge/third_party/buildroot/output/host/share/automake-1.16/Automake'
 /usr/bin/mkdir -p '/home/charliechen/rk-forge/third_party/buildroot/output/host/share/automake-1.16'
 /usr/bin/mkdir -p '/home/charliechen/rk-forge/third_party/buildroot/output/host/share/automake-1.16'
 /usr/bin/mkdir -p '/home/charliechen/rk-forge/third_party/buildroot/output/host/share/aclocal'
 /usr/bin/install -c bin/automake bin/aclocal '/home/charliechen/rk-forge/third_party/buildroot/output/host/bin'
 /usr/bin/install -c -m 644 m4/amversion.m4 m4/ar-lib.m4 m4/as.m4 m4/auxdir.m4 m4/cond.m4 m4/cond-if.m4 m4/depend.m4 m4/depout.m4 m4/dmalloc.m4 m4/extra-recurs.m4 m4/gcj.m4 m4/init.m4 m4/install-sh.m4 m4/lead-dot.m4 m4/lex.m4 m4/lispdir.m4 m4/maintainer.m4 m4/make.m4 m4/missing.m4 m4/mkdirp.m4 m4/obsolete.m4 m4/options.m4 m4/python.m4 m4/prog-cc-c-o.m4 m4/runlog.m4 m4/sanity.m4 m4/silent.m4 m4/strip.m4 m4/substnot.m4 m4/tar.m4 m4/upc.m4 m4/vala.m4 '/home/charliechen/rk-forge/third_party/buildroot/output/host/share/aclocal-1.16'
 /usr/bin/install -c -m 644 lib/COPYING lib/INSTALL lib/texinfo.tex '/home/charliechen/rk-forge/third_party/buildroot/output/host/share/automake-1.16'
 /usr/bin/install -c -m 644 m4/internal/ac-config-macro-dirs.m4 '/home/charliechen/rk-forge/third_party/buildroot/output/host/share/aclocal-1.16/internal'
 /usr/bin/mkdir -p '/home/charliechen/rk-forge/third_party/buildroot/output/host/share/automake-1.16/Automake'
 /usr/bin/install -c -m 644 ./doc/amhello-1.0.tar.gz '/home/charliechen/rk-forge/third_party/buildroot/output/host/share/doc/automake'
 /usr/bin/install -c -m 644 lib/am/check.am lib/am/check2.am lib/am/clean-hdr.am lib/am/clean.am lib/am/compile.am lib/am/configure.am lib/am/data.am lib/am/dejagnu.am lib/am/depend.am lib/am/depend2.am lib/am/distdir.am lib/am/footer.am lib/am/header-vars.am lib/am/header.am lib/am/install.am lib/am/inst-vars.am lib/am/java.am lib/am/lang-compile.am lib/am/lex.am lib/am/library.am lib/am/libs.am lib/am/libtool.am lib/am/lisp.am lib/am/ltlib.am lib/am/ltlibrary.am lib/am/mans-vars.am lib/am/mans.am lib/am/program.am lib/am/progs.am lib/am/python.am lib/am/remake-hdr.am lib/am/scripts.am lib/am/subdirs.am lib/am/tags.am lib/am/texi-vers.am lib/am/texibuild.am lib/am/texinfos.am lib/am/vala.am lib/am/yacc.am '/home/charliechen/rk-forge/third_party/buildroot/output/host/share/automake-1.16/am'
 /usr/bin/install -c -m 644 lib/config.guess lib/config.sub lib/install-sh lib/mdate-sh lib/missing lib/mkinstalldirs lib/ylwrap lib/depcomp lib/compile lib/py-compile lib/ar-lib lib/test-driver lib/tap-driver.sh '/home/charliechen/rk-forge/third_party/buildroot/output/host/share/automake-1.16'
 /usr/bin/mkdir -p '/home/charliechen/rk-forge/third_party/buildroot/output/host/share/info'
 /usr/bin/install -c -m 644 m4/acdir/README '/home/charliechen/rk-forge/third_party/buildroot/output/host/share/aclocal'
 /usr/bin/install -c -m 644 lib/Automake/ChannelDefs.pm lib/Automake/Channels.pm lib/Automake/Condition.pm lib/Automake/Configure_ac.pm lib/Automake/DisjConditions.pm lib/Automake/FileUtils.pm lib/Automake/General.pm lib/Automake/Getopt.pm lib/Automake/Item.pm lib/Automake/ItemDef.pm lib/Automake/Language.pm lib/Automake/Location.pm lib/Automake/Options.pm lib/Automake/Rule.pm lib/Automake/RuleDef.pm lib/Automake/Variable.pm lib/Automake/VarDef.pm lib/Automake/Version.pm lib/Automake/XFile.pm lib/Automake/Wrap.pm '/home/charliechen/rk-forge/third_party/buildroot/output/host/share/automake-1.16/Automake'
/usr/bin/make  install-exec-hook
 /usr/bin/install -c -m 644 lib/Automake/Config.pm '/home/charliechen/rk-forge/third_party/buildroot/output/host/share/automake-1.16/Automake'
make[3]: Entering directory '/home/charliechen/rk-forge/third_party/buildroot/output/build/host-automake-1.16.5'
 /usr/bin/install -c -m 644 ./doc/automake.info ./doc/automake.info-1 ./doc/automake.info-2 ./doc/automake-history.info '/home/charliechen/rk-forge/third_party/buildroot/output/host/share/info'
 install-info --info-dir='/home/charliechen/rk-forge/third_party/buildroot/output/host/share/info' '/home/charliechen/rk-forge/third_party/buildroot/output/host/share/info/automake.info'
 install-info --info-dir='/home/charliechen/rk-forge/third_party/buildroot/output/host/share/info' '/home/charliechen/rk-forge/third_party/buildroot/output/host/share/info/automake-history.info'
/usr/bin/make  install-data-hook
 ln '/home/charliechen/rk-forge/third_party/buildroot/output/host/bin/automake' '/home/charliechen/rk-forge/third_party/buildroot/output/host/bin/automake-1.16'
make[3]: Entering directory '/home/charliechen/rk-forge/third_party/buildroot/output/build/host-automake-1.16.5'
 ln '/home/charliechen/rk-forge/third_party/buildroot/output/host/bin/aclocal' '/home/charliechen/rk-forge/third_party/buildroot/output/host/bin/aclocal-1.16'
make[3]: Leaving directory '/home/charliechen/rk-forge/third_party/buildroot/output/build/host-automake-1.16.5'
 chmod +x '/home/charliechen/rk-forge/third_party/buildroot/output/host/share/automake-1.16/config.guess'
 chmod +x '/home/charliechen/rk-forge/third_party/buildroot/output/host/share/automake-1.16/config.sub'
 chmod +x '/home/charliechen/rk-forge/third_party/buildroot/output/host/share/automake-1.16/install-sh'
 chmod +x '/home/charliechen/rk-forge/third_party/buildroot/output/host/share/automake-1.16/mdate-sh'
 chmod +x '/home/charliechen/rk-forge/third_party/buildroot/output/host/share/automake-1.16/missing'
 chmod +x '/home/charliechen/rk-forge/third_party/buildroot/output/host/share/automake-1.16/mkinstalldirs'
 chmod +x '/home/charliechen/rk-forge/third_party/buildroot/output/host/share/automake-1.16/ylwrap'
 chmod +x '/home/charliechen/rk-forge/third_party/buildroot/output/host/share/automake-1.16/depcomp'
 chmod +x '/home/charliechen/rk-forge/third_party/buildroot/output/host/share/automake-1.16/compile'
 chmod +x '/home/charliechen/rk-forge/third_party/buildroot/output/host/share/automake-1.16/py-compile'
 chmod +x '/home/charliechen/rk-forge/third_party/buildroot/output/host/share/automake-1.16/ar-lib'
 chmod +x '/home/charliechen/rk-forge/third_party/buildroot/output/host/share/automake-1.16/test-driver'
 chmod +x '/home/charliechen/rk-forge/third_party/buildroot/output/host/share/automake-1.16/tap-driver.sh'
make[3]: Leaving directory '/home/charliechen/rk-forge/third_party/buildroot/output/build/host-automake-1.16.5'
make[2]: Leaving directory '/home/charliechen/rk-forge/third_party/buildroot/output/build/host-automake-1.16.5'
make[1]: Leaving directory '/home/charliechen/rk-forge/third_party/buildroot/output/build/host-automake-1.16.5'
/usr/bin/install -D -m 0644 package/automake/gtk-doc.m4 /home/charliechen/rk-forge/third_party/buildroot/output/host/share/aclocal/gtk-doc.m4
mkdir -p /home/charliechen/rk-forge/third_party/buildroot/output/host/arm-buildroot-linux-gnueabihf/sysroot/usr/share/aclocal
[7m>>> host-attr 2.5.2 Downloading[27m
wget -nd -t 3 --connect-timeout=10 -O '/home/charliechen/rk-forge/third_party/buildroot/output/build/.attr-2.5.2.tar.xz.N0Ch7z/output' 'http://download.savannah.gnu.org/releases/attr/attr-2.5.2.tar.xz' 
--2026-06-18 17:32:50--  http://download.savannah.gnu.org/releases/attr/attr-2.5.2.tar.xz
Connecting to 127.0.0.1:7890... connected.
Proxy request sent, awaiting response... 302 Moved Temporarily
Location: http://ftp.cc.uoc.gr/mirrors/nongnu.org/attr/attr-2.5.2.tar.xz [following]
--2026-06-18 17:32:51--  http://ftp.cc.uoc.gr/mirrors/nongnu.org/attr/attr-2.5.2.tar.xz
Reusing existing connection to 127.0.0.1:7890.
Proxy request sent, awaiting response... 200 OK
Length: 334180 (326K) [application/octet-stream]
Saving to: ‘/home/charliechen/rk-forge/third_party/buildroot/output/build/.attr-2.5.2.tar.xz.N0Ch7z/output’

     0K .......... .......... .......... .......... .......... 15% 48.1K 6s
    50K .......... .......... .......... .......... .......... 30%  167K 3s
   100K .......... .......... .......... .......... .......... 45%  131K 2s
   150K .......... .......... .......... .......... .......... 61% 52.4K 2s
   200K .......... .......... .......... .......... .......... 76% 73.3K 1s
   250K .......... .......... .......... .......... .......... 91% 58.6K 0s
   300K .......... .......... ......                          100% 47.1K=4.8s

2026-06-18 17:32:57 (68.4 KB/s) - ‘/home/charliechen/rk-forge/third_party/buildroot/output/build/.attr-2.5.2.tar.xz.N0Ch7z/output’ saved [334180/334180]

attr-2.5.2.tar.xz: OK (sha256: f2e97b0ab7ce293681ab701915766190d607a1dba7fae8a718138150b700a70b)
[7m>>> host-attr 2.5.2 Extracting[27m
xzcat /home/charliechen/rk-forge/third_party/buildroot/dl/attr/attr-2.5.2.tar.xz | tar --strip-components=1 -C /home/charliechen/rk-forge/third_party/buildroot/output/build/host-attr-2.5.2   -xf -
[7m>>> host-attr 2.5.2 Patching[27m

Applying 0001-build-with-older-GCCs.patch using patch: 
patching file include/attributes.h

Applying 0002-configure.ac-add-detection-of-symver-gcc-attribute.patch using patch: 
patching file configure.ac
patching file libattr/syscalls.c

Applying 0003-tools-attr.c-Add-missing-libgen.h-include-for-basena.patch using patch: 
patching file tools/attr.c
[7m>>> host-attr 2.5.2 Updating config.sub and config.guess[27m
for file in config.guess config.sub; do for i in $(find /home/charliechen/rk-forge/third_party/buildroot/output/build/host-attr-2.5.2 -name $file); do cp support/gnuconfig/$file $i; done; done
[7m>>> host-attr 2.5.2 Configuring[27m
[7m>>> host-attr 2.5.2 Autoreconfiguring[27m
libtoolize: putting auxiliary files in AC_CONFIG_AUX_DIR, 'build-aux'.
libtoolize: copying file 'build-aux/ltmain.sh'
libtoolize: putting macros in AC_CONFIG_MACRO_DIRS, 'm4'.
libtoolize: copying file 'm4/libtool.m4'
libtoolize: copying file 'm4/ltoptions.m4'
libtoolize: copying file 'm4/ltsugar.m4'
libtoolize: copying file 'm4/ltversion.m4'
libtoolize: copying file 'm4/lt~obsolete.m4'
configure.ac:28: installing 'build-aux/compile'
configure.ac:24: installing 'build-aux/missing'
Makefile.am: installing 'build-aux/depcomp'
[7m>>> host-attr 2.5.2 Patching libtool[27m
patching file /home/charliechen/rk-forge/third_party/buildroot/output/build/host-attr-2.5.2/build-aux/ltmain.sh
Hunk #1 succeeded at 2999 (offset 312 lines).
Hunk #2 succeeded at 4680 (offset 403 lines).
Hunk #3 succeeded at 6987 (offset 433 lines).
Hunk #4 succeeded at 6997 (offset 433 lines).
Hunk #5 succeeded at 7297 (offset 440 lines).
Hunk #6 succeeded at 7602 (offset 453 lines).
Hunk #7 succeeded at 8609 (offset 497 lines).
Hunk #8 succeeded at 11146 (offset 436 lines).
(cd /home/charliechen/rk-forge/third_party/buildroot/output/build/host-attr-2.5.2/ && rm -rf config.cache; GIT_DIR=. PATH="/home/charliechen/rk-forge/third_party/buildroot/output/host/bin:/home/charliechen/rk-forge/third_party/buildroot/output/host/sbin:/opt/arm-gnu-toolchain-15.2.rel1-x86_64-arm-none-linux-gnueabihf/bin:/opt/arm-gnu-toolchain-15.2.rel1-x86_64-arm-none-linux-gnueabihf/bin:/home/charliechen/.pyenv/shims:/home/charliechen/.pyenv/bin:/home/charliechen/.vscode-server/bin/93cfdd489c3b228840d0f86ec77c3636277c93ea/bin/remote-cli:/home/charliechen/.local/bin:/opt/arm-gnu-toolchain-15.2.rel1-x86_64-arm-none-linux-gnueabihf/bin:/home/charliechen/.pyenv/bin:/usr/local/sbin:/usr/local/bin:/usr/sbin:/usr/bin:/sbin:/bin:/usr/games:/usr/local/games:/usr/lib/wsl/lib" PKG_CONFIG="/home/charliechen/rk-forge/third_party/buildroot/output/host/bin/pkg-config" PKG_CONFIG_SYSROOT_DIR="/" PKG_CONFIG_ALLOW_SYSTEM_CFLAGS=1 PKG_CONFIG_ALLOW_SYSTEM_LIBS=1 PKG_CONFIG_LIBDIR="/home/charliechen/rk-forge/third_party/buildroot/output/host/lib/pkgconfig:/home/charliechen/rk-forge/third_party/buildroot/output/host/share/pkgconfig" AR="/usr/bin/ar" AS="/usr/bin/as" LD="/usr/bin/ld" NM="/usr/bin/nm" CC="/usr/bin/gcc" GCC="/usr/bin/gcc" CXX="/usr/bin/g++" CPP="/usr/bin/cpp" OBJCOPY="/usr/bin/objcopy" RANLIB="/usr/bin/ranlib" CPPFLAGS="-I/home/charliechen/rk-forge/third_party/buildroot/output/host/include" CFLAGS="-O2 -I/home/charliechen/rk-forge/third_party/buildroot/output/host/include" CXXFLAGS="-O2 -I/home/charliechen/rk-forge/third_party/buildroot/output/host/include" LDFLAGS="-L/home/charliechen/rk-forge/third_party/buildroot/output/host/lib -Wl,-rpath,/home/charliechen/rk-forge/third_party/buildroot/output/host/lib" INTLTOOL_PERL=/usr/bin/perl  CONFIG_SITE=/dev/null ./configure --prefix="/home/charliechen/rk-forge/third_party/buildroot/output/host" --sysconfdir="/home/charliechen/rk-forge/third_party/buildroot/output/host/etc" --localstatedir="/home/charliechen/rk-forge/third_party/buildroot/output/host/var" --enable-shared --disable-static --disable-gtk-doc --disable-gtk-doc-html --disable-doc --disable-docs --disable-documentation --disable-debug --with-xmlto=no --with-fop=no --disable-nls --disable-dependency-tracking   )
configure: WARNING: unrecognized options: --disable-gtk-doc, --disable-gtk-doc-html, --disable-doc, --disable-docs, --disable-documentation, --with-xmlto, --with-fop
checking for a BSD-compatible install... /usr/bin/install -c
checking whether build environment is sane... yes
checking for a race-free mkdir -p... /usr/bin/mkdir -p
checking for gawk... gawk
checking whether make sets $(MAKE)... yes
checking whether make supports nested variables... yes
checking whether make supports nested variables... (cached) yes
checking build system type... x86_64-pc-linux-gnu
checking host system type... x86_64-pc-linux-gnu
checking for gcc... /usr/bin/gcc
checking whether the C compiler works... yes
checking for C compiler default output file name... a.out
checking for suffix of executables... 
checking whether we are cross compiling... no
checking for suffix of object files... o
checking whether the compiler supports GNU C... yes
checking whether /usr/bin/gcc accepts -g... yes
checking for /usr/bin/gcc option to enable C23 features... unsupported
checking for /usr/bin/gcc option to enable C11 features... none needed
checking whether /usr/bin/gcc understands -c and -o together... yes
checking whether make supports the include directive... yes (GNU style)
checking dependency style of /usr/bin/gcc... none
checking for stdio.h... yes
checking for stdlib.h... yes
checking for string.h... yes
checking for inttypes.h... yes
checking for stdint.h... yes
checking for strings.h... yes
checking for sys/stat.h... yes
checking for sys/types.h... yes
checking for unistd.h... yes
checking for wchar.h... yes
checking for minix/config.h... no
checking whether it is safe to define __EXTENSIONS__... yes
checking whether _XOPEN_SOURCE should be defined... no
checking for an ANSI C-conforming const... yes
checking for mode_t... yes
checking for size_t... yes
checking for working alloca.h... yes
checking for alloca... yes
checking whether __attribute__((visibility())) is supported... yes
checking for /usr/bin/gcc option to support large files... none needed
checking the archiver (/usr/bin/ar) interface... ar
checking how to print strings... printf
checking for a sed that does not truncate output... /usr/bin/sed
checking for grep that handles long lines and -e... /usr/bin/grep
checking for egrep... /usr/bin/grep -E
checking for fgrep... /usr/bin/grep -F
checking for ld used by /usr/bin/gcc... /usr/bin/ld
checking if the linker (/usr/bin/ld) is GNU ld... yes
checking for BSD- or MS-compatible name lister (nm)... /usr/bin/nm
checking the name lister (/usr/bin/nm) interface... BSD nm
checking whether ln -s works... yes
checking the maximum length of command line arguments... 1572864
checking how to convert x86_64-pc-linux-gnu file names to x86_64-pc-linux-gnu format... func_convert_file_noop
checking how to convert x86_64-pc-linux-gnu file names to toolchain format... func_convert_file_noop
checking for /usr/bin/ld option to reload object files... -r
checking for file... file
checking for objdump... objdump
checking how to recognize dependent libraries... pass_all
checking for dlltool... no
checking how to associate runtime and link libraries... printf %s\n
checking for ranlib... /usr/bin/ranlib
checking for archiver @FILE support... @
checking for strip... strip
checking command to parse /usr/bin/nm output from /usr/bin/gcc object... ok
checking for sysroot... no
checking for a working dd... /usr/bin/dd
checking how to truncate binary pipes... /usr/bin/dd bs=4096 count=1
checking for mt... mt
checking if mt is a manifest tool... no
checking for dlfcn.h... yes
checking for objdir... .libs
checking if /usr/bin/gcc supports -fno-rtti -fno-exceptions... no
checking for /usr/bin/gcc option to produce PIC... -fPIC -DPIC
checking if /usr/bin/gcc PIC flag -fPIC -DPIC works... yes
checking if /usr/bin/gcc static flag -static works... yes
checking if /usr/bin/gcc supports -c -o file.o... yes
checking if /usr/bin/gcc supports -c -o file.o... (cached) yes
checking whether the /usr/bin/gcc linker (/usr/bin/ld -m elf_x86_64) supports shared libraries... yes
checking whether -lc should be explicitly linked in... no
checking dynamic linker characteristics... GNU/Linux ld.so
checking how to hardcode library paths into programs... immediate
checking whether stripping libraries is possible... yes
checking if libtool supports shared libraries... yes
checking whether to build shared libraries... yes
checking whether to build static libraries... no
checking whether NLS is requested... no
checking for msgfmt... no
checking for gmsgfmt... :
checking for xgettext... no
checking for msgmerge... no
checking for ld used by /usr/bin/gcc... /usr/bin/ld -m elf_x86_64
checking if the linker (/usr/bin/ld -m elf_x86_64) is GNU ld... yes
checking for shared library run path origin... done
checking how to run the C preprocessor... /usr/bin/cpp
checking for egrep -e... (cached) /usr/bin/grep -E
checking for CFPreferencesCopyAppValue... no
checking for CFLocaleCopyCurrent... no
checking whether to use NLS... no
checking whether __attribute__((__symver__())) is supported... yes
checking that generated files are newer than configure... done
configure: creating ./config.status
config.status: creating libattr.pc
config.status: creating Makefile
config.status: creating po/Makefile.in
config.status: creating include/config.h
config.status: executing depfiles commands
config.status: executing libtool commands
config.status: executing po-directories commands
config.status: creating po/POTFILES
config.status: creating po/Makefile
config.status: executing include/attr commands
configure: WARNING: unrecognized options: --disable-gtk-doc, --disable-gtk-doc-html, --disable-doc, --disable-docs, --disable-documentation, --with-xmlto, --with-fop
[7m>>> host-attr 2.5.2 Building[27m
GIT_DIR=. PATH="/home/charliechen/rk-forge/third_party/buildroot/output/host/bin:/home/charliechen/rk-forge/third_party/buildroot/output/host/sbin:/opt/arm-gnu-toolchain-15.2.rel1-x86_64-arm-none-linux-gnueabihf/bin:/opt/arm-gnu-toolchain-15.2.rel1-x86_64-arm-none-linux-gnueabihf/bin:/home/charliechen/.pyenv/shims:/home/charliechen/.pyenv/bin:/home/charliechen/.vscode-server/bin/93cfdd489c3b228840d0f86ec77c3636277c93ea/bin/remote-cli:/home/charliechen/.local/bin:/opt/arm-gnu-toolchain-15.2.rel1-x86_64-arm-none-linux-gnueabihf/bin:/home/charliechen/.pyenv/bin:/usr/local/sbin:/usr/local/bin:/usr/sbin:/usr/bin:/sbin:/bin:/usr/games:/usr/local/games:/usr/lib/wsl/lib" PKG_CONFIG="/home/charliechen/rk-forge/third_party/buildroot/output/host/bin/pkg-config" PKG_CONFIG_SYSROOT_DIR="/" PKG_CONFIG_ALLOW_SYSTEM_CFLAGS=1 PKG_CONFIG_ALLOW_SYSTEM_LIBS=1 PKG_CONFIG_LIBDIR="/home/charliechen/rk-forge/third_party/buildroot/output/host/lib/pkgconfig:/home/charliechen/rk-forge/third_party/buildroot/output/host/share/pkgconfig"  /usr/bin/make -j15  -C /home/charliechen/rk-forge/third_party/buildroot/output/build/host-attr-2.5.2/
make[1]: Entering directory '/home/charliechen/rk-forge/third_party/buildroot/output/build/host-attr-2.5.2'
Making all in po
make[2]: Entering directory '/home/charliechen/rk-forge/third_party/buildroot/output/build/host-attr-2.5.2/po'
make[2]: Nothing to be done for 'all'.
make[2]: Leaving directory '/home/charliechen/rk-forge/third_party/buildroot/output/build/host-attr-2.5.2/po'
make[2]: Entering directory '/home/charliechen/rk-forge/third_party/buildroot/output/build/host-attr-2.5.2'
  CC       tools/attr.o
  CC       tools/getfattr.o
  CC       tools/setfattr.o
  CC       libattr/la-attr_copy_action.lo
  CC       libattr/la-attr_copy_check.lo
  CC       libattr/la-attr_copy_fd.lo
  CC       libattr/la-attr_copy_file.lo
  CC       libattr/la-libattr.lo
  CC       libattr/la-syscalls.lo
  CC       libmisc/next_line.lo
  CC       libmisc/high_water_alloc.lo
  CC       libmisc/quote.lo
  CC       libmisc/unquote.lo
  CC       libmisc/walk_tree.lo
libattr/attr_copy_file.c: In function ‘attr_copy_file’:
libattr/attr_copy_file.c:126:24: warning: argument 3 is null but the corresponding size argument 4 value is [1, 9223372036854775807] [-Wnonnull]
  126 |                 size = lgetxattr (src_path, name, value, size);
      |                        ^~~~~~~~~~~~~~~~~~~~~~~~~~~~~~~~~~~~~~~
In file included from libattr/attr_copy_file.c:25:
/usr/include/x86_64-linux-gnu/sys/xattr.h:67:16: note: in a call to function ‘lgetxattr’ declared with attribute ‘access (write_only, 3, 4)’
   67 | extern ssize_t lgetxattr (const char *__path, const char *__name,
      |                ^~~~~~~~~
libattr/attr_copy_file.c:126:24: warning: argument 3 is null but the corresponding size argument 4 value is [1, 9223372036854775807] [-Wnonnull]
  126 |                 size = lgetxattr (src_path, name, value, size);
      |                        ^~~~~~~~~~~~~~~~~~~~~~~~~~~~~~~~~~~~~~~
/usr/include/x86_64-linux-gnu/sys/xattr.h:67:16: note: in a call to function ‘lgetxattr’ declared with attribute ‘access (write_only, 3, 4)’
   67 | extern ssize_t lgetxattr (const char *__path, const char *__name,
      |                ^~~~~~~~~
libattr/attr_copy_fd.c: In function ‘attr_copy_fd’:
libattr/attr_copy_fd.c:128:24: warning: argument 3 is null but the corresponding size argument 4 value is [1, 9223372036854775807] [-Wnonnull]
  128 |                 size = fgetxattr (src_fd, name, value, size);
      |                        ^~~~~~~~~~~~~~~~~~~~~~~~~~~~~~~~~~~~~
In file included from libattr/attr_copy_fd.c:25:
/usr/include/x86_64-linux-gnu/sys/xattr.h:73:16: note: in a call to function ‘fgetxattr’ declared with attribute ‘access (write_only, 3, 4)’
   73 | extern ssize_t fgetxattr (int __fd, const char *__name, void *__value,
      |                ^~~~~~~~~
libattr/attr_copy_fd.c:128:24: warning: argument 3 is null but the corresponding size argument 4 value is [1, 9223372036854775807] [-Wnonnull]
  128 |                 size = fgetxattr (src_fd, name, value, size);
      |                        ^~~~~~~~~~~~~~~~~~~~~~~~~~~~~~~~~~~~~
/usr/include/x86_64-linux-gnu/sys/xattr.h:73:16: note: in a call to function ‘fgetxattr’ declared with attribute ‘access (write_only, 3, 4)’
   73 | extern ssize_t fgetxattr (int __fd, const char *__name, void *__value,
      |                ^~~~~~~~~
  CCLD     libmisc.la
  CCLD     libattr.la
  CCLD     attr
  CCLD     getfattr
  CCLD     setfattr
make[2]: Leaving directory '/home/charliechen/rk-forge/third_party/buildroot/output/build/host-attr-2.5.2'
make[1]: Leaving directory '/home/charliechen/rk-forge/third_party/buildroot/output/build/host-attr-2.5.2'
[7m>>> host-attr 2.5.2 Installing to host directory[27m
GIT_DIR=. PATH="/home/charliechen/rk-forge/third_party/buildroot/output/host/bin:/home/charliechen/rk-forge/third_party/buildroot/output/host/sbin:/opt/arm-gnu-toolchain-15.2.rel1-x86_64-arm-none-linux-gnueabihf/bin:/opt/arm-gnu-toolchain-15.2.rel1-x86_64-arm-none-linux-gnueabihf/bin:/home/charliechen/.pyenv/shims:/home/charliechen/.pyenv/bin:/home/charliechen/.vscode-server/bin/93cfdd489c3b228840d0f86ec77c3636277c93ea/bin/remote-cli:/home/charliechen/.local/bin:/opt/arm-gnu-toolchain-15.2.rel1-x86_64-arm-none-linux-gnueabihf/bin:/home/charliechen/.pyenv/bin:/usr/local/sbin:/usr/local/bin:/usr/sbin:/usr/bin:/sbin:/bin:/usr/games:/usr/local/games:/usr/lib/wsl/lib" PKG_CONFIG="/home/charliechen/rk-forge/third_party/buildroot/output/host/bin/pkg-config" PKG_CONFIG_SYSROOT_DIR="/" PKG_CONFIG_ALLOW_SYSTEM_CFLAGS=1 PKG_CONFIG_ALLOW_SYSTEM_LIBS=1 PKG_CONFIG_LIBDIR="/home/charliechen/rk-forge/third_party/buildroot/output/host/lib/pkgconfig:/home/charliechen/rk-forge/third_party/buildroot/output/host/share/pkgconfig"  /usr/bin/make -j15 install -C /home/charliechen/rk-forge/third_party/buildroot/output/build/host-attr-2.5.2/
make[1]: Entering directory '/home/charliechen/rk-forge/third_party/buildroot/output/build/host-attr-2.5.2'
Making install in po
make[2]: Entering directory '/home/charliechen/rk-forge/third_party/buildroot/output/build/host-attr-2.5.2/po'
if test "attr" = "gettext-tools"; then \
  /usr/bin/mkdir -p /home/charliechen/rk-forge/third_party/buildroot/output/host/share/gettext/po; \
  for file in Makefile.in.in remove-potcdate.sin quot.sed boldquot.sed en@quot.header en@boldquot.header insert-header.sin Rules-quot   Makevars.template; do \
    /usr/bin/install -c -m 644 ./$file \
		    /home/charliechen/rk-forge/third_party/buildroot/output/host/share/gettext/po/$file; \
  done; \
  for file in Makevars; do \
    rm -f /home/charliechen/rk-forge/third_party/buildroot/output/host/share/gettext/po/$file; \
  done; \
else \
  : ; \
fi
make[2]: Leaving directory '/home/charliechen/rk-forge/third_party/buildroot/output/build/host-attr-2.5.2/po'
make[2]: Entering directory '/home/charliechen/rk-forge/third_party/buildroot/output/build/host-attr-2.5.2'
make[3]: Entering directory '/home/charliechen/rk-forge/third_party/buildroot/output/build/host-attr-2.5.2'
subst_install_header() { file=`echo "$1" | sed -e 's,^.*/,,'`; /usr/bin/sed -e "s/\<EXPORT\>/extern/" < "$1" > "include/$file.t" || exit 1; /usr/bin/mkdir -p "$2" || exit 1; /usr/bin/install -c -m 644 "include/$file.t" "$2/$file" || exit 1; rm -f "include/$file.t"; }; subst_install_header "include/attributes.h" "/home/charliechen/rk-forge/third_party/buildroot/output/host/include/attr"
subst_install_header() { file=`echo "$1" | sed -e 's,^.*/,,'`; /usr/bin/sed -e "s/\<EXPORT\>/extern/" < "$1" > "include/$file.t" || exit 1; /usr/bin/mkdir -p "$2" || exit 1; /usr/bin/install -c -m 644 "include/$file.t" "$2/$file" || exit 1; rm -f "include/$file.t"; }; subst_install_header "include/error_context.h" "/home/charliechen/rk-forge/third_party/buildroot/output/host/include/attr"
subst_install_header() { file=`echo "$1" | sed -e 's,^.*/,,'`; /usr/bin/sed -e "s/\<EXPORT\>/extern/" < "$1" > "include/$file.t" || exit 1; /usr/bin/mkdir -p "$2" || exit 1; /usr/bin/install -c -m 644 "include/$file.t" "$2/$file" || exit 1; rm -f "include/$file.t"; }; subst_install_header "include/libattr.h" "/home/charliechen/rk-forge/third_party/buildroot/output/host/include/attr"
 /usr/bin/mkdir -p '/home/charliechen/rk-forge/third_party/buildroot/output/host/lib'
 /usr/bin/mkdir -p '/home/charliechen/rk-forge/third_party/buildroot/output/host/etc'
 /usr/bin/mkdir -p '/home/charliechen/rk-forge/third_party/buildroot/output/host/share/doc/attr'
 /bin/bash ./libtool   --mode=install /usr/bin/install -c   libattr.la '/home/charliechen/rk-forge/third_party/buildroot/output/host/lib'
 /usr/bin/mkdir -p '/home/charliechen/rk-forge/third_party/buildroot/output/host/lib/pkgconfig'
 /usr/bin/mkdir -p '/home/charliechen/rk-forge/third_party/buildroot/output/host/share/man/man1'
 /usr/bin/mkdir -p '/home/charliechen/rk-forge/third_party/buildroot/output/host/share/man/man3'
 /usr/bin/install -c -m 644 xattr.conf '/home/charliechen/rk-forge/third_party/buildroot/output/host/etc'
 /usr/bin/install -c -m 644 doc/CHANGES doc/COPYING doc/COPYING.LGPL '/home/charliechen/rk-forge/third_party/buildroot/output/host/share/doc/attr'
 /usr/bin/install -c -m 644 libattr.pc '/home/charliechen/rk-forge/third_party/buildroot/output/host/lib/pkgconfig'
 /usr/bin/install -c -m 644 man/man3/attr_get.3 man/man3/attr_list.3 man/man3/attr_multi.3 man/man3/attr_remove.3 man/man3/attr_set.3 '/home/charliechen/rk-forge/third_party/buildroot/output/host/share/man/man3'
 /usr/bin/install -c -m 644 man/man1/attr.1 man/man1/getfattr.1 man/man1/setfattr.1 '/home/charliechen/rk-forge/third_party/buildroot/output/host/share/man/man1'
/usr/bin/make  install-data-hook
make[4]: Entering directory '/home/charliechen/rk-forge/third_party/buildroot/output/build/host-attr-2.5.2'
set -e; \
cd "/home/charliechen/rk-forge/third_party/buildroot/output/host/share/man"; \
for d in man/man1/attr.1 man/man1/getfattr.1 man/man1/setfattr.1 man/man3/attr_get.3 man/man3/attr_list.3 man/man3/attr_multi.3 man/man3/attr_remove.3 man/man3/attr_set.3; do \
	man_section=${d##*.}; \
	d=${d#man/}; \
	dst=${d##*/}; \
	for m in `gawk \
		'/^\.S[h|H] NAME/ {ok=1; next} ok {print; exit}' $d \
		| /usr/bin/sed \
			-e 's/^\.Nm //' -e 's/,/ /g' -e 's/\\-.*//' \
			-e 's/\\\f[0-9]//g' -e 's/  / /g;q'`; \
	do \
		[ "$m" = "\\" ] && continue; \
		ln="man$man_section/$m.$man_section"; \
		[ -e "$ln" ] && continue; \
		echo ln -s $dst $ln; \
		ln -s $dst $ln; \
	done; \
done
libtool: install: /usr/bin/install -c .libs/libattr.so.1.1.2502 /home/charliechen/rk-forge/third_party/buildroot/output/host/lib/libattr.so.1.1.2502
ln -s attr_get.3 man3/attr_getf.3
libtool: install: (cd /home/charliechen/rk-forge/third_party/buildroot/output/host/lib && { ln -s -f libattr.so.1.1.2502 libattr.so.1 || { rm -f libattr.so.1 && ln -s libattr.so.1.1.2502 libattr.so.1; }; })
ln -s attr_list.3 man3/attr_listf.3
libtool: install: (cd /home/charliechen/rk-forge/third_party/buildroot/output/host/lib && { ln -s -f libattr.so.1.1.2502 libattr.so || { rm -f libattr.so && ln -s libattr.so.1.1.2502 libattr.so; }; })
ln -s attr_multi.3 man3/attr_multif.3
libtool: install: /usr/bin/install -c .libs/libattr.lai /home/charliechen/rk-forge/third_party/buildroot/output/host/lib/libattr.la
ln -s attr_remove.3 man3/attr_removef.3
ln -s attr_set.3 man3/attr_setf.3
make[4]: Leaving directory '/home/charliechen/rk-forge/third_party/buildroot/output/build/host-attr-2.5.2'
libtool: finish: PATH="/home/charliechen/rk-forge/third_party/buildroot/output/host/bin:/home/charliechen/rk-forge/third_party/buildroot/output/host/sbin:/opt/arm-gnu-toolchain-15.2.rel1-x86_64-arm-none-linux-gnueabihf/bin:/opt/arm-gnu-toolchain-15.2.rel1-x86_64-arm-none-linux-gnueabihf/bin:/home/charliechen/.pyenv/shims:/home/charliechen/.pyenv/bin:/home/charliechen/.vscode-server/bin/93cfdd489c3b228840d0f86ec77c3636277c93ea/bin/remote-cli:/home/charliechen/.local/bin:/opt/arm-gnu-toolchain-15.2.rel1-x86_64-arm-none-linux-gnueabihf/bin:/home/charliechen/.pyenv/bin:/usr/local/sbin:/usr/local/bin:/usr/sbin:/usr/bin:/sbin:/bin:/usr/games:/usr/local/games:/usr/lib/wsl/lib:/sbin" ldconfig -n /home/charliechen/rk-forge/third_party/buildroot/output/host/lib
----------------------------------------------------------------------
Libraries have been installed in:
   /home/charliechen/rk-forge/third_party/buildroot/output/host/lib

If you ever happen to want to link against installed libraries
in a given directory, LIBDIR, you must either use libtool, and
specify the full pathname of the library, or use the '-LLIBDIR'
flag during linking and do at least one of the following:
   - add LIBDIR to the 'LD_LIBRARY_PATH' environment variable
     during execution
   - add LIBDIR to the 'LD_RUN_PATH' environment variable
     during linking
   - use the '-Wl,-rpath -Wl,LIBDIR' linker flag
   - have your system administrator add LIBDIR to '/etc/ld.so.conf'

See any operating system documentation about shared libraries for
more information, such as the ld(1) and ld.so(8) manual pages.
----------------------------------------------------------------------
 /usr/bin/mkdir -p '/home/charliechen/rk-forge/third_party/buildroot/output/host/bin'
  /bin/bash ./libtool   --mode=install /usr/bin/install -c attr getfattr setfattr '/home/charliechen/rk-forge/third_party/buildroot/output/host/bin'
libtool: install: /usr/bin/install -c attr /home/charliechen/rk-forge/third_party/buildroot/output/host/bin/attr
libtool: install: /usr/bin/install -c getfattr /home/charliechen/rk-forge/third_party/buildroot/output/host/bin/getfattr
libtool: install: /usr/bin/install -c setfattr /home/charliechen/rk-forge/third_party/buildroot/output/host/bin/setfattr
make[3]: Leaving directory '/home/charliechen/rk-forge/third_party/buildroot/output/build/host-attr-2.5.2'
make[2]: Leaving directory '/home/charliechen/rk-forge/third_party/buildroot/output/build/host-attr-2.5.2'
make[1]: Leaving directory '/home/charliechen/rk-forge/third_party/buildroot/output/build/host-attr-2.5.2'
[7m>>> host-acl 2.3.2 Downloading[27m
wget -nd -t 3 --connect-timeout=10 -O '/home/charliechen/rk-forge/third_party/buildroot/output/build/.acl-2.3.2.tar.xz.PsdWcK/output' 'https://download.savannah.nongnu.org/releases/acl/acl-2.3.2.tar.xz' 
--2026-06-18 17:33:07--  https://download.savannah.nongnu.org/releases/acl/acl-2.3.2.tar.xz
Connecting to 127.0.0.1:7890... connected.
Proxy request sent, awaiting response... 302 Moved Temporarily
Location: https://mirror.rabisu.com/mirrors/savannah/acl/acl-2.3.2.tar.xz [following]
--2026-06-18 17:33:13--  https://mirror.rabisu.com/mirrors/savannah/acl/acl-2.3.2.tar.xz
Connecting to 127.0.0.1:7890... connected.
Proxy request sent, awaiting response... 200 OK
Length: 371680 (363K) [application/octet-stream]
Saving to: ‘/home/charliechen/rk-forge/third_party/buildroot/output/build/.acl-2.3.2.tar.xz.PsdWcK/output’

     0K .......... .......... .......... .......... .......... 13%  235K 1s
    50K .......... .......... .......... .......... .......... 27%  321K 1s
   100K .......... .......... .......... .......... .......... 41%  907K 1s
   150K .......... .......... .......... .......... .......... 55%  527K 0s
   200K .......... .......... .......... .......... .......... 68%  662K 0s
   250K .......... .......... .......... .......... .......... 82%  595K 0s
   300K .......... .......... .......... .......... .......... 96% 4.28M 0s
   350K .......... ..                                         100% 29.6K=1.1s

2026-06-18 17:33:16 (322 KB/s) - ‘/home/charliechen/rk-forge/third_party/buildroot/output/build/.acl-2.3.2.tar.xz.PsdWcK/output’ saved [371680/371680]

acl-2.3.2.tar.xz: OK (sha256: 97203a72cae99ab89a067fe2210c1cbf052bc492b479eca7d226d9830883b0bd)
[7m>>> host-acl 2.3.2 Extracting[27m
xzcat /home/charliechen/rk-forge/third_party/buildroot/dl/acl/acl-2.3.2.tar.xz | tar --strip-components=1 -C /home/charliechen/rk-forge/third_party/buildroot/output/build/host-acl-2.3.2   -xf -
[7m>>> host-acl 2.3.2 Patching[27m

Applying 0001-Build-with-old-GCC-versions.patch using patch: 
patching file libacl/acl_from_text.c
Hunk #1 succeeded at 245 (offset -59 lines).
[7m>>> host-acl 2.3.2 Updating config.sub and config.guess[27m
for file in config.guess config.sub; do for i in $(find /home/charliechen/rk-forge/third_party/buildroot/output/build/host-acl-2.3.2 -name $file); do cp support/gnuconfig/$file $i; done; done
[7m>>> host-acl 2.3.2 Patching libtool[27m
patching file /home/charliechen/rk-forge/third_party/buildroot/output/build/host-acl-2.3.2/build-aux/ltmain.sh
Hunk #1 succeeded at 2947 (offset 260 lines).
Hunk #2 succeeded at 4540 (offset 263 lines).
Hunk #3 succeeded at 6836 (offset 282 lines).
Hunk #4 succeeded at 6846 (offset 282 lines).
Hunk #5 succeeded at 7146 (offset 289 lines).
Hunk #6 succeeded at 7460 (offset 311 lines).
Hunk #7 succeeded at 8437 (offset 325 lines).
Hunk #8 succeeded at 11069 (offset 359 lines).
[7m>>> host-acl 2.3.2 Configuring[27m
(cd /home/charliechen/rk-forge/third_party/buildroot/output/build/host-acl-2.3.2/ && rm -rf config.cache; GIT_DIR=. PATH="/home/charliechen/rk-forge/third_party/buildroot/output/host/bin:/home/charliechen/rk-forge/third_party/buildroot/output/host/sbin:/opt/arm-gnu-toolchain-15.2.rel1-x86_64-arm-none-linux-gnueabihf/bin:/opt/arm-gnu-toolchain-15.2.rel1-x86_64-arm-none-linux-gnueabihf/bin:/home/charliechen/.pyenv/shims:/home/charliechen/.pyenv/bin:/home/charliechen/.vscode-server/bin/93cfdd489c3b228840d0f86ec77c3636277c93ea/bin/remote-cli:/home/charliechen/.local/bin:/opt/arm-gnu-toolchain-15.2.rel1-x86_64-arm-none-linux-gnueabihf/bin:/home/charliechen/.pyenv/bin:/usr/local/sbin:/usr/local/bin:/usr/sbin:/usr/bin:/sbin:/bin:/usr/games:/usr/local/games:/usr/lib/wsl/lib" PKG_CONFIG="/home/charliechen/rk-forge/third_party/buildroot/output/host/bin/pkg-config" PKG_CONFIG_SYSROOT_DIR="/" PKG_CONFIG_ALLOW_SYSTEM_CFLAGS=1 PKG_CONFIG_ALLOW_SYSTEM_LIBS=1 PKG_CONFIG_LIBDIR="/home/charliechen/rk-forge/third_party/buildroot/output/host/lib/pkgconfig:/home/charliechen/rk-forge/third_party/buildroot/output/host/share/pkgconfig" AR="/usr/bin/ar" AS="/usr/bin/as" LD="/usr/bin/ld" NM="/usr/bin/nm" CC="/usr/bin/gcc" GCC="/usr/bin/gcc" CXX="/usr/bin/g++" CPP="/usr/bin/cpp" OBJCOPY="/usr/bin/objcopy" RANLIB="/usr/bin/ranlib" CPPFLAGS="-I/home/charliechen/rk-forge/third_party/buildroot/output/host/include" CFLAGS="-O2 -I/home/charliechen/rk-forge/third_party/buildroot/output/host/include" CXXFLAGS="-O2 -I/home/charliechen/rk-forge/third_party/buildroot/output/host/include" LDFLAGS="-L/home/charliechen/rk-forge/third_party/buildroot/output/host/lib -Wl,-rpath,/home/charliechen/rk-forge/third_party/buildroot/output/host/lib" INTLTOOL_PERL=/usr/bin/perl  CONFIG_SITE=/dev/null ./configure --prefix="/home/charliechen/rk-forge/third_party/buildroot/output/host" --sysconfdir="/home/charliechen/rk-forge/third_party/buildroot/output/host/etc" --localstatedir="/home/charliechen/rk-forge/third_party/buildroot/output/host/var" --enable-shared --disable-static --disable-gtk-doc --disable-gtk-doc-html --disable-doc --disable-docs --disable-documentation --disable-debug --with-xmlto=no --with-fop=no --disable-nls --disable-dependency-tracking   )
configure: WARNING: unrecognized options: --disable-gtk-doc, --disable-gtk-doc-html, --disable-doc, --disable-docs, --disable-documentation, --with-xmlto, --with-fop
checking for a BSD-compatible install... /usr/bin/install -c
checking whether build environment is sane... yes
checking for a race-free mkdir -p... /usr/bin/mkdir -p
checking for gawk... gawk
checking whether make sets $(MAKE)... yes
checking whether make supports nested variables... yes
checking whether make supports nested variables... (cached) yes
checking for gcc... /usr/bin/gcc
checking whether the C compiler works... yes
checking for C compiler default output file name... a.out
checking for suffix of executables... 
checking whether we are cross compiling... no
checking for suffix of object files... o
checking whether the compiler supports GNU C... yes
checking whether /usr/bin/gcc accepts -g... yes
checking for /usr/bin/gcc option to enable C11 features... none needed
checking whether /usr/bin/gcc understands -c and -o together... yes
checking whether make supports the include directive... yes (GNU style)
checking dependency style of /usr/bin/gcc... none
checking for stdio.h... yes
checking for stdlib.h... yes
checking for string.h... yes
checking for inttypes.h... yes
checking for stdint.h... yes
checking for strings.h... yes
checking for sys/stat.h... yes
checking for sys/types.h... yes
checking for unistd.h... yes
checking for wchar.h... yes
checking for minix/config.h... no
checking whether it is safe to define __EXTENSIONS__... yes
checking whether _XOPEN_SOURCE should be defined... no
checking whether __attribute__((visibility())) is supported... yes
checking whether byte ordering is bigendian... no
checking for /usr/bin/gcc option to enable large file support... none needed
checking the archiver (/usr/bin/ar) interface... ar
checking build system type... x86_64-pc-linux-gnu
checking host system type... x86_64-pc-linux-gnu
checking how to print strings... printf
checking for a sed that does not truncate output... /usr/bin/sed
checking for grep that handles long lines and -e... /usr/bin/grep
checking for egrep... /usr/bin/grep -E
checking for fgrep... /usr/bin/grep -F
checking for ld used by /usr/bin/gcc... /usr/bin/ld
checking if the linker (/usr/bin/ld) is GNU ld... yes
checking for BSD- or MS-compatible name lister (nm)... /usr/bin/nm
checking the name lister (/usr/bin/nm) interface... BSD nm
checking whether ln -s works... yes
checking the maximum length of command line arguments... 1572864
checking how to convert x86_64-pc-linux-gnu file names to x86_64-pc-linux-gnu format... func_convert_file_noop
checking how to convert x86_64-pc-linux-gnu file names to toolchain format... func_convert_file_noop
checking for /usr/bin/ld option to reload object files... -r
checking for file... file
checking for objdump... objdump
checking how to recognize dependent libraries... pass_all
checking for dlltool... no
checking how to associate runtime and link libraries... printf %s\n
checking for archiver @FILE support... @
checking for strip... strip
checking for ranlib... /usr/bin/ranlib
checking command to parse /usr/bin/nm output from /usr/bin/gcc object... ok
checking for sysroot... no
checking for a working dd... /usr/bin/dd
checking how to truncate binary pipes... /usr/bin/dd bs=4096 count=1
checking for mt... mt
checking if mt is a manifest tool... no
checking for dlfcn.h... yes
checking for objdir... .libs
checking if /usr/bin/gcc supports -fno-rtti -fno-exceptions... no
checking for /usr/bin/gcc option to produce PIC... -fPIC -DPIC
checking if /usr/bin/gcc PIC flag -fPIC -DPIC works... yes
checking if /usr/bin/gcc static flag -static works... yes
checking if /usr/bin/gcc supports -c -o file.o... yes
checking if /usr/bin/gcc supports -c -o file.o... (cached) yes
checking whether the /usr/bin/gcc linker (/usr/bin/ld -m elf_x86_64) supports shared libraries... yes
checking whether -lc should be explicitly linked in... no
checking dynamic linker characteristics... GNU/Linux ld.so
checking how to hardcode library paths into programs... immediate
checking whether stripping libraries is possible... yes
checking if libtool supports shared libraries... yes
checking whether to build shared libraries... yes
checking whether to build static libraries... no
checking whether NLS is requested... no
checking for msgfmt... no
checking for gmsgfmt... :
checking for xgettext... no
checking for msgmerge... no
checking for ld... /usr/bin/ld -m elf_x86_64
checking if the linker (/usr/bin/ld -m elf_x86_64) is GNU ld... yes
checking for shared library run path origin... done
checking 32-bit host C ABI... no
checking how to run the C preprocessor... /usr/bin/cpp
checking for egrep -e... (cached) /usr/bin/grep -E
checking for ELF binary format... yes
checking for the common suffixes of directories in the library search path... lib,lib,lib64
checking for CFPreferencesCopyAppValue... no
checking for CFLocaleCopyPreferredLanguages... no
checking whether to use NLS... no
checking for attr/error_context.h... yes
checking for getxattr in -lattr... yes
checking that generated files are newer than configure... done
configure: creating ./config.status
config.status: creating libacl.pc
config.status: creating Makefile
config.status: creating po/Makefile.in
config.status: creating include/config.h
config.status: executing depfiles commands
config.status: executing libtool commands
config.status: executing po-directories commands
config.status: creating po/POTFILES
config.status: creating po/Makefile
config.status: executing include/acl commands
config.status: executing include/sys commands
configure: WARNING: unrecognized options: --disable-gtk-doc, --disable-gtk-doc-html, --disable-doc, --disable-docs, --disable-documentation, --with-xmlto, --with-fop
[7m>>> host-acl 2.3.2 Building[27m
GIT_DIR=. PATH="/home/charliechen/rk-forge/third_party/buildroot/output/host/bin:/home/charliechen/rk-forge/third_party/buildroot/output/host/sbin:/opt/arm-gnu-toolchain-15.2.rel1-x86_64-arm-none-linux-gnueabihf/bin:/opt/arm-gnu-toolchain-15.2.rel1-x86_64-arm-none-linux-gnueabihf/bin:/home/charliechen/.pyenv/shims:/home/charliechen/.pyenv/bin:/home/charliechen/.vscode-server/bin/93cfdd489c3b228840d0f86ec77c3636277c93ea/bin/remote-cli:/home/charliechen/.local/bin:/opt/arm-gnu-toolchain-15.2.rel1-x86_64-arm-none-linux-gnueabihf/bin:/home/charliechen/.pyenv/bin:/usr/local/sbin:/usr/local/bin:/usr/sbin:/usr/bin:/sbin:/bin:/usr/games:/usr/local/games:/usr/lib/wsl/lib" PKG_CONFIG="/home/charliechen/rk-forge/third_party/buildroot/output/host/bin/pkg-config" PKG_CONFIG_SYSROOT_DIR="/" PKG_CONFIG_ALLOW_SYSTEM_CFLAGS=1 PKG_CONFIG_ALLOW_SYSTEM_LIBS=1 PKG_CONFIG_LIBDIR="/home/charliechen/rk-forge/third_party/buildroot/output/host/lib/pkgconfig:/home/charliechen/rk-forge/third_party/buildroot/output/host/share/pkgconfig"  /usr/bin/make -j15  -C /home/charliechen/rk-forge/third_party/buildroot/output/build/host-acl-2.3.2/
make[1]: Entering directory '/home/charliechen/rk-forge/third_party/buildroot/output/build/host-acl-2.3.2'
Making all in po
make[2]: Entering directory '/home/charliechen/rk-forge/third_party/buildroot/output/build/host-acl-2.3.2/po'
make[2]: Nothing to be done for 'all'.
make[2]: Leaving directory '/home/charliechen/rk-forge/third_party/buildroot/output/build/host-acl-2.3.2/po'
make[2]: Entering directory '/home/charliechen/rk-forge/third_party/buildroot/output/build/host-acl-2.3.2'
  CC       tools/chacl.o
  CC       tools/getfacl.o
  CC       tools/user_group.o
  CC       tools/do_set.o
  CC       tools/parse.o
  CC       tools/sequence.o
  CC       tools/setfacl.o
  CC       libacl/la-acl_add_perm.lo
  CC       libacl/la-acl_calc_mask.lo
  CC       libacl/la-acl_clear_perms.lo
  CC       libacl/la-acl_copy_entry.lo
  CC       libacl/la-acl_copy_ext.lo
  CC       libacl/la-acl_copy_int.lo
  CC       libacl/la-acl_create_entry.lo
  CC       libacl/la-acl_delete_def_file.lo
  CC       libacl/la-acl_delete_entry.lo
  CC       libacl/la-acl_delete_perm.lo
  CC       libacl/la-acl_dup.lo
  CC       libacl/la-acl_free.lo
  CC       libacl/la-acl_from_text.lo
  CC       libacl/la-acl_get_entry.lo
  CC       libacl/la-acl_get_fd.lo
  CC       libacl/la-acl_get_file.lo
  CC       libacl/la-acl_get_perm.lo
  CC       libacl/la-acl_get_permset.lo
  CC       libacl/la-acl_get_qualifier.lo
  CC       libacl/la-acl_get_tag_type.lo
  CC       libacl/la-acl_init.lo
  CC       libacl/la-acl_set_fd.lo
  CC       libacl/la-acl_set_file.lo
  CC       libacl/la-acl_set_permset.lo
  CC       libacl/la-acl_set_qualifier.lo
  CC       libacl/la-acl_set_tag_type.lo
  CC       libacl/la-acl_size.lo
  CC       libacl/la-acl_to_text.lo
  CC       libacl/la-acl_valid.lo
  CC       libacl/la-acl_check.lo
  CC       libacl/la-acl_cmp.lo
  CC       libacl/la-acl_entries.lo
  CC       libacl/la-acl_equiv_mode.lo
  CC       libacl/la-acl_error.lo
  CC       libacl/la-acl_extended_fd.lo
  CC       libacl/la-acl_extended_file.lo
  CC       libacl/la-acl_extended_file_nofollow.lo
  CC       libacl/la-acl_from_mode.lo
  CC       libacl/la-acl_to_any_text.lo
  CC       libacl/la-__acl_extended_file.lo
  CC       libacl/la-__acl_from_xattr.lo
  CC       libacl/la-__acl_reorder_obj_p.lo
  CC       libacl/la-__acl_to_any_text.lo
  CC       libacl/la-__acl_to_xattr.lo
  CC       libacl/la-__apply_mask_to_mode.lo
  CC       libacl/la-__libobj.lo
  CC       libacl/la-perm_copy_fd.lo
  CC       libacl/la-perm_copy_file.lo
  CC       libmisc/uid_gid_lookup.lo
  CC       libmisc/high_water_alloc.lo
  CC       libmisc/next_line.lo
  CC       libmisc/quote.lo
  CC       libmisc/unquote.lo
  CC       libmisc/walk_tree.lo
  CCLD     libmisc.la
  CCLD     libacl.la
  CCLD     chacl
  CCLD     getfacl
  CCLD     setfacl
make[2]: Leaving directory '/home/charliechen/rk-forge/third_party/buildroot/output/build/host-acl-2.3.2'
make[1]: Leaving directory '/home/charliechen/rk-forge/third_party/buildroot/output/build/host-acl-2.3.2'
[7m>>> host-acl 2.3.2 Installing to host directory[27m
GIT_DIR=. PATH="/home/charliechen/rk-forge/third_party/buildroot/output/host/bin:/home/charliechen/rk-forge/third_party/buildroot/output/host/sbin:/opt/arm-gnu-toolchain-15.2.rel1-x86_64-arm-none-linux-gnueabihf/bin:/opt/arm-gnu-toolchain-15.2.rel1-x86_64-arm-none-linux-gnueabihf/bin:/home/charliechen/.pyenv/shims:/home/charliechen/.pyenv/bin:/home/charliechen/.vscode-server/bin/93cfdd489c3b228840d0f86ec77c3636277c93ea/bin/remote-cli:/home/charliechen/.local/bin:/opt/arm-gnu-toolchain-15.2.rel1-x86_64-arm-none-linux-gnueabihf/bin:/home/charliechen/.pyenv/bin:/usr/local/sbin:/usr/local/bin:/usr/sbin:/usr/bin:/sbin:/bin:/usr/games:/usr/local/games:/usr/lib/wsl/lib" PKG_CONFIG="/home/charliechen/rk-forge/third_party/buildroot/output/host/bin/pkg-config" PKG_CONFIG_SYSROOT_DIR="/" PKG_CONFIG_ALLOW_SYSTEM_CFLAGS=1 PKG_CONFIG_ALLOW_SYSTEM_LIBS=1 PKG_CONFIG_LIBDIR="/home/charliechen/rk-forge/third_party/buildroot/output/host/lib/pkgconfig:/home/charliechen/rk-forge/third_party/buildroot/output/host/share/pkgconfig"  /usr/bin/make -j15 install -C /home/charliechen/rk-forge/third_party/buildroot/output/build/host-acl-2.3.2/
make[1]: Entering directory '/home/charliechen/rk-forge/third_party/buildroot/output/build/host-acl-2.3.2'
Making install in po
make[2]: Entering directory '/home/charliechen/rk-forge/third_party/buildroot/output/build/host-acl-2.3.2/po'
if test "acl" = "gettext-tools"; then \
  /usr/bin/mkdir -p /home/charliechen/rk-forge/third_party/buildroot/output/host/share/gettext/po; \
  for file in Makefile.in.in remove-potcdate.sin quot.sed boldquot.sed en@quot.header en@boldquot.header insert-header.sin Rules-quot   Makevars.template; do \
    /usr/bin/install -c -m 644 ./$file \
		    /home/charliechen/rk-forge/third_party/buildroot/output/host/share/gettext/po/$file; \
  done; \
  for file in Makevars; do \
    rm -f /home/charliechen/rk-forge/third_party/buildroot/output/host/share/gettext/po/$file; \
  done; \
else \
  : ; \
fi
make[2]: Leaving directory '/home/charliechen/rk-forge/third_party/buildroot/output/build/host-acl-2.3.2/po'
make[2]: Entering directory '/home/charliechen/rk-forge/third_party/buildroot/output/build/host-acl-2.3.2'
make[3]: Entering directory '/home/charliechen/rk-forge/third_party/buildroot/output/build/host-acl-2.3.2'
subst_install_header() { file=`echo "$1" | sed -e 's,^.*/,,'`; /usr/bin/sed -e "s/\<EXPORT\>/extern/" < "$1" > "include/$file.t" || exit 1; /usr/bin/mkdir -p "$2" || exit 1; /usr/bin/install -c -m 644 "include/$file.t" "$2/$file" || exit 1; rm -f "include/$file.t"; }; subst_install_header "include/libacl.h" "/home/charliechen/rk-forge/third_party/buildroot/output/host/include/acl"
subst_install_header() { file=`echo "$1" | sed -e 's,^.*/,,'`; /usr/bin/sed -e "s/\<EXPORT\>/extern/" < "$1" > "include/$file.t" || exit 1; /usr/bin/mkdir -p "$2" || exit 1; /usr/bin/install -c -m 644 "include/$file.t" "$2/$file" || exit 1; rm -f "include/$file.t"; }; subst_install_header "include/acl.h" "/home/charliechen/rk-forge/third_party/buildroot/output/host/include/sys"
 /usr/bin/mkdir -p '/home/charliechen/rk-forge/third_party/buildroot/output/host/lib'
 /usr/bin/mkdir -p '/home/charliechen/rk-forge/third_party/buildroot/output/host/share/doc/acl'
 /bin/bash ./libtool   --mode=install /usr/bin/install -c   libacl.la '/home/charliechen/rk-forge/third_party/buildroot/output/host/lib'
 /usr/bin/mkdir -p '/home/charliechen/rk-forge/third_party/buildroot/output/host/share/man/man1'
 /usr/bin/mkdir -p '/home/charliechen/rk-forge/third_party/buildroot/output/host/lib/pkgconfig'
 /usr/bin/mkdir -p '/home/charliechen/rk-forge/third_party/buildroot/output/host/share/man/man3'
 /usr/bin/mkdir -p '/home/charliechen/rk-forge/third_party/buildroot/output/host/share/man/man5'
 /usr/bin/install -c -m 644 doc/CHANGES doc/COPYING doc/COPYING.LGPL doc/extensions.txt doc/libacl.txt '/home/charliechen/rk-forge/third_party/buildroot/output/host/share/doc/acl'
 /usr/bin/install -c -m 644 libacl.pc '/home/charliechen/rk-forge/third_party/buildroot/output/host/lib/pkgconfig'
 /usr/bin/install -c -m 644 man/man1/chacl.1 man/man1/getfacl.1 man/man1/setfacl.1 '/home/charliechen/rk-forge/third_party/buildroot/output/host/share/man/man1'
 /usr/bin/install -c -m 644 man/man5/acl.5 '/home/charliechen/rk-forge/third_party/buildroot/output/host/share/man/man5'
 /usr/bin/install -c -m 644 man/man3/acl_add_perm.3 man/man3/acl_calc_mask.3 man/man3/acl_check.3 man/man3/acl_clear_perms.3 man/man3/acl_cmp.3 man/man3/acl_copy_entry.3 man/man3/acl_copy_ext.3 man/man3/acl_copy_int.3 man/man3/acl_create_entry.3 man/man3/acl_delete_def_file.3 man/man3/acl_delete_entry.3 man/man3/acl_delete_perm.3 man/man3/acl_dup.3 man/man3/acl_entries.3 man/man3/acl_equiv_mode.3 man/man3/acl_error.3 man/man3/acl_extended_fd.3 man/man3/acl_extended_file.3 man/man3/acl_extended_file_nofollow.3 man/man3/acl_free.3 man/man3/acl_from_mode.3 man/man3/acl_from_text.3 man/man3/acl_get_entry.3 man/man3/acl_get_fd.3 man/man3/acl_get_file.3 man/man3/acl_get_perm.3 man/man3/acl_get_permset.3 man/man3/acl_get_qualifier.3 man/man3/acl_get_tag_type.3 man/man3/acl_init.3 man/man3/acl_set_fd.3 man/man3/acl_set_file.3 man/man3/acl_set_permset.3 man/man3/acl_set_qualifier.3 man/man3/acl_set_tag_type.3 man/man3/acl_size.3 man/man3/acl_to_any_text.3 man/man3/acl_to_text.3 man/man3/acl_valid.3 '/home/charliechen/rk-forge/third_party/buildroot/output/host/share/man/man3'
libtool: install: /usr/bin/install -c .libs/libacl.so.1.1.2302 /home/charliechen/rk-forge/third_party/buildroot/output/host/lib/libacl.so.1.1.2302
libtool: install: (cd /home/charliechen/rk-forge/third_party/buildroot/output/host/lib && { ln -s -f libacl.so.1.1.2302 libacl.so.1 || { rm -f libacl.so.1 && ln -s libacl.so.1.1.2302 libacl.so.1; }; })
libtool: install: (cd /home/charliechen/rk-forge/third_party/buildroot/output/host/lib && { ln -s -f libacl.so.1.1.2302 libacl.so || { rm -f libacl.so && ln -s libacl.so.1.1.2302 libacl.so; }; })
libtool: install: /usr/bin/install -c .libs/libacl.lai /home/charliechen/rk-forge/third_party/buildroot/output/host/lib/libacl.la
libtool: finish: PATH="/home/charliechen/rk-forge/third_party/buildroot/output/host/bin:/home/charliechen/rk-forge/third_party/buildroot/output/host/sbin:/opt/arm-gnu-toolchain-15.2.rel1-x86_64-arm-none-linux-gnueabihf/bin:/opt/arm-gnu-toolchain-15.2.rel1-x86_64-arm-none-linux-gnueabihf/bin:/home/charliechen/.pyenv/shims:/home/charliechen/.pyenv/bin:/home/charliechen/.vscode-server/bin/93cfdd489c3b228840d0f86ec77c3636277c93ea/bin/remote-cli:/home/charliechen/.local/bin:/opt/arm-gnu-toolchain-15.2.rel1-x86_64-arm-none-linux-gnueabihf/bin:/home/charliechen/.pyenv/bin:/usr/local/sbin:/usr/local/bin:/usr/sbin:/usr/bin:/sbin:/bin:/usr/games:/usr/local/games:/usr/lib/wsl/lib:/sbin" ldconfig -n /home/charliechen/rk-forge/third_party/buildroot/output/host/lib
----------------------------------------------------------------------
Libraries have been installed in:
   /home/charliechen/rk-forge/third_party/buildroot/output/host/lib

If you ever happen to want to link against installed libraries
in a given directory, LIBDIR, you must either use libtool, and
specify the full pathname of the library, or use the '-LLIBDIR'
flag during linking and do at least one of the following:
   - add LIBDIR to the 'LD_LIBRARY_PATH' environment variable
     during execution
   - add LIBDIR to the 'LD_RUN_PATH' environment variable
     during linking
   - use the '-Wl,-rpath -Wl,LIBDIR' linker flag
   - have your system administrator add LIBDIR to '/etc/ld.so.conf'

See any operating system documentation about shared libraries for
more information, such as the ld(1) and ld.so(8) manual pages.
----------------------------------------------------------------------
 /usr/bin/mkdir -p '/home/charliechen/rk-forge/third_party/buildroot/output/host/bin'
  /bin/bash ./libtool   --mode=install /usr/bin/install -c chacl getfacl setfacl '/home/charliechen/rk-forge/third_party/buildroot/output/host/bin'
libtool: install: /usr/bin/install -c chacl /home/charliechen/rk-forge/third_party/buildroot/output/host/bin/chacl
libtool: install: /usr/bin/install -c getfacl /home/charliechen/rk-forge/third_party/buildroot/output/host/bin/getfacl
libtool: install: /usr/bin/install -c setfacl /home/charliechen/rk-forge/third_party/buildroot/output/host/bin/setfacl
make[3]: Leaving directory '/home/charliechen/rk-forge/third_party/buildroot/output/build/host-acl-2.3.2'
make[2]: Leaving directory '/home/charliechen/rk-forge/third_party/buildroot/output/build/host-acl-2.3.2'
make[1]: Leaving directory '/home/charliechen/rk-forge/third_party/buildroot/output/build/host-acl-2.3.2'
[7m>>> host-fakeroot 1.37.2 Downloading[27m
wget -nd -t 3 --connect-timeout=10 -O '/home/charliechen/rk-forge/third_party/buildroot/output/build/.fakeroot_1.37.2.orig.tar.gz.UGQ8tQ/output' 'https://snapshot.debian.org/archive/debian/20260401T000000Z/pool/main/f/fakeroot/fakeroot_1.37.2.orig.tar.gz' 
--2026-06-18 17:33:20--  https://snapshot.debian.org/archive/debian/20260401T000000Z/pool/main/f/fakeroot/fakeroot_1.37.2.orig.tar.gz
Connecting to 127.0.0.1:7890... connected.
Proxy request sent, awaiting response... 302 FOUND
Location: /file/1a721c2b4093a4e83dc091dc41a028f19340c1b3/fakeroot_1.37.2.orig.tar.gz [following]
--2026-06-18 17:33:21--  https://snapshot.debian.org/file/1a721c2b4093a4e83dc091dc41a028f19340c1b3/fakeroot_1.37.2.orig.tar.gz
Reusing existing connection to snapshot.debian.org:443.
Proxy request sent, awaiting response... 200 OK
Length: 595964 (582K)
Saving to: ‘/home/charliechen/rk-forge/third_party/buildroot/output/build/.fakeroot_1.37.2.orig.tar.gz.UGQ8tQ/output’

     0K .......... .......... .......... .......... ..........  8%  136K 4s
    50K .......... .......... .......... .......... .......... 17%  381K 2s
   100K .......... .......... .......... .......... .......... 25%  506K 2s
   150K .......... .......... .......... .......... .......... 34%  455K 1s
   200K .......... .......... .......... .......... .......... 42% 2.63M 1s
   250K .......... .......... .......... .......... .......... 51% 4.28M 1s
   300K .......... .......... .......... .......... .......... 60% 1.45M 1s
   350K .......... .......... .......... .......... .......... 68%  618K 0s
   400K .......... .......... .......... .......... .......... 77% 10.3M 0s
   450K .......... .......... .......... .......... .......... 85% 1.65M 0s
   500K .......... .......... .......... .......... .......... 94% 3.63M 0s
   550K .......... .......... .......... .                    100%  108M=0.9s

2026-06-18 17:33:24 (647 KB/s) - ‘/home/charliechen/rk-forge/third_party/buildroot/output/build/.fakeroot_1.37.2.orig.tar.gz.UGQ8tQ/output’ saved [595964/595964]

fakeroot_1.37.2.orig.tar.gz: OK (sha1: 1a721c2b4093a4e83dc091dc41a028f19340c1b3)
fakeroot_1.37.2.orig.tar.gz: OK (sha256: 0eea60fbe89771b88fcf415c8f2f0a6ccfe9edebbcf3ba5dc0212718d98884db)
[7m>>> host-fakeroot 1.37.2 Extracting[27m
gzip -d -c /home/charliechen/rk-forge/third_party/buildroot/dl/fakeroot/fakeroot_1.37.2.orig.tar.gz | tar --strip-components=1 -C /home/charliechen/rk-forge/third_party/buildroot/output/build/host-fakeroot-1.37.2   -xf -
[7m>>> host-fakeroot 1.37.2 Patching[27m
[7m>>> host-fakeroot 1.37.2 Updating config.sub and config.guess[27m
for file in config.guess config.sub; do for i in $(find /home/charliechen/rk-forge/third_party/buildroot/output/build/host-fakeroot-1.37.2 -name $file); do cp support/gnuconfig/$file $i; done; done
[7m>>> host-fakeroot 1.37.2 Patching libtool[27m
patching file /home/charliechen/rk-forge/third_party/buildroot/output/build/host-fakeroot-1.37.2/ltmain.sh
Hunk #1 succeeded at 2992 (offset 305 lines).
Hunk #2 succeeded at 4673 (offset 396 lines).
Hunk #3 succeeded at 6980 (offset 426 lines).
Hunk #4 succeeded at 6990 (offset 426 lines).
Hunk #5 succeeded at 7290 (offset 433 lines).
Hunk #6 succeeded at 7595 (offset 446 lines).
Hunk #7 succeeded at 8605 (offset 493 lines).
Hunk #8 succeeded at 11145 (offset 435 lines).
[7m>>> host-fakeroot 1.37.2 Configuring[27m
(cd /home/charliechen/rk-forge/third_party/buildroot/output/build/host-fakeroot-1.37.2/ && rm -rf config.cache; GIT_DIR=. PATH="/home/charliechen/rk-forge/third_party/buildroot/output/host/bin:/home/charliechen/rk-forge/third_party/buildroot/output/host/sbin:/opt/arm-gnu-toolchain-15.2.rel1-x86_64-arm-none-linux-gnueabihf/bin:/opt/arm-gnu-toolchain-15.2.rel1-x86_64-arm-none-linux-gnueabihf/bin:/home/charliechen/.pyenv/shims:/home/charliechen/.pyenv/bin:/home/charliechen/.vscode-server/bin/93cfdd489c3b228840d0f86ec77c3636277c93ea/bin/remote-cli:/home/charliechen/.local/bin:/opt/arm-gnu-toolchain-15.2.rel1-x86_64-arm-none-linux-gnueabihf/bin:/home/charliechen/.pyenv/bin:/usr/local/sbin:/usr/local/bin:/usr/sbin:/usr/bin:/sbin:/bin:/usr/games:/usr/local/games:/usr/lib/wsl/lib" PKG_CONFIG="/home/charliechen/rk-forge/third_party/buildroot/output/host/bin/pkg-config" PKG_CONFIG_SYSROOT_DIR="/" PKG_CONFIG_ALLOW_SYSTEM_CFLAGS=1 PKG_CONFIG_ALLOW_SYSTEM_LIBS=1 PKG_CONFIG_LIBDIR="/home/charliechen/rk-forge/third_party/buildroot/output/host/lib/pkgconfig:/home/charliechen/rk-forge/third_party/buildroot/output/host/share/pkgconfig" AR="/usr/bin/ar" AS="/usr/bin/as" LD="/usr/bin/ld" NM="/usr/bin/nm" CC="/usr/bin/gcc" GCC="/usr/bin/gcc" CXX="/usr/bin/g++" CPP="/usr/bin/cpp" OBJCOPY="/usr/bin/objcopy" RANLIB="/usr/bin/ranlib" CPPFLAGS="-I/home/charliechen/rk-forge/third_party/buildroot/output/host/include" CFLAGS="-O2 -I/home/charliechen/rk-forge/third_party/buildroot/output/host/include" CXXFLAGS="-O2 -I/home/charliechen/rk-forge/third_party/buildroot/output/host/include" LDFLAGS="-L/home/charliechen/rk-forge/third_party/buildroot/output/host/lib -Wl,-rpath,/home/charliechen/rk-forge/third_party/buildroot/output/host/lib" INTLTOOL_PERL=/usr/bin/perl ac_cv_header_sys_capability_h=no ac_cv_func_capset=no CONFIG_SITE=/dev/null ./configure --prefix="/home/charliechen/rk-forge/third_party/buildroot/output/host" --sysconfdir="/home/charliechen/rk-forge/third_party/buildroot/output/host/etc" --localstatedir="/home/charliechen/rk-forge/third_party/buildroot/output/host/var" --enable-shared --disable-static --disable-gtk-doc --disable-gtk-doc-html --disable-doc --disable-docs --disable-documentation --disable-debug --with-xmlto=no --with-fop=no --disable-nls --disable-dependency-tracking   )
configure: WARNING: unrecognized options: --disable-gtk-doc, --disable-gtk-doc-html, --disable-doc, --disable-docs, --disable-documentation, --disable-debug, --with-xmlto, --with-fop, --disable-nls
checking build system type... x86_64-pc-linux-gnu
checking host system type... x86_64-pc-linux-gnu
checking target system type... x86_64-pc-linux-gnu
checking for a BSD-compatible install... /usr/bin/install -c
checking whether sleep supports fractional seconds... yes
checking filesystem timestamp resolution... 0.01
checking whether build environment is sane... yes
checking for a race-free mkdir -p... /usr/bin/mkdir -p
checking for gawk... gawk
checking whether make sets $(MAKE)... yes
checking whether make supports nested variables... yes
checking xargs -n works... yes
checking whether UID '1000' is supported by ustar format... yes
checking whether GID '1000' is supported by ustar format... yes
checking how to create a ustar tar archive... gnutar
checking whether to enable maintainer-specific portions of Makefiles... no
checking whether make supports the include directive... yes (GNU style)
checking for gcc... /usr/bin/gcc
checking whether the C compiler works... yes
checking for C compiler default output file name... a.out
checking for suffix of executables... 
checking whether we are cross compiling... no
checking for suffix of object files... o
checking whether the compiler supports GNU C... yes
checking whether /usr/bin/gcc accepts -g... yes
checking for /usr/bin/gcc option to enable C11 features... none needed
checking whether /usr/bin/gcc understands -c and -o together... yes
checking dependency style of /usr/bin/gcc... none
checking how to run the C preprocessor... /usr/bin/cpp
checking whether make sets $(MAKE)... (cached) yes
checking how to print strings... printf
checking for a sed that does not truncate output... /usr/bin/sed
checking for grep that handles long lines and -e... /usr/bin/grep
checking for egrep... /usr/bin/grep -E
checking for fgrep... /usr/bin/grep -F
checking for ld used by /usr/bin/gcc... /usr/bin/ld
checking if the linker (/usr/bin/ld) is GNU ld... yes
checking for BSD- or MS-compatible name lister (nm)... /usr/bin/nm
checking the name lister (/usr/bin/nm) interface... BSD nm
checking whether ln -s works... yes
checking the maximum length of command line arguments... 1572864
checking how to convert x86_64-pc-linux-gnu file names to x86_64-pc-linux-gnu format... func_convert_file_noop
checking how to convert x86_64-pc-linux-gnu file names to toolchain format... func_convert_file_noop
checking for /usr/bin/ld option to reload object files... -r
checking for file... file
checking for objdump... objdump
checking how to recognize dependent libraries... pass_all
checking for dlltool... no
checking how to associate runtime and link libraries... printf %s\n
checking for ranlib... /usr/bin/ranlib
checking for archiver @FILE support... @
checking for strip... strip
checking command to parse /usr/bin/nm output from /usr/bin/gcc object... ok
checking for sysroot... no
checking for a working dd... /usr/bin/dd
checking how to truncate binary pipes... /usr/bin/dd bs=4096 count=1
checking for mt... mt
checking if mt is a manifest tool... no
checking for stdio.h... yes
checking for stdlib.h... yes
checking for string.h... yes
checking for inttypes.h... yes
checking for stdint.h... yes
checking for strings.h... yes
checking for sys/stat.h... yes
checking for sys/types.h... yes
checking for unistd.h... yes
checking for dlfcn.h... yes
checking for objdir... .libs
checking if /usr/bin/gcc supports -fno-rtti -fno-exceptions... no
checking for /usr/bin/gcc option to produce PIC... -fPIC -DPIC
checking if /usr/bin/gcc PIC flag -fPIC -DPIC works... yes
checking if /usr/bin/gcc static flag -static works... yes
checking if /usr/bin/gcc supports -c -o file.o... yes
checking if /usr/bin/gcc supports -c -o file.o... (cached) yes
checking whether the /usr/bin/gcc linker (/usr/bin/ld -m elf_x86_64) supports shared libraries... yes
checking whether -lc should be explicitly linked in... no
checking dynamic linker characteristics... GNU/Linux ld.so
checking how to hardcode library paths into programs... immediate
checking whether stripping libraries is possible... yes
checking if libtool supports shared libraries... yes
checking whether to build shared libraries... yes
checking whether to build static libraries... no
checking which IPC method to use... (cached) sysv
checking whether SysV IPC message queues are actually working on the host... Yes
checking which database format to use... (cached) inode
checking for dlopen in -ldl... yes
checking for dirent.h that defines DIR... yes
checking for library containing opendir... none required
checking for fcntl.h... yes
checking for unistd.h... (cached) yes
checking for features.h... yes
checking for sys/feature_tests.h... no
checking for pthread.h... yes
checking for stdint.h... (cached) yes
checking for inttypes.h... (cached) yes
checking for grp.h... yes
checking for endian.h... yes
checking for machine/endian.h... no
checking for sys/sysmacros.h... yes
checking for sys/socket.h... yes
checking for sys/acl.h... yes
checking for sys/capability.h... (cached) no
checking for sys/xattr.h... yes
checking for fts.h... yes
checking for an ANSI C-conforming const... yes
checking for mode_t... yes
checking for off_t... yes
checking for size_t... yes
checking for id_t... yes
checking for return value and second and third argument of readlink... ssize_t, char, size_t
checking for first argument of setgroups... size_t
checking for union semun... no
checking for __xmknod... yes
checking for type of arg of __xmknod... needs *
checking for __xmknodat... yes
checking for type of arg of __xmknodat... needs *
checking for type of arg of initgroups... gid_t
checking for type of arg of setreuid... gid_t
checking for type of arg of setregid... gid_t
checking for type of second arg to stat... struct stat *
checking for d_off in struct dirent... yes
checking for d_type in struct dirent... yes
checking for acl_t struct... yes
checking for fchmodat... yes
checking for fchownat... yes
checking for fstatat... yes
checking for mkdirat... yes
checking for mknodat... yes
checking for openat... yes
checking for renameat... yes
checking for renameat2... yes
checking for unlinkat... yes
checking for lchmod... yes
checking for fgetattrlist... no
checking for library containing acl_get_fd... -lacl
checking for acl_get_fd... yes
checking for library containing acl_trivial... no
checking for acl_trivial... no
checking for capset... (cached) no
checking for listxattr... yes
checking for llistxattr... yes
checking for flistxattr... yes
checking for getxattr... yes
checking for lgetxattr... yes
checking for fgetxattr... yes
checking for setxattr... yes
checking for lsetxattr... yes
checking for fsetxattr... yes
checking for removexattr... yes
checking for lremovexattr... yes
checking for fremovexattr... yes
checking for statx... yes
checking if we need to cope with time64... checking for egrep -e... (cached) /usr/bin/grep -E
no
checking for __xstat... yes
Extra wrapper for stat is required because of __xstat
checking for __fxstat... yes
Extra wrapper for fstat is required because of __fxstat
checking for __lxstat... yes
Extra wrapper for lstat is required because of __lxstat
checking for __fxstatat... yes
Extra wrapper for fstatat is required because of __fxstatat
checking for __xstat64... yes
Extra wrapper for stat64 is required because of __xstat64
checking for __fxstat64... yes
Extra wrapper for fstat64 is required because of __fxstat64
checking for __lxstat64... yes
Extra wrapper for lstat64 is required because of __lxstat64
checking for __fxstatat64... yes
Extra wrapper for fstatat64 is required because of __fxstatat64
checking for __xmknod... (cached) yes
Extra wrapper for mknod is required because of __xmknod
checking for __xmknodat... (cached) yes
Extra wrapper for mknodat is required because of __xmknodat
created fakerootconfig.h
checking for strdup... yes
checking for strstr... yes
checking for getresuid... yes
checking for setresuid... yes
checking for getresgid... yes
checking for setresgid... yes
checking for setfsuid... yes
checking for setfsgid... yes
checking for fts_read... yes
checking for fts_children... yes
checking for close_range... yes
checking for /usr/bin/gcc options needed to detect all undeclared functions... none needed
checking whether setenv is declared... yes
checking whether unsetenv is declared... yes
checking for setenv... yes
checking for macOS/Darwin... no
checking that generated files are newer than configure... done
configure: creating ./config.status
config.status: creating Makefile
config.status: creating scripts/Makefile
config.status: creating doc/Makefile
config.status: creating doc/de/Makefile
config.status: creating doc/es/Makefile
config.status: creating doc/fr/Makefile
config.status: creating doc/nl/Makefile
config.status: creating doc/pt/Makefile
config.status: creating doc/ro/Makefile
config.status: creating doc/sv/Makefile
config.status: creating test/Makefile
config.status: creating test/defs
config.status: creating config.h
config.status: executing depfiles commands
config.status: executing libtool commands
configure: WARNING: unrecognized options: --disable-gtk-doc, --disable-gtk-doc-html, --disable-doc, --disable-docs, --disable-documentation, --disable-debug, --with-xmlto, --with-fop, --disable-nls
[7m>>> host-fakeroot 1.37.2 Building[27m
GIT_DIR=. PATH="/home/charliechen/rk-forge/third_party/buildroot/output/host/bin:/home/charliechen/rk-forge/third_party/buildroot/output/host/sbin:/opt/arm-gnu-toolchain-15.2.rel1-x86_64-arm-none-linux-gnueabihf/bin:/opt/arm-gnu-toolchain-15.2.rel1-x86_64-arm-none-linux-gnueabihf/bin:/home/charliechen/.pyenv/shims:/home/charliechen/.pyenv/bin:/home/charliechen/.vscode-server/bin/93cfdd489c3b228840d0f86ec77c3636277c93ea/bin/remote-cli:/home/charliechen/.local/bin:/opt/arm-gnu-toolchain-15.2.rel1-x86_64-arm-none-linux-gnueabihf/bin:/home/charliechen/.pyenv/bin:/usr/local/sbin:/usr/local/bin:/usr/sbin:/usr/bin:/sbin:/bin:/usr/games:/usr/local/games:/usr/lib/wsl/lib" PKG_CONFIG="/home/charliechen/rk-forge/third_party/buildroot/output/host/bin/pkg-config" PKG_CONFIG_SYSROOT_DIR="/" PKG_CONFIG_ALLOW_SYSTEM_CFLAGS=1 PKG_CONFIG_ALLOW_SYSTEM_LIBS=1 PKG_CONFIG_LIBDIR="/home/charliechen/rk-forge/third_party/buildroot/output/host/lib/pkgconfig:/home/charliechen/rk-forge/third_party/buildroot/output/host/share/pkgconfig"  /usr/bin/make -j15  -C /home/charliechen/rk-forge/third_party/buildroot/output/build/host-fakeroot-1.37.2/
make[1]: Entering directory '/home/charliechen/rk-forge/third_party/buildroot/output/build/host-fakeroot-1.37.2'
/usr/bin/make  all-recursive
make[2]: Entering directory '/home/charliechen/rk-forge/third_party/buildroot/output/build/host-fakeroot-1.37.2'
Making all in doc
make[3]: Entering directory '/home/charliechen/rk-forge/third_party/buildroot/output/build/host-fakeroot-1.37.2/doc'
Making all in de
make[4]: Entering directory '/home/charliechen/rk-forge/third_party/buildroot/output/build/host-fakeroot-1.37.2/doc/de'
make[4]: Nothing to be done for 'all'.
make[4]: Leaving directory '/home/charliechen/rk-forge/third_party/buildroot/output/build/host-fakeroot-1.37.2/doc/de'
Making all in es
make[4]: Entering directory '/home/charliechen/rk-forge/third_party/buildroot/output/build/host-fakeroot-1.37.2/doc/es'
make[4]: Nothing to be done for 'all'.
make[4]: Leaving directory '/home/charliechen/rk-forge/third_party/buildroot/output/build/host-fakeroot-1.37.2/doc/es'
Making all in fr
make[4]: Entering directory '/home/charliechen/rk-forge/third_party/buildroot/output/build/host-fakeroot-1.37.2/doc/fr'
make[4]: Nothing to be done for 'all'.
make[4]: Leaving directory '/home/charliechen/rk-forge/third_party/buildroot/output/build/host-fakeroot-1.37.2/doc/fr'
Making all in nl
make[4]: Entering directory '/home/charliechen/rk-forge/third_party/buildroot/output/build/host-fakeroot-1.37.2/doc/nl'
make[4]: Nothing to be done for 'all'.
make[4]: Leaving directory '/home/charliechen/rk-forge/third_party/buildroot/output/build/host-fakeroot-1.37.2/doc/nl'
Making all in pt
make[4]: Entering directory '/home/charliechen/rk-forge/third_party/buildroot/output/build/host-fakeroot-1.37.2/doc/pt'
make[4]: Nothing to be done for 'all'.
make[4]: Leaving directory '/home/charliechen/rk-forge/third_party/buildroot/output/build/host-fakeroot-1.37.2/doc/pt'
Making all in ro
make[4]: Entering directory '/home/charliechen/rk-forge/third_party/buildroot/output/build/host-fakeroot-1.37.2/doc/ro'
make[4]: Nothing to be done for 'all'.
make[4]: Leaving directory '/home/charliechen/rk-forge/third_party/buildroot/output/build/host-fakeroot-1.37.2/doc/ro'
Making all in sv
make[4]: Entering directory '/home/charliechen/rk-forge/third_party/buildroot/output/build/host-fakeroot-1.37.2/doc/sv'
make[4]: Nothing to be done for 'all'.
make[4]: Leaving directory '/home/charliechen/rk-forge/third_party/buildroot/output/build/host-fakeroot-1.37.2/doc/sv'
make[4]: Entering directory '/home/charliechen/rk-forge/third_party/buildroot/output/build/host-fakeroot-1.37.2/doc'
make[4]: Nothing to be done for 'all-am'.
make[4]: Leaving directory '/home/charliechen/rk-forge/third_party/buildroot/output/build/host-fakeroot-1.37.2/doc'
make[3]: Leaving directory '/home/charliechen/rk-forge/third_party/buildroot/output/build/host-fakeroot-1.37.2/doc'
Making all in scripts
make[3]: Entering directory '/home/charliechen/rk-forge/third_party/buildroot/output/build/host-fakeroot-1.37.2/scripts'
sed -e 's,[@]prefix[@],/home/charliechen/rk-forge/third_party/buildroot/output/host,g' -e 's,[@]bindir[@],/home/charliechen/rk-forge/third_party/buildroot/output/host/bin,g' -e 's,[@]libdir[@],/home/charliechen/rk-forge/third_party/buildroot/output/host/lib,g' -e 's,[@]fakeroot_transformed[@],'`echo fakeroot | sed -e 's,x,x,'`',g' -e 's,[@]faked_transformed[@],'`echo faked | sed -e 's,x,x,'`',g' -e 's,[@]signal[@],TERM,g' -e 's,[@]SHELL[@],/bin/bash,g' -e 's,[@]VERSION[@],1.37.2,g' -e 's,[@]DLSUFFIX[@],.so,g' -e 's,[@]LDLIBPATHVAR[@],LD_LIBRARY_PATH,g' -e 's,[@]LDPRELOADVAR[@],LD_PRELOAD,g' -e 's,[@]LDPRELOADABS[@],0,g' -e 's,[@]LDEXTRAVAR[@],,g' -e 's,[@]MACOSX_FALSE[@],,g' -e 's,[@]MACOSX_TRUE[@],#,g' < ./fakeroot.in > fakeroot
chmod +x fakeroot
make[3]: Leaving directory '/home/charliechen/rk-forge/third_party/buildroot/output/build/host-fakeroot-1.37.2/scripts'
Making all in test
make[3]: Entering directory '/home/charliechen/rk-forge/third_party/buildroot/output/build/host-fakeroot-1.37.2/test'
make[3]: Nothing to be done for 'all'.
make[3]: Leaving directory '/home/charliechen/rk-forge/third_party/buildroot/output/build/host-fakeroot-1.37.2/test'
make[3]: Entering directory '/home/charliechen/rk-forge/third_party/buildroot/output/build/host-fakeroot-1.37.2'
/usr/bin/gcc -DHAVE_CONFIG_H -I.   -I/home/charliechen/rk-forge/third_party/buildroot/output/host/include  -O2 -I/home/charliechen/rk-forge/third_party/buildroot/output/host/include -c -o faked.o faked.c
/bin/bash ./libtool  --tag=CC   --mode=compile /usr/bin/gcc -DHAVE_CONFIG_H -I.   -I/home/charliechen/rk-forge/third_party/buildroot/output/host/include  -O2 -I/home/charliechen/rk-forge/third_party/buildroot/output/host/include -c -o communicate.lo communicate.c
/usr/bin/gcc -DHAVE_CONFIG_H -I.   -I/home/charliechen/rk-forge/third_party/buildroot/output/host/include  -O2 -I/home/charliechen/rk-forge/third_party/buildroot/output/host/include -c -o simple.o simple.c
awk -f ./wrapawk < ./wrapfunc.inp
/bin/bash ./libtool  --tag=CC   --mode=compile /usr/bin/gcc -DHAVE_CONFIG_H -I.   -I/home/charliechen/rk-forge/third_party/buildroot/output/host/include  -O2 -I/home/charliechen/rk-forge/third_party/buildroot/output/host/include -c -o libfakeroot_inode64.lo libfakeroot_inode64.c
/bin/bash ./libtool  --tag=CC   --mode=compile /usr/bin/gcc -DHAVE_CONFIG_H -I.   -I/home/charliechen/rk-forge/third_party/buildroot/output/host/include  -O2 -I/home/charliechen/rk-forge/third_party/buildroot/output/host/include -c -o libfakeroot_unix2003.lo libfakeroot_unix2003.c
awk: ./wrapawk:27: warning: regexp escape sequence `\#' is not a known regexp operator
/bin/bash ./libtool  --tag=CC   --mode=compile /usr/bin/gcc -DHAVE_CONFIG_H -I.   -I/home/charliechen/rk-forge/third_party/buildroot/output/host/include  -O2 -I/home/charliechen/rk-forge/third_party/buildroot/output/host/include -c -o libfakeroot.lo libfakeroot.c
/bin/bash ./libtool  --tag=CC   --mode=compile /usr/bin/gcc -DHAVE_CONFIG_H -I.  -D_FILE_OFFSET_BITS=64 -D_TIME_BITS=64 -I/home/charliechen/rk-forge/third_party/buildroot/output/host/include  -O2 -I/home/charliechen/rk-forge/third_party/buildroot/output/host/include -c -o libfakeroot_time64_la-libfakeroot_time64.lo `test -f 'libfakeroot_time64.c' || echo './'`libfakeroot_time64.c
/bin/bash ./libtool  --tag=CC   --mode=link /usr/bin/gcc  -O2 -I/home/charliechen/rk-forge/third_party/buildroot/output/host/include  -L/home/charliechen/rk-forge/third_party/buildroot/output/host/lib -Wl,-rpath,/home/charliechen/rk-forge/third_party/buildroot/output/host/lib -o simple simple.o  -ldl 
faked.c: In function ‘save_database’:
faked.c:620:23: warning: format ‘%llx’ expects argument of type ‘long long unsigned int’, but argument 3 has type ‘long unsigned int’ [-Wformat=]
  620 |     fprintf(f,"dev=%llx,ino=%llu,mode=%llo,uid=%llu,gid=%llu,nlink=%llu,rdev=%llu\n",
      |                    ~~~^
      |                       |
      |                       long long unsigned int
      |                    %lx
  621 |             (uint64_t) i->buf.dev,(uint64_t) i->buf.ino,(uint64_t) i->buf.mode,
      |             ~~~~~~~~~~~~~~~~~~~~~
      |             |
      |             long unsigned int
faked.c:620:32: warning: format ‘%llu’ expects argument of type ‘long long unsigned int’, but argument 4 has type ‘long unsigned int’ [-Wformat=]
  620 |     fprintf(f,"dev=%llx,ino=%llu,mode=%llo,uid=%llu,gid=%llu,nlink=%llu,rdev=%llu\n",
      |                             ~~~^
      |                                |
      |                                long long unsigned int
      |                             %lu
  621 |             (uint64_t) i->buf.dev,(uint64_t) i->buf.ino,(uint64_t) i->buf.mode,
      |                                   ~~~~~~~~~~~~~~~~~~~~~
      |                                   |
      |                                   long unsigned int
faked.c:620:42: warning: format ‘%llo’ expects argument of type ‘long long unsigned int’, but argument 5 has type ‘long unsigned int’ [-Wformat=]
  620 |     fprintf(f,"dev=%llx,ino=%llu,mode=%llo,uid=%llu,gid=%llu,nlink=%llu,rdev=%llu\n",
      |                                       ~~~^
      |                                          |
      |                                          long long unsigned int
      |                                       %lo
  621 |             (uint64_t) i->buf.dev,(uint64_t) i->buf.ino,(uint64_t) i->buf.mode,
      |                                                         ~~~~~~~~~~~~~~~~~~~~~~
      |                                                         |
      |                                                         long unsigned int
faked.c:620:51: warning: format ‘%llu’ expects argument of type ‘long long unsigned int’, but argument 6 has type ‘long unsigned int’ [-Wformat=]
  620 |     fprintf(f,"dev=%llx,ino=%llu,mode=%llo,uid=%llu,gid=%llu,nlink=%llu,rdev=%llu\n",
      |                                                ~~~^
      |                                                   |
      |                                                   long long unsigned int
      |                                                %lu
  621 |             (uint64_t) i->buf.dev,(uint64_t) i->buf.ino,(uint64_t) i->buf.mode,
  622 |             (uint64_t) i->buf.uid,(uint64_t) i->buf.gid,(uint64_t) i->buf.nlink,
      |             ~~~~~~~~~~~~~~~~~~~~~                  
      |             |
      |             long unsigned int
faked.c:620:60: warning: format ‘%llu’ expects argument of type ‘long long unsigned int’, but argument 7 has type ‘long unsigned int’ [-Wformat=]
  620 |     fprintf(f,"dev=%llx,ino=%llu,mode=%llo,uid=%llu,gid=%llu,nlink=%llu,rdev=%llu\n",
      |                                                         ~~~^
      |                                                            |
      |                                                            long long unsigned int
      |                                                         %lu
  621 |             (uint64_t) i->buf.dev,(uint64_t) i->buf.ino,(uint64_t) i->buf.mode,
  622 |             (uint64_t) i->buf.uid,(uint64_t) i->buf.gid,(uint64_t) i->buf.nlink,
      |                                   ~~~~~~~~~~~~~~~~~~~~~     
      |                                   |
      |                                   long unsigned int
faked.c:620:71: warning: format ‘%llu’ expects argument of type ‘long long unsigned int’, but argument 8 has type ‘long unsigned int’ [-Wformat=]
  620 |     fprintf(f,"dev=%llx,ino=%llu,mode=%llo,uid=%llu,gid=%llu,nlink=%llu,rdev=%llu\n",
      |                                                                    ~~~^
      |                                                                       |
      |                                                                       long long unsigned int
      |                                                                    %lu
  621 |             (uint64_t) i->buf.dev,(uint64_t) i->buf.ino,(uint64_t) i->buf.mode,
  622 |             (uint64_t) i->buf.uid,(uint64_t) i->buf.gid,(uint64_t) i->buf.nlink,
      |                                                         ~~~~~~~~~~~~~~~~~~~~~~~
      |                                                         |
      |                                                         long unsigned int
faked.c:620:81: warning: format ‘%llu’ expects argument of type ‘long long unsigned int’, but argument 9 has type ‘long unsigned int’ [-Wformat=]
  620 |     fprintf(f,"dev=%llx,ino=%llu,mode=%llo,uid=%llu,gid=%llu,nlink=%llu,rdev=%llu\n",
      |                                                                              ~~~^
      |                                                                                 |
      |                                                                                 long long unsigned int
      |                                                                              %lu
......
  623 |             (uint64_t) i->buf.rdev);
      |             ~~~~~~~~~~~~~~~~~~~~~~                                               
      |             |
      |             long unsigned int
faked.c: In function ‘load_database’:
faked.c:661:21: warning: format ‘%llx’ expects argument of type ‘long long unsigned int *’, but argument 2 has type ‘uint64_t *’ {aka ‘long unsigned int *’} [-Wformat=]
  661 |     r=scanf("dev=%llx,ino=%llu,mode=%llo,uid=%llu,gid=%llu,nlink=%llu,rdev=%llu\n",
      |                  ~~~^
      |                     |
      |                     long long unsigned int *
      |                  %lx
  662 |             &stdev, &stino, &stmode, &stuid, &stgid, &stnlink, &strdev);
      |             ~~~~~~   
      |             |
      |             uint64_t * {aka long unsigned int *}
faked.c:661:30: warning: format ‘%llu’ expects argument of type ‘long long unsigned int *’, but argument 3 has type ‘uint64_t *’ {aka ‘long unsigned int *’} [-Wformat=]
  661 |     r=scanf("dev=%llx,ino=%llu,mode=%llo,uid=%llu,gid=%llu,nlink=%llu,rdev=%llu\n",
      |                           ~~~^
      |                              |
      |                              long long unsigned int *
      |                           %lu
  662 |             &stdev, &stino, &stmode, &stuid, &stgid, &stnlink, &strdev);
      |                     ~~~~~~    
      |                     |
      |                     uint64_t * {aka long unsigned int *}
faked.c:661:40: warning: format ‘%llo’ expects argument of type ‘long long unsigned int *’, but argument 4 has type ‘uint64_t *’ {aka ‘long unsigned int *’} [-Wformat=]
  661 |     r=scanf("dev=%llx,ino=%llu,mode=%llo,uid=%llu,gid=%llu,nlink=%llu,rdev=%llu\n",
      |                                     ~~~^
      |                                        |
      |                                        long long unsigned int *
      |                                     %lo
  662 |             &stdev, &stino, &stmode, &stuid, &stgid, &stnlink, &strdev);
      |                             ~~~~~~~     
      |                             |
      |                             uint64_t * {aka long unsigned int *}
faked.c:661:49: warning: format ‘%llu’ expects argument of type ‘long long unsigned int *’, but argument 5 has type ‘uint64_t *’ {aka ‘long unsigned int *’} [-Wformat=]
  661 |     r=scanf("dev=%llx,ino=%llu,mode=%llo,uid=%llu,gid=%llu,nlink=%llu,rdev=%llu\n",
      |                                              ~~~^
      |                                                 |
      |                                                 long long unsigned int *
      |                                              %lu
  662 |             &stdev, &stino, &stmode, &stuid, &stgid, &stnlink, &strdev);
      |                                      ~~~~~~      
      |                                      |
      |                                      uint64_t * {aka long unsigned int *}
faked.c:661:58: warning: format ‘%llu’ expects argument of type ‘long long unsigned int *’, but argument 6 has type ‘uint64_t *’ {aka ‘long unsigned int *’} [-Wformat=]
  661 |     r=scanf("dev=%llx,ino=%llu,mode=%llo,uid=%llu,gid=%llu,nlink=%llu,rdev=%llu\n",
      |                                                       ~~~^
      |                                                          |
      |                                                          long long unsigned int *
      |                                                       %lu
  662 |             &stdev, &stino, &stmode, &stuid, &stgid, &stnlink, &strdev);
      |                                              ~~~~~~       
      |                                              |
      |                                              uint64_t * {aka long unsigned int *}
faked.c:661:69: warning: format ‘%llu’ expects argument of type ‘long long unsigned int *’, but argument 7 has type ‘uint64_t *’ {aka ‘long unsigned int *’} [-Wformat=]
  661 |     r=scanf("dev=%llx,ino=%llu,mode=%llo,uid=%llu,gid=%llu,nlink=%llu,rdev=%llu\n",
      |                                                                  ~~~^
      |                                                                     |
      |                                                                     long long unsigned int *
      |                                                                  %lu
  662 |             &stdev, &stino, &stmode, &stuid, &stgid, &stnlink, &strdev);
      |                                                      ~~~~~~~~        
      |                                                      |
      |                                                      uint64_t * {aka long unsigned int *}
faked.c:661:79: warning: format ‘%llu’ expects argument of type ‘long long unsigned int *’, but argument 8 has type ‘uint64_t *’ {aka ‘long unsigned int *’} [-Wformat=]
  661 |     r=scanf("dev=%llx,ino=%llu,mode=%llo,uid=%llu,gid=%llu,nlink=%llu,rdev=%llu\n",
      |                                                                            ~~~^
      |                                                                               |
      |                                                                               long long unsigned int *
      |                                                                            %lu
  662 |             &stdev, &stino, &stmode, &stuid, &stgid, &stnlink, &strdev);
      |                                                                ~~~~~~~         
      |                                                                |
      |                                                                uint64_t * {aka long unsigned int *}
faked.c: In function ‘debug_stat’:
faked.c:688:31: warning: format ‘%llx’ expects argument of type ‘long long unsigned int’, but argument 3 has type ‘fake_dev_t’ {aka ‘long unsigned int’} [-Wformat=]
  688 |   fprintf(stderr,"dev:ino=(%llx:%lli), mode=0%lo, own=(%li,%li), nlink=%li, rdev=%lli\n",
      |                            ~~~^
      |                               |
      |                               long long unsigned int
      |                            %lx
  689 |           st->dev,
      |           ~~~~~~~              
      |             |
      |             fake_dev_t {aka long unsigned int}
faked.c:688:36: warning: format ‘%lli’ expects argument of type ‘long long int’, but argument 4 has type ‘fake_ino_t’ {aka ‘long unsigned int’} [-Wformat=]
  688 |   fprintf(stderr,"dev:ino=(%llx:%lli), mode=0%lo, own=(%li,%li), nlink=%li, rdev=%lli\n",
      |                                 ~~~^
      |                                    |
      |                                    long long int
      |                                 %li
  689 |           st->dev,
  690 |           st->ino,
      |           ~~~~~~~                   
      |             |
      |             fake_ino_t {aka long unsigned int}
faked.c:688:85: warning: format ‘%lli’ expects argument of type ‘long long int’, but argument 9 has type ‘fake_dev_t’ {aka ‘long unsigned int’} [-Wformat=]
  688 |   fprintf(stderr,"dev:ino=(%llx:%lli), mode=0%lo, own=(%li,%li), nlink=%li, rdev=%lli\n",
      |                                                                                  ~~~^
      |                                                                                     |
      |                                                                                     long long int
      |                                                                                  %li
......
  695 |           st->rdev);
      |           ~~~~~~~~                                                                   
      |             |
      |             fake_dev_t {aka long unsigned int}
libtool: compile:  /usr/bin/gcc -DHAVE_CONFIG_H -I. -I/home/charliechen/rk-forge/third_party/buildroot/output/host/include -O2 -I/home/charliechen/rk-forge/third_party/buildroot/output/host/include -c communicate.c  -fPIC -DPIC -o .libs/communicate.o
libtool: compile:  /usr/bin/gcc -DHAVE_CONFIG_H -I. -I/home/charliechen/rk-forge/third_party/buildroot/output/host/include -O2 -I/home/charliechen/rk-forge/third_party/buildroot/output/host/include -c libfakeroot_inode64.c  -fPIC -DPIC -o .libs/libfakeroot_inode64.o
libtool: compile:  /usr/bin/gcc -DHAVE_CONFIG_H -I. -I/home/charliechen/rk-forge/third_party/buildroot/output/host/include -O2 -I/home/charliechen/rk-forge/third_party/buildroot/output/host/include -c libfakeroot_unix2003.c  -fPIC -DPIC -o .libs/libfakeroot_unix2003.o
libtool: compile:  /usr/bin/gcc -DHAVE_CONFIG_H -I. -I/home/charliechen/rk-forge/third_party/buildroot/output/host/include -O2 -I/home/charliechen/rk-forge/third_party/buildroot/output/host/include -c libfakeroot.c  -fPIC -DPIC -o .libs/libfakeroot.o
libtool: compile:  /usr/bin/gcc -DHAVE_CONFIG_H -I. -D_FILE_OFFSET_BITS=64 -D_TIME_BITS=64 -I/home/charliechen/rk-forge/third_party/buildroot/output/host/include -O2 -I/home/charliechen/rk-forge/third_party/buildroot/output/host/include -c libfakeroot_time64.c  -fPIC -DPIC -o .libs/libfakeroot_time64_la-libfakeroot_time64.o
/bin/bash ./libtool  --tag=CC   --mode=link /usr/bin/gcc  -O2 -I/home/charliechen/rk-forge/third_party/buildroot/output/host/include  -L/home/charliechen/rk-forge/third_party/buildroot/output/host/lib -Wl,-rpath,/home/charliechen/rk-forge/third_party/buildroot/output/host/lib -o libmacosx.la  libfakeroot_inode64.lo libfakeroot_unix2003.lo  -ldl 
In file included from libfakeroot_time64.c:19:
wrapped.h:234:97: warning: ‘struct statx’ declared inside parameter list will not be visible outside of this definition or declaration
  234 | extern int (*next_statx)(int dir_fd, const char *pathname, int flags, unsigned int mask, struct statx *buf);
      |                                                                                                 ^~~~~
/bin/bash ./libtool  --tag=CC   --mode=link /usr/bin/gcc  -O2 -I/home/charliechen/rk-forge/third_party/buildroot/output/host/include  -L/home/charliechen/rk-forge/third_party/buildroot/output/host/lib -Wl,-rpath,/home/charliechen/rk-forge/third_party/buildroot/output/host/lib -o libfakeroot_time64.la  libfakeroot_time64_la-libfakeroot_time64.lo  -ldl 
libtool: link: /usr/bin/gcc -O2 -I/home/charliechen/rk-forge/third_party/buildroot/output/host/include -Wl,-rpath -Wl,/home/charliechen/rk-forge/third_party/buildroot/output/host/lib -o simple simple.o  -L/home/charliechen/rk-forge/third_party/buildroot/output/host/lib -ldl
libtool: link: /usr/bin/ar cr .libs/libmacosx.a .libs/libfakeroot_inode64.o .libs/libfakeroot_unix2003.o 
libtool: link: /usr/bin/ar cr .libs/libfakeroot_time64.a .libs/libfakeroot_time64_la-libfakeroot_time64.o 
libtool: link: /usr/bin/ranlib .libs/libmacosx.a
libtool: link: /usr/bin/ranlib .libs/libfakeroot_time64.a
libtool: link: ( cd ".libs" && rm -f "libmacosx.la" && ln -s "../libmacosx.la" "libmacosx.la" )
libtool: link: ( cd ".libs" && rm -f "libfakeroot_time64.la" && ln -s "../libfakeroot_time64.la" "libfakeroot_time64.la" )
/bin/bash ./libtool  --tag=CC   --mode=link /usr/bin/gcc  -O2 -I/home/charliechen/rk-forge/third_party/buildroot/output/host/include  -L/home/charliechen/rk-forge/third_party/buildroot/output/host/lib -Wl,-rpath,/home/charliechen/rk-forge/third_party/buildroot/output/host/lib -o libcommunicate.la  communicate.lo  -ldl 
libtool: link: /usr/bin/ar cr .libs/libcommunicate.a .libs/communicate.o 
libtool: link: /usr/bin/ranlib .libs/libcommunicate.a
libtool: link: ( cd ".libs" && rm -f "libcommunicate.la" && ln -s "../libcommunicate.la" "libcommunicate.la" )
/bin/bash ./libtool  --tag=CC   --mode=link /usr/bin/gcc  -O2 -I/home/charliechen/rk-forge/third_party/buildroot/output/host/include  -L/home/charliechen/rk-forge/third_party/buildroot/output/host/lib -Wl,-rpath,/home/charliechen/rk-forge/third_party/buildroot/output/host/lib -o faked faked.o libcommunicate.la -ldl 
libtool: link: /usr/bin/gcc -O2 -I/home/charliechen/rk-forge/third_party/buildroot/output/host/include -Wl,-rpath -Wl,/home/charliechen/rk-forge/third_party/buildroot/output/host/lib -o faked faked.o  -L/home/charliechen/rk-forge/third_party/buildroot/output/host/lib ./.libs/libcommunicate.a -ldl
/bin/bash ./libtool  --tag=CC   --mode=link /usr/bin/gcc  -O2 -I/home/charliechen/rk-forge/third_party/buildroot/output/host/include -release 0 -L/home/charliechen/rk-forge/third_party/buildroot/output/host/lib -Wl,-rpath,/home/charliechen/rk-forge/third_party/buildroot/output/host/lib -o libfakeroot.la -rpath /home/charliechen/rk-forge/third_party/buildroot/output/host/lib libfakeroot.lo libfakeroot_time64.la libcommunicate.la  -ldl 
libtool: link: /usr/bin/gcc -shared  -fPIC -DPIC  .libs/libfakeroot.o  -Wl,--whole-archive ./.libs/libfakeroot_time64.a ./.libs/libcommunicate.a -Wl,--no-whole-archive  -L/home/charliechen/rk-forge/third_party/buildroot/output/host/lib -ldl  -O2 -Wl,-rpath -Wl,/home/charliechen/rk-forge/third_party/buildroot/output/host/lib   -Wl,-soname -Wl,libfakeroot-0.so -o .libs/libfakeroot-0.so
libtool: link: (cd ".libs" && rm -f "libfakeroot.so" && ln -s "libfakeroot-0.so" "libfakeroot.so")
libtool: link: ( cd ".libs" && rm -f "libfakeroot.la" && ln -s "../libfakeroot.la" "libfakeroot.la" )
make[3]: Leaving directory '/home/charliechen/rk-forge/third_party/buildroot/output/build/host-fakeroot-1.37.2'
make[2]: Leaving directory '/home/charliechen/rk-forge/third_party/buildroot/output/build/host-fakeroot-1.37.2'
make[1]: Leaving directory '/home/charliechen/rk-forge/third_party/buildroot/output/build/host-fakeroot-1.37.2'
[7m>>> host-fakeroot 1.37.2 Installing to host directory[27m
GIT_DIR=. PATH="/home/charliechen/rk-forge/third_party/buildroot/output/host/bin:/home/charliechen/rk-forge/third_party/buildroot/output/host/sbin:/opt/arm-gnu-toolchain-15.2.rel1-x86_64-arm-none-linux-gnueabihf/bin:/opt/arm-gnu-toolchain-15.2.rel1-x86_64-arm-none-linux-gnueabihf/bin:/home/charliechen/.pyenv/shims:/home/charliechen/.pyenv/bin:/home/charliechen/.vscode-server/bin/93cfdd489c3b228840d0f86ec77c3636277c93ea/bin/remote-cli:/home/charliechen/.local/bin:/opt/arm-gnu-toolchain-15.2.rel1-x86_64-arm-none-linux-gnueabihf/bin:/home/charliechen/.pyenv/bin:/usr/local/sbin:/usr/local/bin:/usr/sbin:/usr/bin:/sbin:/bin:/usr/games:/usr/local/games:/usr/lib/wsl/lib" PKG_CONFIG="/home/charliechen/rk-forge/third_party/buildroot/output/host/bin/pkg-config" PKG_CONFIG_SYSROOT_DIR="/" PKG_CONFIG_ALLOW_SYSTEM_CFLAGS=1 PKG_CONFIG_ALLOW_SYSTEM_LIBS=1 PKG_CONFIG_LIBDIR="/home/charliechen/rk-forge/third_party/buildroot/output/host/lib/pkgconfig:/home/charliechen/rk-forge/third_party/buildroot/output/host/share/pkgconfig"  /usr/bin/make -j15 install -C /home/charliechen/rk-forge/third_party/buildroot/output/build/host-fakeroot-1.37.2/
make[1]: Entering directory '/home/charliechen/rk-forge/third_party/buildroot/output/build/host-fakeroot-1.37.2'
Making install in doc
make[2]: Entering directory '/home/charliechen/rk-forge/third_party/buildroot/output/build/host-fakeroot-1.37.2/doc'
Making install in de
make[3]: Entering directory '/home/charliechen/rk-forge/third_party/buildroot/output/build/host-fakeroot-1.37.2/doc/de'
make[4]: Entering directory '/home/charliechen/rk-forge/third_party/buildroot/output/build/host-fakeroot-1.37.2/doc/de'
make[4]: Nothing to be done for 'install-exec-am'.
 /usr/bin/mkdir -p '/home/charliechen/rk-forge/third_party/buildroot/output/host/share/man/de/man1'
 /usr/bin/install -c -m 644 faked.1 fakeroot.1 '/home/charliechen/rk-forge/third_party/buildroot/output/host/share/man/de/man1'
make[4]: Leaving directory '/home/charliechen/rk-forge/third_party/buildroot/output/build/host-fakeroot-1.37.2/doc/de'
make[3]: Leaving directory '/home/charliechen/rk-forge/third_party/buildroot/output/build/host-fakeroot-1.37.2/doc/de'
Making install in es
make[3]: Entering directory '/home/charliechen/rk-forge/third_party/buildroot/output/build/host-fakeroot-1.37.2/doc/es'
make[4]: Entering directory '/home/charliechen/rk-forge/third_party/buildroot/output/build/host-fakeroot-1.37.2/doc/es'
make[4]: Nothing to be done for 'install-exec-am'.
 /usr/bin/mkdir -p '/home/charliechen/rk-forge/third_party/buildroot/output/host/share/man/es/man1'
 /usr/bin/install -c -m 644 faked.1 fakeroot.1 '/home/charliechen/rk-forge/third_party/buildroot/output/host/share/man/es/man1'
make[4]: Leaving directory '/home/charliechen/rk-forge/third_party/buildroot/output/build/host-fakeroot-1.37.2/doc/es'
make[3]: Leaving directory '/home/charliechen/rk-forge/third_party/buildroot/output/build/host-fakeroot-1.37.2/doc/es'
Making install in fr
make[3]: Entering directory '/home/charliechen/rk-forge/third_party/buildroot/output/build/host-fakeroot-1.37.2/doc/fr'
make[4]: Entering directory '/home/charliechen/rk-forge/third_party/buildroot/output/build/host-fakeroot-1.37.2/doc/fr'
make[4]: Nothing to be done for 'install-exec-am'.
 /usr/bin/mkdir -p '/home/charliechen/rk-forge/third_party/buildroot/output/host/share/man/fr/man1'
 /usr/bin/install -c -m 644 fakeroot.1 faked.1 '/home/charliechen/rk-forge/third_party/buildroot/output/host/share/man/fr/man1'
make[4]: Leaving directory '/home/charliechen/rk-forge/third_party/buildroot/output/build/host-fakeroot-1.37.2/doc/fr'
make[3]: Leaving directory '/home/charliechen/rk-forge/third_party/buildroot/output/build/host-fakeroot-1.37.2/doc/fr'
Making install in nl
make[3]: Entering directory '/home/charliechen/rk-forge/third_party/buildroot/output/build/host-fakeroot-1.37.2/doc/nl'
make[4]: Entering directory '/home/charliechen/rk-forge/third_party/buildroot/output/build/host-fakeroot-1.37.2/doc/nl'
make[4]: Nothing to be done for 'install-exec-am'.
 /usr/bin/mkdir -p '/home/charliechen/rk-forge/third_party/buildroot/output/host/share/man/nl/man1'
 /usr/bin/install -c -m 644 fakeroot.1 faked.1 '/home/charliechen/rk-forge/third_party/buildroot/output/host/share/man/nl/man1'
make[4]: Leaving directory '/home/charliechen/rk-forge/third_party/buildroot/output/build/host-fakeroot-1.37.2/doc/nl'
make[3]: Leaving directory '/home/charliechen/rk-forge/third_party/buildroot/output/build/host-fakeroot-1.37.2/doc/nl'
Making install in pt
make[3]: Entering directory '/home/charliechen/rk-forge/third_party/buildroot/output/build/host-fakeroot-1.37.2/doc/pt'
make[4]: Entering directory '/home/charliechen/rk-forge/third_party/buildroot/output/build/host-fakeroot-1.37.2/doc/pt'
make[4]: Nothing to be done for 'install-exec-am'.
 /usr/bin/mkdir -p '/home/charliechen/rk-forge/third_party/buildroot/output/host/share/man/pt/man1'
 /usr/bin/install -c -m 644 fakeroot.1 faked.1 '/home/charliechen/rk-forge/third_party/buildroot/output/host/share/man/pt/man1'
make[4]: Leaving directory '/home/charliechen/rk-forge/third_party/buildroot/output/build/host-fakeroot-1.37.2/doc/pt'
make[3]: Leaving directory '/home/charliechen/rk-forge/third_party/buildroot/output/build/host-fakeroot-1.37.2/doc/pt'
Making install in ro
make[3]: Entering directory '/home/charliechen/rk-forge/third_party/buildroot/output/build/host-fakeroot-1.37.2/doc/ro'
make[4]: Entering directory '/home/charliechen/rk-forge/third_party/buildroot/output/build/host-fakeroot-1.37.2/doc/ro'
make[4]: Nothing to be done for 'install-exec-am'.
 /usr/bin/mkdir -p '/home/charliechen/rk-forge/third_party/buildroot/output/host/share/man/ro/man1'
 /usr/bin/install -c -m 644 faked.1 fakeroot.1 '/home/charliechen/rk-forge/third_party/buildroot/output/host/share/man/ro/man1'
make[4]: Leaving directory '/home/charliechen/rk-forge/third_party/buildroot/output/build/host-fakeroot-1.37.2/doc/ro'
make[3]: Leaving directory '/home/charliechen/rk-forge/third_party/buildroot/output/build/host-fakeroot-1.37.2/doc/ro'
Making install in sv
make[3]: Entering directory '/home/charliechen/rk-forge/third_party/buildroot/output/build/host-fakeroot-1.37.2/doc/sv'
make[4]: Entering directory '/home/charliechen/rk-forge/third_party/buildroot/output/build/host-fakeroot-1.37.2/doc/sv'
make[4]: Nothing to be done for 'install-exec-am'.
 /usr/bin/mkdir -p '/home/charliechen/rk-forge/third_party/buildroot/output/host/share/man/sv/man1'
 /usr/bin/install -c -m 644 faked.1 fakeroot.1 '/home/charliechen/rk-forge/third_party/buildroot/output/host/share/man/sv/man1'
make[4]: Leaving directory '/home/charliechen/rk-forge/third_party/buildroot/output/build/host-fakeroot-1.37.2/doc/sv'
make[3]: Leaving directory '/home/charliechen/rk-forge/third_party/buildroot/output/build/host-fakeroot-1.37.2/doc/sv'
make[3]: Entering directory '/home/charliechen/rk-forge/third_party/buildroot/output/build/host-fakeroot-1.37.2/doc'
make[4]: Entering directory '/home/charliechen/rk-forge/third_party/buildroot/output/build/host-fakeroot-1.37.2/doc'
make[4]: Nothing to be done for 'install-exec-am'.
 /usr/bin/mkdir -p '/home/charliechen/rk-forge/third_party/buildroot/output/host/share/man/man1'
 /usr/bin/install -c -m 644 faked.1 fakeroot.1 '/home/charliechen/rk-forge/third_party/buildroot/output/host/share/man/man1'
make[4]: Leaving directory '/home/charliechen/rk-forge/third_party/buildroot/output/build/host-fakeroot-1.37.2/doc'
make[3]: Leaving directory '/home/charliechen/rk-forge/third_party/buildroot/output/build/host-fakeroot-1.37.2/doc'
make[2]: Leaving directory '/home/charliechen/rk-forge/third_party/buildroot/output/build/host-fakeroot-1.37.2/doc'
Making install in scripts
make[2]: Entering directory '/home/charliechen/rk-forge/third_party/buildroot/output/build/host-fakeroot-1.37.2/scripts'
make[3]: Entering directory '/home/charliechen/rk-forge/third_party/buildroot/output/build/host-fakeroot-1.37.2/scripts'
make[3]: Nothing to be done for 'install-data-am'.
 /usr/bin/mkdir -p '/home/charliechen/rk-forge/third_party/buildroot/output/host/bin'
 /usr/bin/install -c fakeroot '/home/charliechen/rk-forge/third_party/buildroot/output/host/bin'
make[3]: Leaving directory '/home/charliechen/rk-forge/third_party/buildroot/output/build/host-fakeroot-1.37.2/scripts'
make[2]: Leaving directory '/home/charliechen/rk-forge/third_party/buildroot/output/build/host-fakeroot-1.37.2/scripts'
Making install in test
make[2]: Entering directory '/home/charliechen/rk-forge/third_party/buildroot/output/build/host-fakeroot-1.37.2/test'
make[3]: Entering directory '/home/charliechen/rk-forge/third_party/buildroot/output/build/host-fakeroot-1.37.2/test'
make[3]: Nothing to be done for 'install-exec-am'.
make[3]: Nothing to be done for 'install-data-am'.
make[3]: Leaving directory '/home/charliechen/rk-forge/third_party/buildroot/output/build/host-fakeroot-1.37.2/test'
make[2]: Leaving directory '/home/charliechen/rk-forge/third_party/buildroot/output/build/host-fakeroot-1.37.2/test'
make[2]: Entering directory '/home/charliechen/rk-forge/third_party/buildroot/output/build/host-fakeroot-1.37.2'
make[3]: Entering directory '/home/charliechen/rk-forge/third_party/buildroot/output/build/host-fakeroot-1.37.2'
make[3]: Nothing to be done for 'install-data-am'.
 /usr/bin/mkdir -p '/home/charliechen/rk-forge/third_party/buildroot/output/host/lib'
 /bin/bash ./libtool   --mode=install /usr/bin/install -c   libfakeroot.la '/home/charliechen/rk-forge/third_party/buildroot/output/host/lib'
libtool: install: /usr/bin/install -c .libs/libfakeroot-0.so /home/charliechen/rk-forge/third_party/buildroot/output/host/lib/libfakeroot-0.so
libtool: install: (cd /home/charliechen/rk-forge/third_party/buildroot/output/host/lib && { ln -s -f libfakeroot-0.so libfakeroot.so || { rm -f libfakeroot.so && ln -s libfakeroot-0.so libfakeroot.so; }; })
libtool: install: /usr/bin/install -c .libs/libfakeroot.lai /home/charliechen/rk-forge/third_party/buildroot/output/host/lib/libfakeroot.la
libtool: finish: PATH="/home/charliechen/rk-forge/third_party/buildroot/output/host/bin:/home/charliechen/rk-forge/third_party/buildroot/output/host/sbin:/opt/arm-gnu-toolchain-15.2.rel1-x86_64-arm-none-linux-gnueabihf/bin:/opt/arm-gnu-toolchain-15.2.rel1-x86_64-arm-none-linux-gnueabihf/bin:/home/charliechen/.pyenv/shims:/home/charliechen/.pyenv/bin:/home/charliechen/.vscode-server/bin/93cfdd489c3b228840d0f86ec77c3636277c93ea/bin/remote-cli:/home/charliechen/.local/bin:/opt/arm-gnu-toolchain-15.2.rel1-x86_64-arm-none-linux-gnueabihf/bin:/home/charliechen/.pyenv/bin:/usr/local/sbin:/usr/local/bin:/usr/sbin:/usr/bin:/sbin:/bin:/usr/games:/usr/local/games:/usr/lib/wsl/lib:/sbin" ldconfig -n /home/charliechen/rk-forge/third_party/buildroot/output/host/lib
----------------------------------------------------------------------
Libraries have been installed in:
   /home/charliechen/rk-forge/third_party/buildroot/output/host/lib

If you ever happen to want to link against installed libraries
in a given directory, LIBDIR, you must either use libtool, and
specify the full pathname of the library, or use the '-LLIBDIR'
flag during linking and do at least one of the following:
   - add LIBDIR to the 'LD_LIBRARY_PATH' environment variable
     during execution
   - add LIBDIR to the 'LD_RUN_PATH' environment variable
     during linking
   - use the '-Wl,-rpath -Wl,LIBDIR' linker flag
   - have your system administrator add LIBDIR to '/etc/ld.so.conf'

See any operating system documentation about shared libraries for
more information, such as the ld(1) and ld.so(8) manual pages.
----------------------------------------------------------------------
 /usr/bin/mkdir -p '/home/charliechen/rk-forge/third_party/buildroot/output/host/bin'
  /bin/bash ./libtool   --mode=install /usr/bin/install -c faked '/home/charliechen/rk-forge/third_party/buildroot/output/host/bin'
libtool: install: /usr/bin/install -c faked /home/charliechen/rk-forge/third_party/buildroot/output/host/bin/faked
make[3]: Leaving directory '/home/charliechen/rk-forge/third_party/buildroot/output/build/host-fakeroot-1.37.2'
make[2]: Leaving directory '/home/charliechen/rk-forge/third_party/buildroot/output/build/host-fakeroot-1.37.2'
make[1]: Leaving directory '/home/charliechen/rk-forge/third_party/buildroot/output/build/host-fakeroot-1.37.2'
[7m>>> host-makedevs  Extracting[27m
cp package/makedevs/makedevs.c /home/charliechen/rk-forge/third_party/buildroot/output/build/host-makedevs
[7m>>> host-makedevs  Patching[27m
[7m>>> host-makedevs  Configuring[27m
[7m>>> host-makedevs  Building[27m
/usr/bin/gcc -O2 -I/home/charliechen/rk-forge/third_party/buildroot/output/host/include /home/charliechen/rk-forge/third_party/buildroot/output/build/host-makedevs/makedevs.c -o /home/charliechen/rk-forge/third_party/buildroot/output/build/host-makedevs/makedevs -L/home/charliechen/rk-forge/third_party/buildroot/output/host/lib -Wl,-rpath,/home/charliechen/rk-forge/third_party/buildroot/output/host/lib
[7m>>> host-makedevs  Installing to host directory[27m
/usr/bin/install -D -m 755 /home/charliechen/rk-forge/third_party/buildroot/output/build/host-makedevs/makedevs /home/charliechen/rk-forge/third_party/buildroot/output/host/bin/makedevs
[7m>>> skeleton-init-common  Extracting[27m
[7m>>> skeleton-init-common  Patching[27m
[7m>>> skeleton-init-common  Configuring[27m
[7m>>> skeleton-init-common  Building[27m
[7m>>> skeleton-init-common  Installing to staging directory[27m
rsync -a --ignore-times --exclude .svn --exclude .git --exclude .hg --exclude .bzr --exclude CVS --chmod=u=rwX,go=rX --exclude .empty --exclude '*~' system/skeleton/ /home/charliechen/rk-forge/third_party/buildroot/output/host/arm-buildroot-linux-gnueabihf/sysroot/
/usr/bin/install -d -m 0755 /home/charliechen/rk-forge/third_party/buildroot/output/host/arm-buildroot-linux-gnueabihf/sysroot/bin
/usr/bin/install -d -m 0755 /home/charliechen/rk-forge/third_party/buildroot/output/host/arm-buildroot-linux-gnueabihf/sysroot/sbin
/usr/bin/install -d -m 0755 /home/charliechen/rk-forge/third_party/buildroot/output/host/arm-buildroot-linux-gnueabihf/sysroot/lib
/usr/bin/install -d -m 0755 /home/charliechen/rk-forge/third_party/buildroot/output/host/arm-buildroot-linux-gnueabihf/sysroot/usr/sbin
ln -snf lib /home/charliechen/rk-forge/third_party/buildroot/output/host/arm-buildroot-linux-gnueabihf/sysroot/lib32
ln -snf lib /home/charliechen/rk-forge/third_party/buildroot/output/host/arm-buildroot-linux-gnueabihf/sysroot/usr/lib32
/usr/bin/install -d -m 0755 /home/charliechen/rk-forge/third_party/buildroot/output/host/arm-buildroot-linux-gnueabihf/sysroot/usr/include
[7m>>> skeleton-init-common  Fixing libtool files[27m
for la in $(find /home/charliechen/rk-forge/third_party/buildroot/output/host/arm-buildroot-linux-gnueabihf/sysroot/usr/lib* -name "*.la"); do \
	cp -a "${la}" "${la}.fixed" && \
	/usr/bin/sed -i -e "s:/home/charliechen/rk-forge/third_party/buildroot/output:@BASE_DIR@:g" \
		-e "s:/home/charliechen/rk-forge/third_party/buildroot/output/host/arm-buildroot-linux-gnueabihf/sysroot:@STAGING_DIR@:g" \
		 -e "s:/opt/arm-gnu-toolchain-15.2.rel1-x86_64-arm-none-linux-gnueabihf:@TOOLCHAIN_EXTERNAL_INSTALL_DIR@:g" \
		-e "s:\(['= ]\)/usr:\\1@STAGING_DIR@/usr:g" \
		-e "s:\(['= ]\)/lib:\\1@STAGING_DIR@/lib:g" \
		 -e "s:@TOOLCHAIN_EXTERNAL_INSTALL_DIR@:/opt/arm-gnu-toolchain-15.2.rel1-x86_64-arm-none-linux-gnueabihf:g" \
		-e "s:@STAGING_DIR@:/home/charliechen/rk-forge/third_party/buildroot/output/host/arm-buildroot-linux-gnueabihf/sysroot:g" \
		-e "s:@BASE_DIR@:/home/charliechen/rk-forge/third_party/buildroot/output:g" \
		"${la}.fixed" && \
	if cmp -s "${la}" "${la}.fixed"; then \
		rm -f "${la}.fixed"; \
	else \
		mv "${la}.fixed" "${la}"; \
	fi || exit 1; \
done
[7m>>> skeleton-init-common  Installing to target[27m
rsync -a --ignore-times --exclude .svn --exclude .git --exclude .hg --exclude .bzr --exclude CVS --chmod=u=rwX,go=rX --exclude .empty --exclude '*~' system/skeleton/ /home/charliechen/rk-forge/third_party/buildroot/output/target/
/usr/bin/install -d -m 0755 /home/charliechen/rk-forge/third_party/buildroot/output/target/bin
/usr/bin/install -d -m 0755 /home/charliechen/rk-forge/third_party/buildroot/output/target/sbin
/usr/bin/install -d -m 0755 /home/charliechen/rk-forge/third_party/buildroot/output/target/lib
/usr/bin/install -d -m 0755 /home/charliechen/rk-forge/third_party/buildroot/output/target/usr/sbin
ln -snf lib /home/charliechen/rk-forge/third_party/buildroot/output/target/lib32
ln -snf lib /home/charliechen/rk-forge/third_party/buildroot/output/target/usr/lib32
/usr/bin/sed -i -e 's,@PATH@,"/bin:/sbin:/usr/bin:/usr/sbin",' /home/charliechen/rk-forge/third_party/buildroot/output/target/etc/profile
/usr/bin/install -m 0644 support/misc/target-dir-warning.txt /home/charliechen/rk-forge/third_party/buildroot/output/target/THIS_IS_NOT_YOUR_ROOT_FILESYSTEM
[7m>>> skeleton-init-sysv  Extracting[27m
[7m>>> skeleton-init-sysv  Patching[27m
[7m>>> skeleton-init-sysv  Configuring[27m
[7m>>> skeleton-init-sysv  Building[27m
[7m>>> skeleton-init-sysv  Installing to target[27m
rsync -a --ignore-times --exclude .svn --exclude .git --exclude .hg --exclude .bzr --exclude CVS --chmod=u=rwX,go=rX --exclude .empty --exclude '*~' package/skeleton-init-sysv/skeleton/ /home/charliechen/rk-forge/third_party/buildroot/output/target/
[7m>>> skeleton  Extracting[27m
[7m>>> skeleton  Patching[27m
[7m>>> skeleton  Configuring[27m
[7m>>> skeleton  Building[27m
[7m>>> skeleton  Installing to target[27m
[7m>>> toolchain-external-custom  Extracting[27m
[7m>>> toolchain-external-custom  Patching[27m
[7m>>> toolchain-external-custom  Configuring[27m
C++ support is not selected but is available in external toolchain
make: *** [package/pkg-generic.mk:263: /home/charliechen/rk-forge/third_party/buildroot/output/build/toolchain-external-custom/.stamp_configured] Error 1
