[35m
############### Rockchip Linux SDK ###############
[0m
[35mManifest: atk-dlrk3506_linux6.1_release_v1.3.1_20260326.xml[0m

[35mLog colors: [0m[36mmessage [0m[35mnotice [0m[34mwarning [0m[91merror [0m[31mfatal[0m

[36mLog saved at /home/charliechen/rk-forge/third_party/vendor-sdk/output/sessions/2026-06-14_11-46-54[0m
[35mUsing last kernel version(6.1)[0m
[36m
==========================================[0m
[36m          Final configs[0m
[36m==========================================[0m
RK_BOOT_COMPRESSED=y
RK_BOOT_FIT_ITS=/home/charliechen/rk-forge/third_party/vendor-sdk/device/rockchip/.chip/zboot.its
RK_BOOT_IMG=zboot.img
RK_BUILDROOT=y
RK_BUILDROOT_CFG=alientek_rk3506
RK_CHIP=rk3506
RK_CHIP_ARM32=y
RK_CHIP_FAMILY=rk3506
RK_DEFCONFIG=19_atk_dlrk3506b_automipi_nand_ubi_squashfs_defconfig
RK_EXTRA_PARTITION_NUM=2
RK_EXTRA_PARTITION_STR=auto:oem:auto:ubifs:defaults:rk3506_oem:auto:@auto:userdata:auto:ubifs:defaults:normal:auto:@@@
RK_FLASH_SIZE=2048
RK_KERNEL=y
RK_KERNEL_ARCH=arm
RK_KERNEL_ARM32=y
RK_KERNEL_CFG=alientek_rk3506_defconfig
RK_KERNEL_CFG_FRAGMENTS=rk3506-display.config rk3506-ethernet.config rk3506-alientek.config
RK_KERNEL_DTS=kernel/arch/arm/boot/dts/rk3506b-alientek-mipi720x1280-nand-ubi-squashfs.dts
RK_KERNEL_DTS_LIST=rk3506b-alientek-mipi720x1280-nand-ubi-squashfs rk3506b-alientek-mipi800x1280-nand-ubi-squashfs
RK_KERNEL_IMG=kernel/arch/arm/boot/zImage
RK_KERNEL_VERSION=6.1
RK_KERNEL_VERSION_RAW=6.1
RK_LOADER=y
RK_MISC=y
RK_MISC_BLANK=y
RK_OVERLAY=y
RK_OWNER=charliechen
RK_OWNER_UID=1000
RK_PARAMETER=parameter-nand.txt
RK_RECOVERY=y
RK_RECOVERY_CFG=alientek_rk3506_recovery
RK_RECOVERY_CPIO_GZ=y
RK_RECOVERY_FIT_ITS=/home/charliechen/rk-forge/third_party/vendor-sdk/device/rockchip/.chip/thunderboot4recovery.its
RK_RECOVERY_INITRD_TYPE=cpio.gz
RK_ROOTFS=y
RK_ROOTFS_ASYNC_COMMIT=y
RK_ROOTFS_DEBUG_INFO=y
RK_ROOTFS_FSTRIM=y
RK_ROOTFS_FSTRIM_INTERVAL=3600
RK_ROOTFS_GENERATE_LOGS=y
RK_ROOTFS_HOSTNAME=ATK-DLRK3506
RK_ROOTFS_HOSTNAME_CUSTOM=y
RK_ROOTFS_INPUT_EVENT_DAEMON=y
RK_ROOTFS_INSTALL_MODULES=y
RK_ROOTFS_IRQBALANCE=y
RK_ROOTFS_LD_CACHE=y
RK_ROOTFS_OVERLAY=y
RK_ROOTFS_PREFER_PREBUILT_TOOLS=y
RK_ROOTFS_STRIP_MODULES=y
RK_ROOTFS_SYSTEM=buildroot
RK_ROOTFS_TYPE=ubi
RK_ROOTFS_UBI=y
RK_ROOTFS_UDEV_RULES=y
RK_SAVE_TRACKED=y
RK_SESSION=2026-06-14_11-46-54
RK_TARGET_BOARD=ATK-DLRK3506B-NAND-UBI-SQUASHFS
RK_UBI=y
RK_UBI_BLOCK_SIZE=0x20000
RK_UBI_PAGE_SIZE=0x800
RK_UBOOT_ARCH=arm
RK_UBOOT_ARM32=y
RK_UBOOT_CFG=alientek_rk3506
RK_UBOOT_SPL=y
RK_UPDATE=y
RK_USB_ADBD=y
RK_USB_ADBD_SHELL=/bin/bash
RK_USB_ADBD_TCP_PORT=5555
RK_USB_FW_VER=0x0310
RK_USB_GADGET=y
RK_USB_MANUFACTURER=Rockchip
RK_USB_PID=0
RK_USB_PRODUCT=rk3xxx
RK_USB_VID=0x2207
RK_USE_FIT_IMG=y
RK_YOCTO=y
RK_YOCTO_DISPLAY_PLATFORM=wayland
RK_YOCTO_MACHINE=rockchip-rk3506-evb
RK_YOCTO_USBMOUNT=y

[36mToolchain for kernel:[0m
[36m/home/charliechen/rk-forge/third_party/vendor-sdk/prebuilts/gcc/linux-x86/arm/gcc-arm-10.3-2021.07-x86_64-arm-none-linux-gnueabihf/bin/arm-none-linux-gnueabihf-[0m

[36m==========================================[0m
[36m          Start building kernel[0m
[36m==========================================[0m
[35m+ make -C /home/charliechen/rk-forge/third_party/vendor-sdk/kernel/ -j15 CROSS_COMPILE=/home/charliechen/rk-forge/third_party/vendor-sdk/prebuilts/gcc/linux-x86/arm/gcc-arm-10.3-2021.07-x86_64-arm-none-linux-gnueabihf/bin/arm-none-linux-gnueabihf- ARCH=arm alientek_rk3506_defconfig rk3506-display.config rk3506-ethernet.config rk3506-alientek.config[0m
make: Entering directory '/home/charliechen/rk-forge/third_party/vendor-sdk/kernel-6.1'
  HOSTCC  scripts/basic/fixdep
  HOSTCC  scripts/kconfig/conf.o
  HOSTCC  scripts/kconfig/confdata.o
  HOSTCC  scripts/kconfig/expr.o
  LEX     scripts/kconfig/lexer.lex.c
  YACC    scripts/kconfig/parser.tab.[ch]
  HOSTCC  scripts/kconfig/menu.o
  HOSTCC  scripts/kconfig/preprocess.o
  HOSTCC  scripts/kconfig/symbol.o
  HOSTCC  scripts/kconfig/util.o
  HOSTCC  scripts/kconfig/lexer.lex.o
  HOSTCC  scripts/kconfig/parser.tab.o
  HOSTLD  scripts/kconfig/conf
#
# configuration written to .config
#
Using .config as base
Merging ./arch/arm/configs/rk3506-display.config
Value of CONFIG_MEDIA_USB_SUPPORT is redefined by fragment ./arch/arm/configs/rk3506-display.config:
Previous value: CONFIG_MEDIA_USB_SUPPORT=y
New value: # CONFIG_MEDIA_USB_SUPPORT is not set

Value of CONFIG_TOUCHSCREEN_GOODIX is redefined by fragment ./arch/arm/configs/rk3506-display.config:
Previous value: CONFIG_TOUCHSCREEN_GOODIX=y
New value: # CONFIG_TOUCHSCREEN_GOODIX is not set

Value of CONFIG_TOUCHSCREEN_GT1X is redefined by fragment ./arch/arm/configs/rk3506-display.config:
Previous value: # CONFIG_TOUCHSCREEN_GT1X is not set
New value: CONFIG_TOUCHSCREEN_GT1X=y

#
# merged configuration written to .config (needs make)
#
#
# configuration written to .config
#
Using .config as base
Merging ./arch/arm/configs/rk3506-ethernet.config
#
# merged configuration written to .config (needs make)
#
#
# configuration written to .config
#
Using .config as base
Merging ./arch/arm/configs/rk3506-alientek.config
Value of CONFIG_TOUCHSCREEN_GT1X is redefined by fragment ./arch/arm/configs/rk3506-alientek.config:
Previous value: CONFIG_TOUCHSCREEN_GT1X=y
New value: # CONFIG_TOUCHSCREEN_GT1X is not set

Value of CONFIG_TOUCHSCREEN_GOODIX is redefined by fragment ./arch/arm/configs/rk3506-alientek.config:
Previous value: # CONFIG_TOUCHSCREEN_GOODIX is not set
New value: CONFIG_TOUCHSCREEN_GOODIX=y

Value of CONFIG_RTL8733BU is redefined by fragment ./arch/arm/configs/rk3506-alientek.config:
Previous value: # CONFIG_RTL8733BU is not set
New value: CONFIG_RTL8733BU=m

Value of CONFIG_BT_RTK_HCIBTUSB is redefined by fragment ./arch/arm/configs/rk3506-alientek.config:
Previous value: # CONFIG_BT_RTK_HCIBTUSB is not set
New value: CONFIG_BT_RTK_HCIBTUSB=m

Value of CONFIG_MEDIA_USB_SUPPORT is redefined by fragment ./arch/arm/configs/rk3506-alientek.config:
Previous value: # CONFIG_MEDIA_USB_SUPPORT is not set
New value: CONFIG_MEDIA_USB_SUPPORT=y

Value of CONFIG_USB_SERIAL is redefined by fragment ./arch/arm/configs/rk3506-alientek.config:
Previous value: # CONFIG_USB_SERIAL is not set
New value: CONFIG_USB_SERIAL=y

#
# merged configuration written to .config (needs make)
#
#
# configuration written to .config
#
make: Leaving directory '/home/charliechen/rk-forge/third_party/vendor-sdk/kernel-6.1'
=========================================
Detected multiple device trees, total 2
Device tree list: rk3506b-alientek-mipi720x1280-nand-ubi-squashfs rk3506b-alientek-mipi800x1280-nand-ubi-squashfs
=========================================
[35m+ make -C /home/charliechen/rk-forge/third_party/vendor-sdk/kernel/ -j15 CROSS_COMPILE=/home/charliechen/rk-forge/third_party/vendor-sdk/prebuilts/gcc/linux-x86/arm/gcc-arm-10.3-2021.07-x86_64-arm-none-linux-gnueabihf/bin/arm-none-linux-gnueabihf- ARCH=arm zImage[0m
make: Entering directory '/home/charliechen/rk-forge/third_party/vendor-sdk/kernel-6.1'
  SYNC    include/config/auto.conf.cmd
make[1]: Warning: File 'include/config/auto.conf' has modification time 1.1 s in the future
  SYSHDR  arch/arm/include/generated/uapi/asm/unistd-oabi.h
  SYSHDR  arch/arm/include/generated/uapi/asm/unistd-eabi.h
make[1]: warning:  Clock skew detected.  Your build may be incomplete.
make[1]: Warning: File 'include/config/auto.conf' has modification time 1 s in the future
make[1]: warning:  Clock skew detected.  Your build may be incomplete.
  WRAP    arch/arm/include/generated/uapi/asm/kvm_para.h
  WRAP    arch/arm/include/generated/uapi/asm/bitsperlong.h
  WRAP    arch/arm/include/generated/uapi/asm/bpf_perf_event.h
  WRAP    arch/arm/include/generated/uapi/asm/errno.h
  WRAP    arch/arm/include/generated/uapi/asm/ioctl.h
  WRAP    arch/arm/include/generated/uapi/asm/ipcbuf.h
  WRAP    arch/arm/include/generated/uapi/asm/msgbuf.h
  WRAP    arch/arm/include/generated/uapi/asm/param.h
  WRAP    arch/arm/include/generated/uapi/asm/poll.h
  WRAP    arch/arm/include/generated/uapi/asm/resource.h
  WRAP    arch/arm/include/generated/uapi/asm/sembuf.h
  WRAP    arch/arm/include/generated/uapi/asm/shmbuf.h
  WRAP    arch/arm/include/generated/uapi/asm/siginfo.h
  WRAP    arch/arm/include/generated/uapi/asm/socket.h
  WRAP    arch/arm/include/generated/uapi/asm/sockios.h
  WRAP    arch/arm/include/generated/uapi/asm/termbits.h
  WRAP    arch/arm/include/generated/uapi/asm/termios.h
make[1]: Warning: File 'include/config/auto.conf' has modification time 0.62 s in the future
  HOSTCC  scripts/dtc/dtc.o
  HOSTCC  scripts/dtc/flattree.o
  HOSTCC  scripts/dtc/fstree.o
  HOSTCC  scripts/dtc/data.o
  HOSTCC  scripts/dtc/livetree.o
  HOSTCC  scripts/dtc/treesource.o
  HOSTCC  scripts/dtc/srcpos.o
  HOSTCC  scripts/dtc/checks.o
  HOSTCC  scripts/dtc/util.o
  LEX     scripts/dtc/dtc-lexer.lex.c
  YACC    scripts/dtc/dtc-parser.tab.[ch]
  HOSTCC  scripts/dtc/libfdt/fdt.o
  HOSTCC  scripts/dtc/libfdt/fdt_ro.o
  HOSTCC  scripts/dtc/libfdt/fdt_wip.o
  HOSTCC  scripts/dtc/libfdt/fdt_sw.o
  HOSTCC  scripts/dtc/libfdt/fdt_rw.o
  HOSTCC  scripts/dtc/libfdt/fdt_strerror.o
  HOSTCC  scripts/dtc/libfdt/fdt_empty_tree.o
  HOSTCC  scripts/dtc/libfdt/fdt_addresses.o
  HOSTCC  scripts/dtc/libfdt/fdt_overlay.o
  HOSTCC  scripts/dtc/fdtoverlay.o
  HOSTCC  scripts/dtc/dtc-lexer.lex.o
  HOSTCC  scripts/dtc/dtc-parser.tab.o
  UPD     include/config/kernel.release
  HOSTLD  scripts/dtc/fdtoverlay
  WRAP    arch/arm/include/generated/asm/early_ioremap.h
  WRAP    arch/arm/include/generated/asm/extable.h
  WRAP    arch/arm/include/generated/asm/flat.h
  WRAP    arch/arm/include/generated/asm/parport.h
  WRAP    arch/arm/include/generated/asm/compat.h
  WRAP    arch/arm/include/generated/asm/dma-mapping.h
  WRAP    arch/arm/include/generated/asm/emergency-restart.h
  WRAP    arch/arm/include/generated/asm/exec.h
  WRAP    arch/arm/include/generated/asm/irq_regs.h
  WRAP    arch/arm/include/generated/asm/kdebug.h
  WRAP    arch/arm/include/generated/asm/kmap_size.h
  WRAP    arch/arm/include/generated/asm/local.h
  WRAP    arch/arm/include/generated/asm/local64.h
  WRAP    arch/arm/include/generated/asm/mmiowb.h
  WRAP    arch/arm/include/generated/asm/msi.h
  WRAP    arch/arm/include/generated/asm/preempt.h
  WRAP    arch/arm/include/generated/asm/rwonce.h
  WRAP    arch/arm/include/generated/asm/serial.h
  WRAP    arch/arm/include/generated/asm/simd.h
  WRAP    arch/arm/include/generated/asm/softirq_stack.h
  WRAP    arch/arm/include/generated/asm/trace_clock.h
  WRAP    arch/arm/include/generated/asm/unaligned.h
  UPD     include/generated/uapi/linux/version.h
  HOSTLD  scripts/dtc/dtc
  UPD     include/generated/utsrelease.h
make[1]: warning:  Clock skew detected.  Your build may be incomplete.
  UPD     include/generated/compile.h
  HOSTCC  scripts/kallsyms
  HOSTCC  scripts/resource_tool
  HOSTCC  scripts/sorttable
  HOSTCC  scripts/asn1_compiler
  HOSTCXX scripts/gcc-plugins/arm_ssp_per_task_plugin.so
  SYSNR   arch/arm/include/generated/asm/unistd-nr.h
  GEN     arch/arm/include/generated/asm/mach-types.h
  SYSTBL  arch/arm/include/generated/calls-oabi.S
  SYSTBL  arch/arm/include/generated/calls-eabi.S
  CC      scripts/mod/empty.o
  HOSTCC  scripts/mod/mk_elfconfig
  CC      scripts/mod/devicetable-offsets.s
  UPD     scripts/mod/devicetable-offsets.h
  MKELF   scripts/mod/elfconfig.h
  HOSTCC  scripts/mod/modpost.o
  HOSTCC  scripts/mod/file2alias.o
  HOSTCC  scripts/mod/sumversion.o
  HOSTLD  scripts/mod/modpost
  CC      kernel/bounds.s
  CHKSHA1 include/linux/atomic/atomic-arch-fallback.h
  CHKSHA1 include/linux/atomic/atomic-instrumented.h
  CHKSHA1 include/linux/atomic/atomic-long.h
  UPD     include/generated/timeconst.h
  UPD     include/generated/bounds.h
  CC      arch/arm/kernel/asm-offsets.s
  UPD     include/generated/asm-offsets.h
  CALL    scripts/checksyscalls.sh
  HOSTCC  usr/gen_init_cpio
  CC      init/main.o
  CC      init/do_mounts.o
  CC      mm/filemap.o
  CC      ipc/util.o
  CC      certs/system_keyring.o
  UPD     init/utsversion-tmp.h
  AS      arch/arm/lib/ashldi3.o
  CC      security/keys/gc.o
  CC      block/bdev.o
  CC      block/partitions/core.o
  AR      fs/notify/dnotify/built-in.a
  CC      fs/notify/inotify/inotify_fsnotify.o
  CC      lib/math/div64.o
  CC      kernel/sched/core.o
  CC      crypto/asymmetric_keys/asymmetric_type.o
  AS      arch/arm/lib/ashrdi3.o
  CC      arch/arm/vfp/vfpmodule.o
  AS      arch/arm/lib/backtrace.o
  AS      arch/arm/lib/bswapsdi2.o
  AS      arch/arm/lib/call_with_stack.o
  CC      lib/math/gcd.o
  AS      arch/arm/lib/changebit.o
  AS      arch/arm/lib/clear_user.o
  CC      lib/math/lcm.o
  HOSTCC  certs/extract-cert
  AS      arch/arm/lib/clearbit.o
  AS      arch/arm/lib/copy_from_user.o
  AS      arch/arm/lib/copy_page.o
  AS      arch/arm/lib/copy_to_user.o
  AS      arch/arm/lib/csumipv6.o
  AS      arch/arm/lib/csumpartial.o
  AS      arch/arm/lib/csumpartialcopy.o
  GEN     usr/initramfs_data.cpio
  AS      arch/arm/lib/csumpartialcopyuser.o
  CC      lib/math/int_pow.o
  AS      arch/arm/lib/delay-loop.o
  CC      crypto/asymmetric_keys/restrict.o
  CC      arch/arm/lib/delay.o
  CC      lib/math/int_sqrt.o
  COPY    usr/initramfs_inc_data
  AS      usr/initramfs_data.o
  CC      lib/math/reciprocal_div.o
  AR      usr/built-in.a
  CC      fs/notify/inotify/inotify_user.o
  CC      crypto/asymmetric_keys/signature.o
  CC      lib/math/rational.o
  AS      arch/arm/vfp/entry.o
  CC      security/keys/key.o
  AS      arch/arm/vfp/vfphw.o
  AS      arch/arm/lib/div64.o
  CC      block/partitions/cmdline.o
  CC      arch/arm/vfp/vfpsingle.o
  AS      arch/arm/lib/findbit.o
  AS      arch/arm/lib/getuser.o
  AS      arch/arm/lib/io-readsb.o
  AS      arch/arm/lib/io-readsl.o
  CC      crypto/asymmetric_keys/public_key.o
  AS      arch/arm/lib/io-readsw-armv4.o
  AR      lib/math/built-in.a
  CC      lib/crypto/memneq.o
  AS      arch/arm/lib/io-writesb.o
  CC      lib/zlib_inflate/inffast.o
  AS      arch/arm/lib/io-writesl.o
  CC      arch/arm/vfp/vfpdouble.o
  AS      arch/arm/lib/io-writesw-armv4.o
  CC      ipc/msgutil.o
  CC      lib/crypto/utils.o
  AS      arch/arm/lib/lib1funcs.o
  CC      block/partitions/msdos.o
  AR      fs/notify/inotify/built-in.a
  CERT    certs/x509_certificate_list
  CC      drivers/irqchip/irqchip.o
  CERT    certs/signing_key.x509
  AS      certs/system_certificates.o
  AR      fs/notify/fanotify/built-in.a
  CC      fs/notify/fsnotify.o
  AS      arch/arm/lib/lshrdi3.o
  AS      arch/arm/lib/memchr.o
  AR      arch/arm/vfp/built-in.a
  AS      arch/arm/lib/memcpy.o
  AR      certs/built-in.a
  LDS     arch/arm/kernel/vmlinux.lds
  AS      arch/arm/lib/memmove.o
  CC      lib/crypto/chacha.o
  CC      arch/arm/mm/extable.o
  AS      arch/arm/lib/memset.o
  CC      lib/zlib_inflate/inflate.o
  AS      arch/arm/lib/muldi3.o
  CC      arch/arm/mm/fault.o
  CC      arch/arm/kernel/elf.o
  AS      arch/arm/lib/putuser.o
  CC      lib/crypto/aes.o
  ASN.1   crypto/asymmetric_keys/x509.asn1.[ch]
  CC      security/keys/keyring.o
  AS      arch/arm/lib/setbit.o
  CC      ipc/msg.o
  ASN.1   crypto/asymmetric_keys/x509_akid.asn1.[ch]
  CC      crypto/asymmetric_keys/x509_loader.o
  AS      arch/arm/lib/strchr.o
  AS      arch/arm/lib/strrchr.o
  AS      arch/arm/lib/testchangebit.o
  CC      drivers/irqchip/irq-gic.o
  AS      arch/arm/lib/testclearbit.o
  AS      arch/arm/lib/testsetbit.o
  CC      crypto/asymmetric_keys/x509_public_key.o
  AS      arch/arm/kernel/entry-common.o
  AS      arch/arm/lib/ucmpdi2.o
  CC      fs/notify/notification.o
  CC      arch/arm/lib/uaccess_with_memcpy.o
  CC      lib/zlib_inflate/infutil.o
  CC      arch/arm/kernel/irq.o
  CC      block/partitions/efi.o
  CC      lib/crypto/blake2s.o
  CC      lib/zlib_inflate/inftrees.o
  CC      arch/arm/mm/init.o
  ASN.1   crypto/asymmetric_keys/pkcs7.asn1.[ch]
  CC      mm/mempool.o
  CC      crypto/asymmetric_keys/pkcs7_trust.o
  CC      lib/crypto/blake2s-generic.o
  CC      lib/zlib_inflate/inflate_syms.o
  CC      fs/notify/group.o
  AR      arch/arm/lib/lib.a
  AR      arch/arm/lib/built-in.a
  CC      crypto/asymmetric_keys/pkcs7_verify.o
  CC      arch/arm/kernel/opcodes.o
  CC      ipc/sem.o
  CC      arch/arm/common/firmware.o
  AR      lib/zlib_inflate/built-in.a
  CC      kernel/sched/fair.o
  CC      security/keys/keyctl.o
  CC      arch/arm/kernel/process.o
  CC      kernel/locking/mutex.o
  CC      drivers/irqchip/irq-gic-common.o
  CC      crypto/asymmetric_keys/x509.asn1.o
  CC      fs/notify/mark.o
  CC      lib/crypto/sha1.o
  CC      mm/oom_kill.o
  CC      crypto/asymmetric_keys/x509_akid.asn1.o
  AS      arch/arm/common/secure_cntvoff.o
  AR      block/partitions/built-in.a
  CC      block/fops.o
  CC      crypto/asymmetric_keys/x509_cert_parser.o
  AR      drivers/irqchip/built-in.a
  AR      drivers/bus/mhi/host/built-in.a
  AR      drivers/bus/mhi/ep/built-in.a
  AR      drivers/bus/mhi/built-in.a
  CC      drivers/bus/simple-pm-bus.o
  AR      arch/arm/common/built-in.a
  CC      crypto/asymmetric_keys/pkcs7.asn1.o
  CC      lib/crypto/sha256.o
  CC      ipc/shm.o
  CC      mm/fadvise.o
  CC      security/keys/permission.o
  AR      drivers/bus/built-in.a
  CC      arch/arm/mm/iomap.o
  AR      drivers/phy/allwinner/built-in.a
  AR      drivers/phy/amlogic/built-in.a
  CC      arch/arm/kernel/ptrace.o
  AR      lib/crypto/built-in.a
  AR      drivers/phy/broadcom/built-in.a
  AR      drivers/phy/cadence/built-in.a
  CC      lib/zlib_deflate/deflate.o
  AR      drivers/phy/freescale/built-in.a
  AR      drivers/phy/hisilicon/built-in.a
  AR      drivers/phy/ingenic/built-in.a
  AR      drivers/phy/intel/built-in.a
  AR      drivers/phy/lantiq/built-in.a
  AR      drivers/phy/marvell/built-in.a
  CC      crypto/asymmetric_keys/pkcs7_parser.o
  CC      fs/notify/fdinfo.o
  AR      drivers/phy/mediatek/built-in.a
  AR      drivers/phy/microchip/built-in.a
  AR      drivers/phy/motorola/built-in.a
  AR      drivers/phy/mscc/built-in.a
  CC      kernel/locking/semaphore.o
  AR      drivers/phy/qualcomm/built-in.a
  AR      drivers/phy/ralink/built-in.a
  AR      drivers/phy/renesas/built-in.a
  CC      drivers/phy/rockchip/phy-rockchip-inno-dsidphy.o
  CC      security/keys/process_keys.o
  AR      drivers/phy/samsung/built-in.a
  CC      block/bio.o
  CC      mm/maccess.o
  AR      crypto/asymmetric_keys/built-in.a
  CC      crypto/api.o
  CC      security/keys/request_key.o
  AR      fs/notify/built-in.a
  CC      fs/nfs_common/grace.o
  CC      lib/zlib_deflate/deftree.o
  CC      init/do_mounts_initrd.o
  CC      kernel/locking/rwsem.o
  CC      ipc/syscall.o
  CC      arch/arm/mm/dma-mapping.o
  CC      arch/arm/kernel/reboot.o
  CC      fs/iomap/trace.o
  CC      mm/page-writeback.o
  CC      crypto/cipher.o
  CC      ipc/ipc_sysctl.o
  CC      lib/zlib_deflate/deflate_syms.o
  AR      drivers/phy/rockchip/built-in.a
  AR      drivers/phy/socionext/built-in.a
  AR      drivers/phy/st/built-in.a
  AR      drivers/phy/sunplus/built-in.a
  AR      fs/nfs_common/built-in.a
  AR      drivers/phy/tegra/built-in.a
  CC      security/keys/request_key_auth.o
  AR      drivers/phy/ti/built-in.a
  CC      lib/reed_solomon/reed_solomon.o
  AR      drivers/phy/xilinx/built-in.a
  CC      drivers/phy/phy-core.o
  CC      init/initramfs.o
  CC      kernel/power/qos.o
  CC      kernel/locking/percpu-rwsem.o
  CC      crypto/compress.o
  AR      lib/zlib_deflate/built-in.a
  CC      mm/folio-compat.o
  AR      ipc/built-in.a
  CC      kernel/sched/build_policy.o
  CC      arch/arm/kernel/io.o
  AR      drivers/pinctrl/actions/built-in.a
  AR      drivers/pinctrl/bcm/built-in.a
  CC      fs/iomap/iter.o
  AR      drivers/pinctrl/cirrus/built-in.a
  AR      drivers/pinctrl/freescale/built-in.a
  CC      arch/arm/mm/fault-armv.o
  AR      drivers/pinctrl/mediatek/built-in.a
  AR      drivers/pinctrl/mvebu/built-in.a
  CC      crypto/algapi.o
  AR      drivers/pinctrl/nomadik/built-in.a
  AR      drivers/pinctrl/nuvoton/built-in.a
  AR      drivers/pinctrl/sprd/built-in.a
  AR      drivers/pinctrl/sunplus/built-in.a
  AR      drivers/pinctrl/ti/built-in.a
  CC      drivers/pinctrl/core.o
  CC      block/elevator.o
  CC      security/keys/user_defined.o
  CC      kernel/locking/spinlock.o
  CC      arch/arm/kernel/setup.o
  AR      lib/reed_solomon/built-in.a
  CC      lib/lzo/lzo1x_compress.o
  CC      kernel/power/main.o
  CC      arch/arm/mm/flush.o
  CC      init/calibrate.o
  CC      fs/iomap/buffered-io.o
  CC      drivers/phy/phy-core-mipi-dphy.o
  CC      kernel/printk/printk.o
  CC      security/keys/proc.o
  CC      kernel/locking/osq_lock.o
  CC      mm/readahead.o
  CC      init/init_task.o
  CC      lib/lzo/lzo1x_decompress_safe.o
  CC      kernel/locking/rtmutex_api.o
  CC      block/blk-core.o
  CC      arch/arm/mm/idmap.o
  CC      crypto/scatterwalk.o
  CC      arch/arm/kernel/signal.o
  AR      drivers/phy/built-in.a
  AS      arch/arm/kernel/sigreturn_codes.o
  CC      security/keys/sysctl.o
  CC      drivers/pinctrl/pinctrl-utils.o
  CC      kernel/power/console.o
  AR      lib/lzo/built-in.a
  CC      lib/zstd/zstd_compress_module.o
  CC      lib/mpi/generic_mpih-lshift.o
  CC      init/version.o
  CC      arch/arm/mm/ioremap.o
  CC      mm/swap.o
  CC      security/keys/keyctl_pkey.o
  CC      drivers/pinctrl/pinmux.o
  CC      crypto/proc.o
  CC      fs/iomap/direct-io.o
  AR      init/built-in.a
  CC      lib/zstd/compress/fse_compress.o
  AR      fs/quota/built-in.a
  CC      kernel/irq/irqdesc.o
  CC      lib/mpi/generic_mpih-mul1.o
  AR      kernel/locking/built-in.a
  CC      arch/arm/kernel/stacktrace.o
  CC      lib/argv_split.o
  CC      kernel/power/process.o
  CC      crypto/aead.o
  CC      lib/zstd/compress/hist.o
  AR      security/keys/built-in.a
  CC      security/commoncap.o
  CC      arch/arm/mm/mmap.o
  CC      kernel/power/suspend.o
  CC      lib/zstd/compress/huf_compress.o
  CC      drivers/pinctrl/pinconf.o
  CC      lib/mpi/generic_mpih-mul2.o
  CC      block/blk-sysfs.o
  CC      arch/arm/kernel/sys_arm.o
  CC      kernel/printk/printk_safe.o
  CC      kernel/irq/handle.o
  CC      fs/iomap/fiemap.o
  CC      kernel/sched/build_utility.o
  CC      lib/zstd/compress/zstd_compress.o
  CC      arch/arm/mm/pgd.o
  CC      lib/mpi/generic_mpih-mul3.o
  CC      lib/mpi/generic_mpih-rshift.o
  CC      mm/truncate.o
  CC      drivers/pinctrl/pinconf-generic.o
  CC      crypto/geniv.o
  CC      kernel/printk/printk_ringbuffer.o
  CC      kernel/irq/manage.o
  CC      arch/arm/kernel/time.o
  CC      kernel/power/poweroff.o
  CC      lib/mpi/generic_mpih-sub1.o
  CC      security/min_addr.o
  AR      arch/arm/probes/built-in.a
  CC      drivers/gpio/gpiolib.o
  AR      kernel/power/built-in.a
  CC      block/blk-flush.o
  CC      drivers/gpio/gpiolib-devres.o
  CC      arch/arm/mm/mmu.o
  CC      fs/iomap/seek.o
  CC      drivers/pinctrl/devicetree.o
  CC      arch/arm/kernel/traps.o
  CC      kernel/printk/sysctl.o
  CC      mm/vmscan.o
  CC      lib/mpi/generic_mpih-add1.o
  CC      security/device_cgroup.o
  CC      crypto/skcipher.o
  AR      kernel/printk/built-in.a
  CC      fs/iomap/swapfile.o
  CC      lib/zstd/compress/zstd_compress_literals.o
  CC      drivers/pinctrl/pinctrl-rockchip.o
  CC      lib/zstd/compress/zstd_compress_sequences.o
  AR      arch/arm/net/built-in.a
  CC      kernel/irq/spurious.o
  CC      block/blk-settings.o
  CC      arch/arm/mm/pageattr.o
  CC      lib/mpi/ec.o
  CC      sound/core/sound.o
  CC      arch/arm/kernel/atags_parse.o
  AR      sound/i2c/other/built-in.a
  AR      sound/i2c/built-in.a
  CC      lib/mpi/mpicoder.o
  CC      lib/zstd/compress/zstd_compress_superblock.o
  AR      security/built-in.a
  AR      fs/iomap/built-in.a
  CC      sound/core/init.o
  CC      kernel/irq/resend.o
  CC      arch/arm/mm/proc-syms.o
  CC      fs/proc/task_mmu.o
  CC      lib/zstd/compress/zstd_double_fast.o
  AS      arch/arm/kernel/entry-armv.o
  AR      kernel/sched/built-in.a
  CC      fs/proc/inode.o
  CC      arch/arm/kernel/bugs.o
  CC      crypto/ahash.o
  CC      block/blk-ioc.o
  CC      kernel/irq/chip.o
  CC      crypto/shash.o
  CC      drivers/pwm/core.o
  CC      lib/mpi/mpi-add.o
  CC      drivers/gpio/gpiolib-legacy.o
  CC      arch/arm/mm/alignment.o
  CC      arch/arm/kernel/cpuidle.o
  AR      drivers/pinctrl/built-in.a
  CC      fs/kernfs/mount.o
  CC      sound/core/memory.o
  CC      arch/arm/kernel/armksyms.o
  CC      arch/arm/kernel/module.o
  CC      drivers/gpio/gpiolib-of.o
  CC      lib/mpi/mpi-bit.o
  CC      mm/shmem.o
  CC      lib/zstd/compress/zstd_fast.o
  CC      sound/core/control.o
  AS      arch/arm/mm/abort-ev7.o
  CC      crypto/akcipher.o
  CC      kernel/irq/dummychip.o
  CC      fs/kernfs/inode.o
  CC      drivers/pwm/sysfs.o
  AS      arch/arm/mm/pabort-v7.o
  CC      fs/proc/root.o
  CC      block/blk-map.o
  AS      arch/arm/mm/cache-v7.o
  CC      arch/arm/mm/copypage-v6.o
  CC      block/blk-merge.o
  CC      lib/mpi/mpi-cmp.o
  CC      arch/arm/kernel/module-plts.o
  CC      kernel/irq/devres.o
  CC      drivers/gpio/gpiolib-cdev.o
  CC      drivers/pwm/pwm-rockchip.o
  CC      crypto/kpp.o
  CC      fs/proc/base.o
  CC      fs/kernfs/dir.o
  CC      arch/arm/mm/context.o
  CC      lib/mpi/mpi-sub-ui.o
  AS      arch/arm/kernel/sleep.o
  CC      kernel/irq/generic-chip.o
  ASN.1   crypto/rsapubkey.asn1.[ch]
  AR      sound/drivers/opl3/built-in.a
  AR      sound/drivers/opl4/built-in.a
  AR      sound/drivers/mpu401/built-in.a
  CC      arch/arm/kernel/suspend.o
  AR      sound/drivers/vx/built-in.a
  AR      sound/drivers/pcsp/built-in.a
  AR      sound/drivers/built-in.a
  CC      net/core/sock.o
  AR      virt/lib/built-in.a
  AR      virt/built-in.a
  CC      lib/mpi/mpi-div.o
  CC      sound/core/misc.o
  CC      lib/zstd/compress/zstd_lazy.o
  ASN.1   crypto/rsaprivkey.asn1.[ch]
  CC      crypto/rsa.o
  AS      arch/arm/mm/tlb-v7.o
  CC      net/core/request_sock.o
  AS      arch/arm/mm/proc-v7.o
  CC      block/blk-timeout.o
  CC      arch/arm/mm/proc-v7-bugs.o
  CC      kernel/irq/autoprobe.o
  CC      arch/arm/kernel/smp.o
  CC      lib/mpi/mpi-inv.o
  CC      fs/kernfs/file.o
  CC      sound/core/device.o
  AR      arch/arm/mm/built-in.a
  CC      kernel/rcu/update.o
  CC      mm/util.o
  CC      crypto/rsa_helper.o
  CC      drivers/gpio/gpiolib-sysfs.o
  AR      drivers/pwm/built-in.a
  CC      mm/mmzone.o
  CC      kernel/irq/irqdomain.o
  CC      crypto/rsa-pkcs1pad.o
  CC      sound/core/info.o
  CC      lib/mpi/mpi-mod.o
  CC      block/blk-lib.o
  CC      fs/proc/generic.o
  CC      lib/mpi/mpi-mul.o
  CC      arch/arm/kernel/smp_tlb.o
  CC      fs/kernfs/symlink.o
  AR      sound/isa/ad1816a/built-in.a
  AR      sound/isa/ad1848/built-in.a
  AR      sound/isa/cs423x/built-in.a
  CC      kernel/rcu/sync.o
  AR      sound/isa/es1688/built-in.a
  AR      sound/isa/galaxy/built-in.a
  AR      sound/isa/gus/built-in.a
  AR      sound/isa/msnd/built-in.a
  AR      sound/isa/opti9xx/built-in.a
  AR      sound/isa/sb/built-in.a
  AR      sound/isa/wavefront/built-in.a
  AR      sound/isa/wss/built-in.a
  AR      sound/isa/built-in.a
  CC      drivers/gpio/gpio-rockchip.o
  CC      arch/arm/kernel/smp_scu.o
  AR      arch/arm/crypto/built-in.a
  CC      arch/arm/kernel/arch_timer.o
  CC      mm/vmstat.o
  CC      kernel/rcu/srcutree.o
  CC      lib/mpi/mpih-cmp.o
  CC      block/blk-mq.o
  AR      fs/kernfs/built-in.a
  CC      crypto/acompress.o
  CC      lib/mpi/mpih-div.o
  CC      sound/core/ctljack.o
  CC      fs/proc/array.o
  CC      kernel/irq/proc.o
  CC      kernel/irq/cpuhotplug.o
  CC      block/blk-mq-tag.o
  CC      arch/arm/kernel/jump_label.o
  CC      arch/arm/kernel/insn.o
  AR      drivers/gpio/built-in.a
  AR      drivers/pci/controller/dwc/built-in.a
  AR      drivers/pci/controller/mobiveil/built-in.a
  AR      drivers/pci/controller/built-in.a
  CC      fs/proc/fd.o
  AR      drivers/pci/switch/built-in.a
  CC      drivers/pci/of.o
  CC      arch/arm/kernel/patch.o
  CC      sound/core/jack.o
  CC      lib/mpi/mpih-mul.o
  CC      crypto/scompress.o
  CC      crypto/algboss.o
  CC      kernel/irq/pm.o
  CC      kernel/rcu/tree.o
  CC      net/core/skbuff.o
  CC      lib/zstd/compress/zstd_ldm.o
  CC      mm/backing-dev.o
  CC      arch/arm/kernel/unwind.o
  CC      kernel/rcu/rcu_segcblist.o
  CC      fs/proc/proc_tty.o
  CC      sound/core/timer.o
  AR      drivers/pci/built-in.a
  CC      drivers/video/console/dummycon.o
  CC      net/llc/llc_core.o
  CC      lib/zstd/compress/zstd_opt.o
  CC      lib/mpi/mpi-pow.o
  CC      kernel/irq/ipi.o
  CC      drivers/video/backlight/backlight.o
  CC      arch/arm/kernel/devtree.o
  CC      crypto/testmgr.o
  CC      fs/proc/cmdline.o
  AR      drivers/video/console/built-in.a
  CC      fs/sysfs/file.o
  CC      drivers/video/rockchip/rga3/rga_drv.o
  CC      mm/mm_init.o
  CC      kernel/irq/affinity.o
  CC      lib/mpi/mpiutil.o
  CC      net/llc/llc_input.o
  CC      lib/zstd/zstd_decompress_module.o
  CC      fs/proc/consoles.o
  CC      crypto/cmac.o
  CC      arch/arm/kernel/swp_emulate.o
  CC      fs/sysfs/dir.o
  CC      drivers/video/backlight/pwm_bl.o
  CC      lib/zstd/decompress/huf_decompress.o
  AR      kernel/irq/built-in.a
  CC      block/blk-stat.o
  CC      drivers/video/fbdev/core/fb_cmdline.o
  CC      sound/core/pcm.o
  CC      mm/percpu.o
  CC      fs/proc/cpuinfo.o
  AR      lib/mpi/built-in.a
  CC      crypto/hmac.o
  CC      crypto/crypto_null.o
  CC      fs/sysfs/symlink.o
  CC      arch/arm/kernel/topology.o
  CC      net/llc/llc_output.o
  CC      fs/proc/devices.o
  CC      drivers/video/aperture.o
  CC      drivers/video/rockchip/rga3/rga_common.o
  CC      drivers/video/fbdev/core/fb_notify.o
  CC      block/blk-mq-sysfs.o
  CC      crypto/sha256_generic.o
  CC      lib/zstd/decompress/zstd_ddict.o
  AR      drivers/video/backlight/built-in.a
  AS      arch/arm/kernel/head.o
  AR      drivers/video/fbdev/omap/built-in.a
  CC      net/ethernet/eth.o
  CC      lib/zstd/decompress/zstd_decompress.o
  CC      sound/core/pcm_native.o
  CC      fs/sysfs/mount.o
  AS      arch/arm/kernel/phys2virt.o
  CC      fs/proc/interrupts.o
  AR      net/llc/built-in.a
  CC      block/blk-mq-cpumap.o
  AS      arch/arm/kernel/hyp-stub.o
  AR      kernel/rcu/built-in.a
  AR      kernel/livepatch/built-in.a
  CC      kernel/dma/mapping.o
  CC      drivers/video/fbdev/core/fbmem.o
  CC      crypto/sha512_generic.o
  CC      arch/arm/kernel/psci_smp.o
  CC      drivers/video/rockchip/rga3/rga3_reg_info.o
  CC      fs/proc/loadavg.o
  CC      mm/slab_common.o
  CC      kernel/dma/direct.o
  CC      net/core/datagram.o
  CC      fs/sysfs/group.o
  AS      arch/arm/kernel/smccc-call.o
  CC      lib/buildid.o
  CC      lib/zstd/decompress/zstd_decompress_block.o
  CC      arch/arm/kernel/spectre.o
  CC      block/blk-mq-sched.o
  CC      fs/proc/meminfo.o
  CC      crypto/gf128mul.o
  CC      lib/clz_tab.o
  CC      net/802/p8022.o
  AR      fs/sysfs/built-in.a
  CC      drivers/video/fbdev/core/fbmon.o
  CC      kernel/dma/ops_helpers.o
  CC      mm/compaction.o
  AR      arch/arm/kernel/built-in.a
  CC      lib/zstd/common/debug.o
  AR      arch/arm/built-in.a
  CC      lib/zstd/common/entropy_common.o
  CC      sound/core/pcm_lib.o
  AR      net/ethernet/built-in.a
  CC      mm/interval_tree.o
  CC      sound/core/pcm_misc.o
  CC      fs/proc/stat.o
  CC      crypto/ecb.o
  CC      sound/core/pcm_memory.o
  CC      block/ioctl.o
  CC      drivers/video/rockchip/rga3/rga_iommu.o
  CC      lib/zstd/common/error_private.o
  CC      fs/devpts/inode.o
  CC      kernel/dma/dummy.o
  CC      lib/zstd/common/fse_decompress.o
  CC      net/core/stream.o
  CC      crypto/ctr.o
  CC      net/802/psnap.o
  CC      drivers/video/fbdev/core/fbcmap.o
  CC      net/802/stp.o
  CC      fs/proc/uptime.o
  CC      lib/zstd/common/zstd_common.o
  CC      drivers/video/fbdev/core/fbsysfs.o
  CC      drivers/video/fbdev/core/modedb.o
  CC      kernel/dma/contiguous.o
  CC      crypto/gcm.o
  AR      fs/devpts/built-in.a
  AR      lib/zstd/built-in.a
  CC      drivers/video/rockchip/rga3/rga_dma_buf.o
  CC      lib/cmdline.o
  CC      fs/proc/util.o
  AR      sound/pci/ac97/built-in.a
  AR      sound/pci/ali5451/built-in.a
  AR      sound/pci/asihpi/built-in.a
  AR      sound/pci/au88x0/built-in.a
  AR      sound/pci/aw2/built-in.a
  AR      sound/pci/ctxfi/built-in.a
  AR      sound/pci/ca0106/built-in.a
  CC      block/genhd.o
  AR      sound/pci/cs46xx/built-in.a
  CC      lib/cpumask.o
  AR      sound/pci/cs5535audio/built-in.a
  AR      sound/pci/lola/built-in.a
  AR      drivers/idle/built-in.a
  CC      net/core/scm.o
  AR      sound/pci/lx6464es/built-in.a
  AR      sound/pci/echoaudio/built-in.a
  CC      sound/core/memalloc.o
  CC      crypto/ccm.o
  AR      sound/pci/emu10k1/built-in.a
  AR      sound/pci/hda/built-in.a
  CC      crypto/aes_generic.o
  AR      sound/pci/ice1712/built-in.a
  AR      sound/pci/korg1212/built-in.a
  AR      sound/pci/mixart/built-in.a
  AR      sound/pci/nm256/built-in.a
  AR      sound/pci/oxygen/built-in.a
  AR      sound/pci/pcxhr/built-in.a
  AR      sound/pci/riptide/built-in.a
  CC      mm/list_lru.o
  AR      net/802/built-in.a
  AR      sound/pci/rme9652/built-in.a
  CC      lib/ctype.o
  AR      kernel/entry/built-in.a
  CC      fs/proc/version.o
  AR      sound/pci/trident/built-in.a
  AR      sound/pci/ymfpci/built-in.a
  CC      kernel/dma/coherent.o
  AR      sound/pci/vx222/built-in.a
  AR      sound/pci/built-in.a
  CC      fs/ext4/balloc.o
  CC      fs/ext4/bitmap.o
  CC      sound/core/pcm_timer.o
  CC      drivers/video/fbdev/core/fbcvt.o
  CC      lib/dec_and_lock.o
  CC      fs/proc/softirqs.o
  CC      lib/decompress.o
  CC      drivers/video/rockchip/rga3/rga_job.o
  CC      crypto/deflate.o
  CC      lib/decompress_inflate.o
  CC      fs/ext4/block_validity.o
  CC      mm/workingset.o
  CC      sound/core/pcm_iec958.o
  CC      net/sched/sch_generic.o
  CC      kernel/dma/remap.o
  CC      net/sched/sch_mq.o
  CC      net/sched/sch_frag.o
  CC      net/core/gen_stats.o
  CC      block/ioprio.o
  CC      drivers/video/fbdev/core/fb_defio.o
  CC      fs/proc/namespaces.o
  CC      lib/dump_stack.o
  CC      crypto/crc32c_generic.o
  CC      sound/core/pcm_dmaengine.o
  AR      kernel/dma/built-in.a
  CC      kernel/module/main.o
  CC      mm/debug.o
  CC      kernel/time/time.o
  CC      fs/ext4/dir.o
  CC      crypto/lzo.o
  CC      lib/earlycpio.o
  CC      fs/proc/self.o
  CC      block/badblocks.o
  CC      drivers/video/rockchip/rga3/rga_hw_config.o
  CC      kernel/time/timer.o
  CC      drivers/video/fbdev/core/cfbfillrect.o
  CC      lib/extable.o
  CC      net/core/gen_estimator.o
  CC      lib/fdt.o
  CC      mm/gup.o
  AR      sound/core/built-in.a
  CC      crypto/lzo-rle.o
  AR      sound/ppc/built-in.a
  AR      sound/arm/built-in.a
  CC      fs/proc/thread_self.o
  AR      sound/sh/built-in.a
  CC      fs/ext4/ext4_jbd2.o
  AR      sound/synth/built-in.a
  AR      sound/usb/misc/built-in.a
  CC      net/netlink/af_netlink.o
  AR      sound/usb/usx2y/built-in.a
  AR      sound/usb/caiaq/built-in.a
  CC      lib/fdt_addresses.o
  AR      sound/usb/6fire/built-in.a
  AR      sound/usb/hiface/built-in.a
  AR      sound/usb/bcd2000/built-in.a
  AR      sound/usb/built-in.a
  CC      block/blk-rq-qos.o
  AR      sound/firewire/built-in.a
  AR      sound/sparc/built-in.a
  AR      sound/spi/built-in.a
  CC      lib/fdt_empty_tree.o
  AR      sound/parisc/built-in.a
  AR      net/sched/built-in.a
  AR      sound/pcmcia/vx/built-in.a
  AR      sound/mips/built-in.a
  AR      sound/pcmcia/pdaudiocf/built-in.a
  CC      kernel/futex/core.o
  AR      sound/pcmcia/built-in.a
  CC      lib/fdt_ro.o
  CC      lib/fdt_rw.o
  CC      sound/soc/codecs/dummy-codec.o
  CC      drivers/video/rockchip/rga3/rga2_reg_info.o
  CC      crypto/rng.o
  CC      fs/proc/proc_sysctl.o
  CC      kernel/time/hrtimer.o
  CC      drivers/video/fbdev/core/cfbcopyarea.o
  CC      net/core/net_namespace.o
  CC      lib/fdt_strerror.o
  CC      fs/ext2/balloc.o
  CC      lib/fdt_sw.o
  CC      fs/ext4/extents.o
  CC      kernel/module/strict_rwx.o
  CC      lib/fdt_wip.o
  CC      sound/soc/codecs/es7202.o
  CC      block/disk-events.o
  CC      lib/flex_proportions.o
  CC      mm/mmap_lock.o
  CC      kernel/futex/syscalls.o
  CC      crypto/drbg.o
  CC      kernel/module/kallsyms.o
  CC      lib/idr.o
  CC      drivers/video/fbdev/core/cfbimgblt.o
  CC      kernel/time/timekeeping.o
  CC      block/blk-ia-ranges.o
  CC      net/core/secure_seq.o
  CC      sound/soc/codecs/es8323.o
  CC      fs/ext2/dir.o
  CC      kernel/futex/pi.o
  CC      mm/highmem.o
  CC      lib/irq_regs.o
  CC      drivers/video/rockchip/rga3/rga_policy.o
  CC      fs/proc/proc_net.o
  CC      crypto/jitterentropy.o
  CC      crypto/jitterentropy-kcapi.o
  CC      kernel/module/procfs.o
  CC      lib/is_single_threaded.o
  CC      drivers/video/fbdev/core/sysfillrect.o
  CC      net/netlink/genetlink.o
  CC      kernel/futex/requeue.o
  CC      crypto/ghash-generic.o
  CC      mm/memory.o
  CC      lib/klist.o
  CC      block/mq-deadline.o
  CC      kernel/module/sysfs.o
  CC      fs/proc/kmsg.o
  CC      sound/soc/codecs/rk3506_codec.o
  CC      fs/ext2/file.o
  CC      drivers/video/rockchip/rga3/rga_mm.o
  CC      lib/kobject.o
  CC      kernel/futex/waitwake.o
  CC      crypto/zstd.o
  CC      fs/proc/page.o
  AR      kernel/module/built-in.a
  CC      sound/soc/codecs/rk730.o
  CC      net/core/flow_dissector.o
  CC      drivers/video/fbdev/core/syscopyarea.o
  CC      kernel/time/ntp.o
  CC      drivers/video/fbdev/core/sysimgblt.o
  CC      fs/ext4/extents_status.o
  CC      fs/ext2/ialloc.o
  CC      block/kyber-iosched.o
  CC      lib/kobject_uevent.o
  AR      kernel/futex/built-in.a
  CC      lib/logic_pio.o
  CC      net/netlink/policy.o
  CC      crypto/ecc.o
  AR      fs/proc/built-in.a
  CC      net/core/sysctl_net_core.o
  CC      sound/soc/codecs/rk_dsm.o
  CC      net/core/dev.o
  CC      drivers/video/fbdev/core/fb_sys_fops.o
  AR      drivers/video/fbdev/omap2/omapfb/dss/built-in.a
  AR      drivers/video/fbdev/omap2/omapfb/displays/built-in.a
  CC      fs/ext2/inode.o
  AR      drivers/video/fbdev/omap2/omapfb/built-in.a
  AR      drivers/video/fbdev/omap2/built-in.a
  CC      kernel/time/clocksource.o
  CC      net/core/dev_addr_lists.o
  CC      drivers/video/rockchip/rga3/rga_fence.o
  AR      net/netlink/built-in.a
  CC      kernel/time/jiffies.o
  CC      fs/ext4/file.o
  CC      lib/maple_tree.o
  CC      crypto/ecdh.o
  CC      block/bfq-iosched.o
  CC      block/bfq-wf2q.o
  CC      kernel/time/timer_list.o
  AR      drivers/video/fbdev/core/built-in.a
  CC      drivers/video/fbdev/simplefb.o
  CC      mm/mincore.o
  CC      mm/mlock.o
  AR      sound/soc/codecs/built-in.a
  CC      sound/soc/generic/simple-card-utils.o
  CC      drivers/video/rockchip/rga3/rga_debugger.o
  CC      fs/ext2/ioctl.o
  CC      crypto/ecdh_helper.o
  CC      mm/mmap.o
  CC      block/bfq-cgroup.o
  CC      kernel/time/timeconv.o
  CC      sound/soc/generic/simple-card.o
  CC      fs/ext4/fsmap.o
  CC      crypto/hash_info.o
  CC      crypto/rsapubkey.asn1.o
  AR      drivers/video/fbdev/built-in.a
  CC      lib/memcat_p.o
  CC      fs/ext2/namei.o
  CC      crypto/rsaprivkey.asn1.o
  AR      net/bpf/built-in.a
  CC      net/core/dst.o
  AR      crypto/built-in.a
  CC      kernel/cgroup/cgroup.o
  CC      kernel/time/timecounter.o
  CC      kernel/cgroup/rstat.o
  CC      kernel/time/alarmtimer.o
  AR      sound/soc/apple/built-in.a
  CC      kernel/cgroup/namespace.o
  CC      kernel/cgroup/cgroup-v1.o
  CC      fs/jbd2/transaction.o
  AR      sound/soc/generic/built-in.a
  AR      sound/soc/adi/built-in.a
  AR      drivers/video/rockchip/rga3/built-in.a
  AR      drivers/video/rockchip/built-in.a
  AR      sound/soc/amd/built-in.a
  CC      drivers/video/hdmi.o
  AR      sound/soc/atmel/built-in.a
  AR      sound/soc/au1x/built-in.a
  AR      sound/soc/bcm/built-in.a
  AR      sound/soc/cirrus/built-in.a
  AR      sound/soc/dwc/built-in.a
  AR      sound/soc/fsl/built-in.a
  CC      fs/ext2/super.o
  AR      sound/soc/hisilicon/built-in.a
  AR      sound/soc/jz4740/built-in.a
  AR      sound/soc/img/built-in.a
  AR      sound/soc/intel/common/built-in.a
  AR      sound/soc/intel/boards/built-in.a
  AR      sound/soc/intel/built-in.a
  AR      sound/soc/mediatek/built-in.a
  CC      fs/ext4/fsync.o
  AR      sound/soc/meson/built-in.a
  CC      lib/nmi_backtrace.o
  AR      sound/soc/mxs/built-in.a
  AR      sound/soc/kirkwood/built-in.a
  AR      sound/soc/pxa/built-in.a
  CC      fs/squashfs/block.o
  AR      sound/soc/qcom/built-in.a
  CC      sound/soc/rockchip/rockchip_utils.o
  CC      mm/mmu_gather.o
  CC      drivers/video/display_timing.o
  CC      block/blk-mq-debugfs.o
  AR      sound/soc/samsung/built-in.a
  CC      kernel/cgroup/freezer.o
  AR      sound/soc/sh/built-in.a
  CC      lib/plist.o
  CC      kernel/time/posix-timers.o
  CC      kernel/trace/trace_clock.o
  CC      kernel/time/posix-cpu-timers.o
  CC      fs/ext4/hash.o
  CC      lib/radix-tree.o
  CC      fs/ext2/symlink.o
  CC      sound/soc/rockchip/rockchip_asrc.o
  CC      fs/squashfs/cache.o
  CC      drivers/video/videomode.o
  AR      kernel/trace/built-in.a
  CC      drivers/video/of_display_timing.o
  CC      fs/jbd2/commit.o
  AR      sound/atmel/built-in.a
  CC      mm/mprotect.o
  CC      sound/soc/rockchip/rockchip_dlp.o
  AR      drivers/char/ipmi/built-in.a
  CC      lib/ratelimit.o
  CC      fs/ext2/xattr.o
  CC      block/blk-pm.o
  CC      fs/squashfs/dir.o
  CC      fs/ext4/ialloc.o
  CC      fs/squashfs/export.o
  CC      mm/mremap.o
  CC      lib/rbtree.o
  CC      drivers/video/of_videomode.o
  AR      kernel/cgroup/built-in.a
  CC      kernel/time/posix-clock.o
  CC      net/core/netevent.o
  CC      net/core/neighbour.o
  CC      lib/seq_buf.o
  AR      drivers/video/built-in.a
  CC      mm/msync.o
  CC      drivers/amba/bus.o
  CC      fs/squashfs/file.o
  AR      block/built-in.a
  AR      drivers/clk/actions/built-in.a
  AR      drivers/clk/analogbits/built-in.a
  CC      net/ethtool/ioctl.o
  AR      drivers/clk/bcm/built-in.a
  AR      drivers/clk/imgtec/built-in.a
  AR      drivers/clk/imx/built-in.a
  AR      drivers/clk/ingenic/built-in.a
  AR      drivers/clk/mediatek/built-in.a
  AR      drivers/clk/microchip/built-in.a
  CC      fs/jbd2/recovery.o
  AR      drivers/clk/mstar/built-in.a
  AR      drivers/clk/mvebu/built-in.a
  CC      net/ethtool/common.o
  CC      fs/ext2/xattr_user.o
  AR      drivers/clk/ralink/built-in.a
  AR      drivers/clk/renesas/built-in.a
  CC      drivers/clk/rockchip/clk.o
  AR      drivers/clk/socfpga/built-in.a
  CC      sound/soc/rockchip/rockchip_multi_dais.o
  AR      drivers/dma/idxd/built-in.a
  CC      kernel/time/itimer.o
  CC      fs/jbd2/checkpoint.o
  AR      drivers/dma/mediatek/built-in.a
  AR      drivers/dma/qcom/built-in.a
  AR      drivers/dma/ti/built-in.a
  AR      drivers/dma/xilinx/built-in.a
  CC      drivers/dma/dmaengine.o
  CC      lib/show_mem.o
  CC      mm/page_vma_mapped.o
  CC      fs/ext4/indirect.o
  CC      fs/squashfs/fragment.o
  CC      fs/ext2/xattr_trusted.o
  AR      drivers/amba/built-in.a
  AR      drivers/soc/apple/built-in.a
  CC      drivers/clk/rockchip/clk-pll.o
  AR      drivers/soc/aspeed/built-in.a
  CC      lib/siphash.o
  AR      drivers/soc/bcm/bcm63xx/built-in.a
  AR      drivers/soc/bcm/built-in.a
  AR      drivers/soc/fsl/built-in.a
  AR      drivers/soc/fujitsu/built-in.a
  CC      kernel/time/clockevents.o
  AR      drivers/soc/imx/built-in.a
  AR      drivers/virtio/built-in.a
  CC      lib/string.o
  AR      drivers/soc/ixp4xx/built-in.a
  AR      drivers/soc/mediatek/built-in.a
  CC      fs/jbd2/revoke.o
  AR      drivers/soc/microchip/built-in.a
  CC      fs/jbd2/journal.o
  AR      drivers/soc/pxa/built-in.a
  CC      fs/squashfs/id.o
  AR      drivers/soc/amlogic/built-in.a
  CC      sound/soc/rockchip/rockchip_multi_dais_pcm.o
  AR      drivers/soc/qcom/built-in.a
  AR      drivers/soc/renesas/built-in.a
  CC      drivers/soc/rockchip/fiq_debugger/fiq_debugger.o
  CC      fs/ext2/acl.o
  CC      mm/pagewalk.o
  CC      sound/soc/rockchip/rockchip_pdm_v2.o
  CC      lib/timerqueue.o
  CC      drivers/dma/of-dma.o
  CC      drivers/clk/rockchip/clk-cpu.o
  CC      fs/squashfs/inode.o
  CC      kernel/time/tick-common.o
  CC      fs/ext4/inline.o
  CC      lib/vsprintf.o
  AR      sound/hda/built-in.a
  CC      mm/pgtable-generic.o
  CC      fs/ext2/xattr_security.o
  CC      net/ethtool/netlink.o
  CC      fs/ext4/inode.o
  CC      fs/ext4/ioctl.o
  CC      drivers/clk/rockchip/clk-half-divider.o
  CC      fs/squashfs/namei.o
  AR      fs/ext2/built-in.a
  CC      mm/rmap.o
  CC      mm/vmalloc.o
  CC      drivers/dma/pl330.o
  CC      net/core/rtnetlink.o
  CC      sound/soc/rockchip/rockchip_sai.o
  CC      kernel/time/tick-broadcast.o
  AR      fs/jbd2/built-in.a
  CC      net/core/utils.o
  CC      drivers/clk/rockchip/clk-mmc-phase.o
  CC      lib/win_minmax.o
  CC      drivers/soc/rockchip/fiq_debugger/rk_fiq_debugger.o
  CC      fs/squashfs/super.o
  CC      net/ethtool/bitset.o
  CC      kernel/time/tick-broadcast-hrtimer.o
  AR      sound/x86/built-in.a
  CC      kernel/time/sched_clock.o
  CC      drivers/clk/rockchip/clk-muxgrf.o
  CC      lib/xarray.o
  CC      net/ethtool/strset.o
  CC      kernel/time/tick-oneshot.o
  CC      drivers/soc/rockchip/rockchip-cpuinfo.o
  CC      fs/squashfs/symlink.o
  CC      mm/process_vm_access.o
  AR      drivers/soc/rockchip/fiq_debugger/built-in.a
  CC      lib/lockref.o
  CC      sound/soc/rockchip/rockchip_spdif.o
  CC      drivers/clk/rockchip/clk-fractional-divider-v2.o
  CC      kernel/bpf/core.o
  CC      kernel/time/tick-sched.o
  CC      drivers/soc/rockchip/rockchip_opp_select.o
  CC      net/ethtool/linkinfo.o
  CC      fs/ext4/mballoc.o
  CC      fs/squashfs/decompressor.o
  AR      drivers/dma/built-in.a
  AR      sound/xen/built-in.a
  AR      sound/soc/sof/built-in.a
  CC      sound/soc/rockchip/rockchip_spdifrx.o
  CC      drivers/clk/rockchip/softrst.o
  CC      lib/bcd.o
  CC      net/ipv4/route.o
  CC      mm/page_alloc.o
  CC      lib/sort.o
  CC      lib/parser.o
  CC      kernel/fork.o
  CC      net/ipv4/inetpeer.o
  CC      drivers/clk/rockchip/clk-out.o
  CC      kernel/time/timekeeping_debug.o
  CC      fs/squashfs/page_actor.o
  CC      lib/debug_locks.o
  CC      net/ethtool/linkmodes.o
  CC      lib/random32.o
  CC      sound/soc/rockchip/rockchip_multicodecs.o
  CC      drivers/clk/rockchip/clk-pvtpll.o
  CC      net/ipv4/protocol.o
  AR      kernel/time/built-in.a
  CC      lib/bust_spinlocks.o
  CC      net/unix/af_unix.o
  CC      fs/squashfs/file_cache.o
  CC      net/core/link_watch.o
  CC      drivers/soc/rockchip/rockchip_pm_config.o
  CC      net/unix/garbage.o
  AR      kernel/bpf/built-in.a
  CC      mm/init-mm.o
  CC      drivers/clk/rockchip/clk-rk3506.o
  CC      lib/kasprintf.o
  CC      fs/squashfs/decompressor_multi.o
  CC      net/ethtool/linkstate.o
  CC      net/ethtool/debug.o
  AR      sound/soc/rockchip/built-in.a
  AR      sound/soc/spear/built-in.a
  CC      kernel/exec_domain.o
  AR      sound/soc/sprd/built-in.a
  AR      sound/soc/sti/built-in.a
  CC      lib/bitmap.o
  AR      sound/soc/stm/built-in.a
  AR      sound/soc/sunxi/built-in.a
  AR      sound/soc/tegra/built-in.a
  AR      sound/soc/ti/built-in.a
  AR      drivers/clk/rockchip/built-in.a
  AR      sound/soc/uniphier/built-in.a
  AR      sound/soc/ux500/built-in.a
  AR      drivers/clk/sprd/built-in.a
  AR      sound/soc/xilinx/built-in.a
  AR      drivers/clk/sunxi-ng/built-in.a
  AR      drivers/clk/ti/built-in.a
  AR      sound/soc/xtensa/built-in.a
  CC      sound/soc/soc-core.o
  AR      drivers/clk/versatile/built-in.a
  AR      drivers/clk/xilinx/built-in.a
  CC      drivers/clk/clk-devres.o
  CC      drivers/soc/rockchip/rockchip_system_monitor.o
  CC      net/unix/sysctl_net_unix.o
  CC      fs/squashfs/zstd_wrapper.o
  CC      net/core/filter.o
  AR      sound/virtio/built-in.a
  CC      sound/soc/soc-dapm.o
  AR      drivers/soc/sunxi/built-in.a
  CC      net/ipv6/addrconf_core.o
  CC      fs/ext4/migrate.o
  CC      kernel/panic.o
  CC      drivers/clk/clk-bulk.o
  CC      net/ethtool/wol.o
  CC      net/ipv4/ip_input.o
  CC      lib/scatterlist.o
  AR      fs/squashfs/built-in.a
  CC      drivers/clk/clkdev.o
  CC      net/ipv6/exthdrs_core.o
  CC      mm/memblock.o
  CC      mm/madvise.o
  CC      net/unix/scm.o
  CC      mm/page_io.o
  CC      kernel/cpu.o
  CC      fs/ext4/mmp.o
  CC      drivers/soc/rockchip/rockchip_debug.o
  CC      drivers/clk/clk.o
  CC      net/ethtool/features.o
  CC      lib/list_sort.o
  CC      net/core/sock_diag.o
  CC      lib/uuid.o
  CC      net/ipv6/ip6_checksum.o
  CC      net/ipv4/ip_fragment.o
  CC      lib/iov_iter.o
  AR      drivers/soc/rockchip/built-in.a
  AR      drivers/soc/ti/built-in.a
  AR      drivers/soc/xilinx/built-in.a
  AR      drivers/soc/built-in.a
  CC      kernel/exit.o
  CC      sound/soc/soc-jack.o
  AR      net/unix/built-in.a
  CC      net/ethtool/privflags.o
  CC      net/ipv6/ip6_icmp.o
  CC      net/ethtool/rings.o
  CC      fs/ext4/move_extent.o
  CC      mm/swap_state.o
  CC      mm/swapfile.o
  CC      net/packet/af_packet.o
  CC      drivers/regulator/core.o
  AR      drivers/reset/hisilicon/built-in.a
  CC      drivers/reset/core.o
  CC      net/ipv6/output_core.o
  CC      sound/soc/soc-utils.o
  CC      sound/sound_core.o
  CC      net/ipv4/ip_forward.o
  CC      net/ethtool/channels.o
  CC      drivers/clk/clk-divider.o
  CC      fs/ext4/namei.o
  CC      sound/last.o
  CC      kernel/softirq.o
  CC      lib/clz_ctz.o
  CC      lib/bsearch.o
  CC      drivers/clk/clk-fixed-factor.o
  AR      drivers/reset/built-in.a
  CC      sound/soc/soc-dai.o
  CC      lib/find_bit.o
  CC      drivers/tty/vt/vt_ioctl.o
  CC      drivers/tty/vt/vc_screen.o
  CC      net/ipv4/ip_options.o
  CC      lib/llist.o
  CC      drivers/clk/clk-fixed-rate.o
  CC      net/ipv6/protocol.o
  CC      net/ethtool/coalesce.o
  CC      fs/ext4/page-io.o
  CC      mm/swap_slots.o
  CC      lib/memweight.o
  CC      drivers/regulator/dummy.o
  CC      kernel/resource.o
  CC      lib/kfifo.o
  CC      net/ipv4/ip_output.o
  CC      net/core/dev_ioctl.o
  CC      sound/soc/soc-component.o
  CC      drivers/clk/clk-gate.o
  CC      mm/dmapool.o
  CC      net/ipv6/ip6_offload.o
  CC      net/ethtool/pause.o
  CC      net/ipv6/tcpv6_offload.o
  CC      fs/ext4/readpage.o
  CC      mm/ksm.o
  CC      drivers/tty/vt/selection.o
  CC      drivers/regulator/fixed-helper.o
  CC      drivers/clk/clk-multiplier.o
  CC      lib/percpu-refcount.o
  CC      kernel/sysctl.o
  CC      lib/rhashtable.o
  CC      drivers/clk/clk-mux.o
  CC      sound/soc/soc-pcm.o
  CC      drivers/tty/vt/keyboard.o
  CC      net/ethtool/eee.o
  CC      fs/ext4/resize.o
  CC      net/core/tso.o
  CC      drivers/regulator/helpers.o
  CC      lib/base64.o
  CC      net/ipv6/exthdrs_offload.o
  AR      net/packet/built-in.a
  CC      kernel/capability.o
  CC      drivers/tty/serial/8250/8250_core.o
  CC      drivers/clk/clk-composite.o
  CC      drivers/clk/clk-fractional-divider.o
  CC      lib/once.o
  CC      mm/slub.o
  CC      net/ipv4/ip_sockglue.o
  AR      drivers/tty/ipwireless/built-in.a
  CC      drivers/regulator/devres.o
  CC      sound/soc/soc-devres.o
  CC      drivers/clk/clk-gpio.o
  AR      net/ipv6/built-in.a
  CC      drivers/tty/serial/8250/8250_port.o
  CC      net/ethtool/tsinfo.o
  CC      kernel/ptrace.o
  CC      net/core/sock_reuseport.o
  CC      lib/refcount.o
  CC      drivers/clk/clk-conf.o
  CC      drivers/tty/vt/consolemap.o
  CC      lib/usercopy.o
  CC      drivers/tty/tty_io.o
  CC      net/ipv4/inet_hashtables.o
  HOSTCC  drivers/tty/vt/conmakehash
  CC      drivers/clk/clk-rk808.o
  CC      net/ethtool/cabletest.o
  CC      sound/soc/soc-ops.o
  CC      lib/errseq.o
  CC      drivers/regulator/irq_helpers.o
  CC      fs/ext4/super.o
  CC      drivers/regulator/of_regulator.o
  CC      kernel/user.o
  CC      drivers/tty/vt/vt.o
  CC      net/core/fib_notifier.o
  CC      drivers/tty/serial/8250/8250_dma.o
  CC      lib/bucket_locks.o
  CC      mm/migrate.o
  CC      drivers/tty/serial/8250/8250_dwlib.o
  AR      drivers/clk/built-in.a
  CC      mm/page_isolation.o
  CC      kernel/signal.o
  CC      lib/generic-radix-tree.o
  CC      net/ipv4/inet_timewait_sock.o
  CC      net/ipv4/inet_connection_sock.o
  COPY    drivers/tty/vt/defkeymap.c
  CC      sound/soc/soc-link.o
  CC      drivers/tty/n_tty.o
  CC      fs/ext4/symlink.o
  CC      drivers/regulator/fixed.o
  CC      net/core/xdp.o
  CC      net/ethtool/tunnels.o
  CC      drivers/tty/serial/8250/8250_early.o
  CC      lib/string_helpers.o
  CC      net/ethtool/fec.o
  CC      sound/soc/soc-card.o
  CC      mm/early_ioremap.o
  CC      net/bridge/br.o
  CC      drivers/regulator/gpio-regulator.o
  CC      drivers/tty/serial/8250/8250_fsl.o
  CC      drivers/tty/serial/8250/8250_dw.o
  CC      lib/hexdump.o
  CC      lib/kstrtox.o
  CC      net/core/flow_offload.o
  CC      drivers/regulator/pwm-regulator.o
  CC      mm/cma.o
  CONMK   drivers/tty/vt/consolemap_deftbl.c
  CC      drivers/tty/vt/defkeymap.o
  CC      sound/soc/soc-generic-dmaengine-pcm.o
  CC      kernel/sys.o
  CC      net/ethtool/eeprom.o
  CC      drivers/tty/tty_ioctl.o
  CC      drivers/tty/serial/serial_core.o
  CC      net/ipv4/tcp.o
  CC      drivers/tty/vt/consolemap_deftbl.o
  CC      mm/memfd.o
  AR      drivers/tty/vt/built-in.a
  CC      lib/pci_iomap.o
  CC      lib/iomap_copy.o
  CC      net/bridge/br_device.o
  AR      drivers/tty/serial/8250/built-in.a
  CC      fs/ext4/sysfs.o
  CC      fs/ext4/xattr.o
  CC      fs/ext4/xattr_hurd.o
  CC      drivers/regulator/rk801-regulator.o
  CC      net/bridge/br_fdb.o
  AR      sound/soc/built-in.a
  AR      sound/built-in.a
  CC      net/bridge/br_forward.o
  CC      net/bridge/br_if.o
  CC      net/core/gro.o
  CC      lib/devres.o
  CC      net/ethtool/stats.o
  AR      mm/built-in.a
  CC      kernel/umh.o
  CC      net/ethtool/phc_vclocks.o
  CC      kernel/workqueue.o
  CC      drivers/regulator/rk808-regulator.o
  CC      net/ethtool/module.o
  CC      net/ipv4/tcp_input.o
  CC      lib/hweight.o
  CC      drivers/tty/serial/earlycon.o
  CC      lib/assoc_array.o
  CC      drivers/tty/tty_ldisc.o
  CC      net/core/net-sysfs.o
  CC      net/core/page_pool.o
  CC      fs/ext4/xattr_trusted.o
  CC      drivers/tty/serial/serial_mctrl_gpio.o
  CC      net/ipv4/tcp_output.o
  CC      drivers/char/hw_random/core.o
  AR      drivers/regulator/built-in.a
  CC      net/core/net-procfs.o
  CC      net/ethtool/pse-pd.o
  CC      lib/bitrev.o
  CC      kernel/pid.o
  CC      lib/linear_ranges.o
  CC      lib/crc16.o
  CC      net/bridge/br_input.o
  CC      fs/ext4/xattr_user.o
  AR      drivers/tty/serial/built-in.a
  CC      drivers/tty/tty_buffer.o
  AR      drivers/char/agp/built-in.a
  CC      drivers/char/hw_random/arm_smccc_trng.o
  CC      net/bridge/br_ioctl.o
  CC      net/core/selftests.o
  HOSTCC  lib/gen_crc32table
  CC      lib/xxhash.o
  CC      lib/genalloc.o
  CC      drivers/tty/tty_port.o
  CC      drivers/char/hw_random/rockchip-rng.o
  AR      net/ethtool/built-in.a
  CC      drivers/tty/tty_mutex.o
  AR      drivers/iommu/amd/built-in.a
  AR      drivers/gpu/host1x/built-in.a
  AR      drivers/iommu/intel/built-in.a
  AR      drivers/gpu/drm/arm/built-in.a
  AR      drivers/iommu/arm/arm-smmu/built-in.a
  AR      drivers/iommu/arm/arm-smmu-v3/built-in.a
  CC      net/bridge/br_stp.o
  AR      drivers/gpu/drm/display/built-in.a
  AR      drivers/iommu/arm/built-in.a
  CC      fs/ext4/fast_commit.o
  AR      drivers/iommu/built-in.a
  CC      drivers/gpu/drm/rockchip/rockchip_drm_drv.o
  AR      drivers/gpu/drm/rcar-du/built-in.a
  CC      kernel/task_work.o
  AR      drivers/gpu/vga/built-in.a
  AR      drivers/gpu/drm/omapdrm/built-in.a
  CC      net/bridge/br_stp_bpdu.o
  CC      drivers/base/power/sysfs.o
  CC      lib/percpu_counter.o
  CC      drivers/gpu/drm/rockchip/rockchip_drm_fb.o
  AR      drivers/char/hw_random/built-in.a
  CC      drivers/char/mem.o
  CC      net/core/ptp_classifier.o
  CC      kernel/extable.o
  CC      drivers/tty/tty_ldsem.o
  CC      drivers/base/power/generic_ops.o
  CC      lib/syscall.o
  CC      fs/ramfs/inode.o
  CC      fs/nfs/client.o
  CC      drivers/base/power/common.o
  CC      lib/errname.o
  CC      fs/ramfs/file-mmu.o
  CC      kernel/params.o
  CC      drivers/char/random.o
  CC      fs/nfs/dir.o
  CC      net/bridge/br_stp_if.o
  CC      drivers/tty/tty_baudrate.o
  CC      net/core/of_net.o
  CC      fs/exportfs/expfs.o
  AR      drivers/block/built-in.a
  AR      drivers/gpu/drm/tilcdc/built-in.a
  CC      lib/nlattr.o
  AR      drivers/gpu/drm/imx/built-in.a
  CC      net/bridge/br_stp_timer.o
  CC      fs/ext4/orphan.o
  CC      drivers/base/power/qos.o
  CC      net/ipv4/tcp_timer.o
  CC      drivers/gpu/drm/rockchip/rockchip_drm_gem.o
  AR      fs/ramfs/built-in.a
  CC      drivers/char/misc.o
  CC      drivers/tty/tty_jobctrl.o
  AR      fs/exportfs/built-in.a
  CC      kernel/kthread.o
  AR      net/core/built-in.a
  AR      drivers/misc/rk628/built-in.a
  AR      drivers/misc/rockchip/built-in.a
  AR      drivers/misc/eeprom/built-in.a
  AR      drivers/misc/cb710/built-in.a
  AR      drivers/misc/ti-st/built-in.a
  AR      drivers/misc/lis3lv02d/built-in.a
  AR      drivers/misc/cardreader/built-in.a
  AR      drivers/misc/built-in.a
  CC      lib/cpu_rmap.o
  CC      drivers/base/firmware_loader/builtin/main.o
  CC      net/bluetooth/rfcomm/core.o
  CC      net/bridge/br_netlink.o
  CC      lib/dynamic_queue_limits.o
  CC      drivers/tty/n_null.o
  AR      drivers/mfd/rkx110_x120/built-in.a
  CC      drivers/mfd/mfd-core.o
  AR      fs/ext4/built-in.a
  AR      drivers/nfc/built-in.a
  CC      drivers/tty/pty.o
  CC      fs/lockd/clntlock.o
  AR      drivers/char/built-in.a
  CC      fs/lockd/clntproc.o
  CC      drivers/base/power/runtime.o
  AR      drivers/base/firmware_loader/builtin/built-in.a
  CC      drivers/base/firmware_loader/main.o
  AR      drivers/gpu/drm/i2c/built-in.a
  CC      drivers/base/regmap/regmap.o
  CC      lib/glob.o
  CC      drivers/gpu/drm/rockchip/rockchip_drm_logo.o
  CC      kernel/sys_ni.o
  CC      drivers/base/power/wakeirq.o
  CC      kernel/nsproxy.o
  CC      net/ipv4/tcp_ipv4.o
  CC      lib/strncpy_from_user.o
  CC      drivers/mfd/rk808.o
  CC      drivers/tty/sysrq.o
  CC      fs/nfs/file.o
  CC      fs/nfs/getroot.o
  CC      drivers/base/power/main.o
  CC      net/sunrpc/clnt.o
  AR      drivers/base/firmware_loader/built-in.a
  CC      net/bluetooth/bnep/core.o
  CC      lib/strnlen_user.o
  CC      net/bridge/br_netlink_tunnel.o
  CC      fs/lockd/clntxdr.o
  CC      kernel/notifier.o
  CC      net/bluetooth/rfcomm/sock.o
  CC      drivers/base/regmap/regcache.o
  CC      drivers/gpu/drm/rockchip/rockchip_drm_clk.o
  CC      drivers/mfd/rockchip-flexbus.o
  CC      lib/net_utils.o
  AR      drivers/tty/built-in.a
  CC      drivers/mfd/syscon.o
  AR      drivers/base/test/built-in.a
  CC      fs/nls/nls_base.o
  CC      kernel/ksysfs.o
  CC      lib/sg_pool.o
  CC      drivers/base/power/wakeup.o
  AR      fs/nls/built-in.a
  CC      kernel/cred.o
  AR      drivers/mfd/built-in.a
  CC      kernel/reboot.o
  CC      fs/nfs/inode.o
  AR      drivers/gpu/arm/built-in.a
  CC      fs/lockd/host.o
  CC      net/bluetooth/bnep/sock.o
  CC      drivers/base/regmap/regcache-rbtree.o
  CC      drivers/base/power/wakeup_stats.o
  CC      drivers/gpu/drm/rockchip/rockchip_drm_fbdev.o
  CC      net/bridge/br_arp_nd_proxy.o
  CC      drivers/gpu/drm/rockchip/rockchip_drm_vop.o
  CC      net/ipv4/tcp_minisocks.o
  CC      lib/asn1_decoder.o
  CC      net/bluetooth/rfcomm/tty.o
  CC      net/sunrpc/xprt.o
  CC      kernel/async.o
  CC      drivers/gpu/drm/panel/panel-simple.o
  GEN     lib/oid_registry_data.c
  CC      lib/sbitmap.o
  AR      drivers/gpu/drm/bridge/analogix/built-in.a
  CC      drivers/base/power/clock_ops.o
  AR      drivers/gpu/drm/bridge/cadence/built-in.a
  AR      drivers/gpu/drm/bridge/imx/built-in.a
  CC      drivers/gpu/drm/bridge/synopsys/dw-mipi-dsi.o
  CC      drivers/base/regmap/regcache-flat.o
  CC      drivers/dma-buf/heaps/cma_heap.o
  CC      kernel/range.o
  CC      net/bluetooth/bnep/netdev.o
  CC      net/bridge/br_sysfs_if.o
  CC      kernel/smpboot.o
  AR      drivers/base/power/built-in.a
  CC      drivers/dma-buf/rk_heaps/rk-dma-heap.o
  CC      drivers/base/regmap/regmap-debugfs.o
  CC      fs/lockd/svc.o
  AR      net/bluetooth/rfcomm/built-in.a
  CC      lib/group_cpus.o
  AR      drivers/gpu/drm/hisilicon/built-in.a
  CC      net/bluetooth/hidp/core.o
  CC      net/ipv4/tcp_cong.o
  AR      drivers/gpu/drm/panel/built-in.a
  CC      drivers/base/regmap/regmap-i2c.o
  AR      drivers/dma-buf/heaps/built-in.a
  CC      net/wireless/wext-core.o
  AR      drivers/gpu/drm/bridge/synopsys/built-in.a
  CC      kernel/ucount.o
  CC      drivers/gpu/drm/bridge/sii902x.o
  CC      lib/devmem_is_allowed.o
  CC      net/sunrpc/socklib.o
  AR      net/bluetooth/bnep/built-in.a
  CC      net/wireless/wext-proc.o
  CC      kernel/regset.o
  CC      fs/nfs/super.o
  CC      net/bridge/br_sysfs_br.o
  CC      drivers/dma-buf/rk_heaps/rk-dma-cma.o
  AR      lib/lib.a
  GEN     lib/crc32table.h
  CC      lib/oid_registry.o
  CC      net/bluetooth/hidp/sock.o
  CC      drivers/base/regmap/regmap-spi.o
  CC      fs/lockd/svclock.o
  CC      kernel/kmod.o
  CC      lib/crc32.o
  CC      kernel/groups.o
  CC      net/ipv4/tcp_metrics.o
  CC      drivers/dma-buf/rk_heaps/rk-cma-heap.o
  CC      net/wireless/wext-priv.o
  CC      net/sunrpc/xprtsock.o
  CC      fs/nfs/io.o
  CC      drivers/base/regmap/regmap-mmio.o
  AR      drivers/gpu/drm/bridge/built-in.a
  CC      net/bluetooth/af_bluetooth.o
  CC      fs/nfs/direct.o
  AR      lib/built-in.a
  AR      net/bridge/built-in.a
  CC      drivers/dma-buf/dma-buf.o
  AR      fs/unicode/built-in.a
  AR      net/bluetooth/hidp/built-in.a
  AR      drivers/cxl/core/built-in.a
  AR      drivers/cxl/built-in.a
  CC      drivers/gpu/drm/rockchip/rockchip_vop_reg.o
  AR      drivers/gpu/drm/mxsfb/built-in.a
  CC      drivers/base/component.o
  CC      fs/lockd/svcshare.o
  CC      kernel/kcmp.o
  AR      drivers/gpu/drm/tiny/built-in.a
  CC      net/ipv4/tcp_fastopen.o
  AR      drivers/dma-buf/rk_heaps/built-in.a
  CC      net/rfkill/core.o
  AR      net/wireless/built-in.a
  CC      net/bluetooth/hci_core.o
  CC      drivers/base/regmap/regmap-irq.o
  AR      drivers/gpu/drm/xlnx/built-in.a
  CC      fs/nfs/pagelist.o
  CC      drivers/base/core.o
  CC      kernel/freezer.o
  CC      drivers/base/bus.o
  CC      drivers/base/dd.o
  CC      fs/lockd/svcproc.o
  CC      drivers/dma-buf/dma-fence.o
  CC      fs/nfs/read.o
  AR      net/rfkill/built-in.a
  CC      drivers/gpu/drm/rockchip/dw-mipi-dsi-rockchip.o
  CC      fs/ubifs/shrinker.o
  CC      fs/overlayfs/super.o
  AR      drivers/base/regmap/built-in.a
  CC      net/sunrpc/sched.o
  CC      fs/debugfs/inode.o
  CC      net/ipv4/tcp_rate.o
  CC      kernel/smp.o
  AR      drivers/macintosh/built-in.a
  CC      net/ipv4/tcp_recovery.o
  CC      net/ipv4/tcp_ulp.o
  CC      drivers/dma-buf/dma-fence-array.o
  CC      fs/lockd/svcsubs.o
  CC      fs/ubifs/journal.o
  CC      drivers/dma-buf/dma-fence-chain.o
  CC      fs/nfs/symlink.o
  CC      fs/debugfs/file.o
  CC      drivers/gpu/drm/rockchip/rockchip_rgb.o
  CC      kernel/uid16.o
  CC      net/bluetooth/hci_conn.o
  CC      fs/pstore/inode.o
  CC      drivers/dma-buf/dma-fence-unwrap.o
  CC      net/sunrpc/auth.o
  CC      fs/overlayfs/namei.o
  CC      fs/nfs/unlink.o
  CC      fs/nfs/write.o
  CC      drivers/base/syscore.o
  CC      net/ipv4/tcp_offload.o
  CC      drivers/dma-buf/dma-resv.o
  CC      fs/lockd/mon.o
  CC      kernel/kallsyms.o
  CC      fs/ubifs/file.o
  CC      fs/pstore/platform.o
  AR      fs/debugfs/built-in.a
  AR      drivers/scsi/arm/built-in.a
  AR      drivers/scsi/built-in.a
  CC      fs/pstore/ram.o
  AR      drivers/gpu/drm/rockchip/built-in.a
  AR      drivers/gpu/drm/gud/built-in.a
  CC      drivers/gpu/drm/drm_aperture.o
  AR      drivers/gpu/drm/solomon/built-in.a
  CC      net/ipv4/datagram.o
  CC      drivers/base/driver.o
  CC      fs/overlayfs/util.o
  CC      drivers/dma-buf/dma-heap.o
  CC      net/sunrpc/auth_null.o
  CC      fs/overlayfs/inode.o
  CC      fs/overlayfs/file.o
  CC      drivers/gpu/drm/drm_auth.o
  CC      drivers/base/class.o
  CC      fs/pstore/ram_core.o
  CC      fs/lockd/xdr.o
  CC      fs/ubifs/dir.o
  CC      kernel/stop_machine.o
  CC      net/bluetooth/hci_event.o
  CC      fs/ubifs/super.o
  CC      fs/nfs/namespace.o
  CC      net/sunrpc/auth_unix.o
  CC      net/ipv4/raw.o
  CC      drivers/dma-buf/dma-buf-cache.o
  CC      drivers/gpu/drm/drm_cache.o
  CC      drivers/base/platform.o
  CC      fs/overlayfs/dir.o
  AR      fs/pstore/built-in.a
  CC      net/sunrpc/svc.o
  CC      fs/lockd/clnt4xdr.o
  CC      kernel/watchdog.o
  CC      drivers/dma-buf/sync_file.o
  CC      net/bluetooth/mgmt.o
  CC      drivers/gpu/drm/drm_file.o
  CC      net/bluetooth/hci_sock.o
  CC      net/ipv4/udp.o
  AR      drivers/nvme/host/built-in.a
  AR      drivers/nvme/target/built-in.a
  AR      drivers/nvme/built-in.a
  CC      fs/overlayfs/readdir.o
  CC      fs/lockd/xdr4.o
  CC      fs/nfs/mount_clnt.o
  CC      drivers/base/cpu.o
  CC      fs/ubifs/sb.o
  AR      drivers/dma-buf/built-in.a
  CC      net/devres.o
  CC      kernel/seccomp.o
  CC      fs/nfs/nfstrace.o
  CC      drivers/gpu/drm/drm_gem.o
  CC      net/bluetooth/hci_sysfs.o
  CC      net/sunrpc/svcsock.o
  CC      drivers/base/firmware.o
  CC      fs/overlayfs/copy_up.o
  CC      net/socket.o
  CC      net/sunrpc/svcauth.o
  CC      fs/lockd/svc4proc.o
  CC      drivers/base/init.o
  CC      fs/ubifs/io.o
  CC      fs/nfs/export.o
  CC      drivers/base/map.o
  CC      fs/lockd/procfs.o
  CC      drivers/gpu/drm/drm_ioctl.o
  CC      fs/overlayfs/export.o
  CC      kernel/utsname_sysctl.o
  CC      drivers/base/devres.o
  CC      drivers/base/attribute_container.o
  CC      net/sysctl_net.o
  CC      drivers/gpu/drm/drm_drv.o
  CC      fs/ubifs/tnc.o
  CC      kernel/irq_work.o
  AR      fs/lockd/built-in.a
  CC      drivers/mtd/parsers/cmdlinepart.o
  CC      net/sunrpc/svcauth_unix.o
  CC      net/bluetooth/l2cap_core.o
  CC      kernel/cpu_pm.o
  CC      fs/nfs/sysfs.o
  AR      fs/overlayfs/built-in.a
  CC      net/sunrpc/addr.o
  CC      net/sunrpc/rpcb_clnt.o
  AR      drivers/mtd/parsers/built-in.a
  CC      net/sunrpc/timer.o
  CC      drivers/mtd/chips/chipreg.o
  CC      net/ipv4/udplite.o
  CC      kernel/jump_label.o
  CC      drivers/base/transport_class.o
  CC      drivers/base/topology.o
  CC      kernel/context_tracking.o
  CC      drivers/gpu/drm/drm_sysfs.o
  CC      net/bluetooth/l2cap_sock.o
  CC      fs/ubifs/master.o
  CC      net/sunrpc/xdr.o
  AR      drivers/mtd/chips/built-in.a
  AR      drivers/mtd/lpddr/built-in.a
  CC      fs/nfs/fs_context.o
  CC      drivers/base/container.o
  AR      drivers/mtd/maps/built-in.a
  CC      kernel/iomem.o
  CC      fs/ubifs/scan.o
  AR      drivers/mtd/devices/built-in.a
  AR      drivers/mtd/nand/onenand/built-in.a
  AR      drivers/mtd/nand/raw/ingenic/built-in.a
  AR      drivers/mtd/nand/raw/built-in.a
  CC      drivers/mtd/nand/core.o
  CC      drivers/mtd/nand/spi/core.o
  CC      net/sunrpc/sunrpc_syms.o
  CC      fs/ubifs/replay.o
  CC      kernel/rseq.o
  CC      net/ipv4/udp_offload.o
  AR      drivers/mtd/tests/built-in.a
  AR      drivers/mtd/spi-nor/controllers/built-in.a
  CC      drivers/mtd/spi-nor/core.o
  CC      drivers/gpu/drm/drm_mm.o
  CC      drivers/mtd/spi-nor/sfdp.o
  CC      drivers/base/property.o
  CC      net/bluetooth/smp.o
  CC      drivers/mtd/spi-nor/swp.o
  AR      kernel/built-in.a
  CC      drivers/mtd/nand/bbt.o
  CC      fs/nfs/sysctl.o
  CC      fs/ubifs/log.o
  CC      fs/nfs/nfs2super.o
  CC      drivers/mtd/nand/ecc.o
  CC      drivers/gpu/drm/drm_crtc.o
  CC      drivers/gpu/drm/drm_fourcc.o
  CC      net/sunrpc/cache.o
  CC      drivers/mtd/nand/spi/ato.o
  CC      drivers/mtd/ubi/vtbl.o
  CC      drivers/base/cacheinfo.o
  CC      fs/nfs/proc.o
  CC      fs/nfs/nfs2xdr.o
  CC      net/ipv4/arp.o
  CC      drivers/base/swnode.o
  CC      net/sunrpc/rpc_pipe.o
  CC      drivers/mtd/spi-nor/otp.o
  CC      net/ipv4/icmp.o
  CC      fs/ubifs/commit.o
  CC      drivers/gpu/drm/drm_modes.o
  CC      drivers/spi/spi.o
  CC      drivers/mtd/nand/spi/biwin.o
  CC      net/ipv4/devinet.o
  CC      drivers/mtd/ubi/vmt.o
  CC      drivers/base/devtmpfs.o
  CC      drivers/mtd/spi-nor/sysfs.o
  CC      net/bluetooth/lib.o
  CC      drivers/spi/spi-mem.o
  CC      fs/nfs/nfs3super.o
  CC      drivers/mtd/nand/spi/dosilicon.o
  CC      fs/ubifs/gc.o
  CC      drivers/mtd/nand/spi/esmt.o
  CC      drivers/gpu/drm/drm_displayid.o
  CC      drivers/mtd/spi-nor/atmel.o
  CC      drivers/mtd/ubi/upd.o
  CC      fs/nfs/nfs3client.o
  CC      net/bluetooth/ecdh_helper.o
  CC      drivers/mtd/nand/spi/etron.o
  CC      drivers/gpu/drm/drm_trace_points.o
  CC      net/sunrpc/sysfs.o
  CC      drivers/gpu/drm/drm_prime.o
  CC      drivers/base/module.o
  CC      drivers/mtd/mtdcore.o
  CC      drivers/mtd/nand/bbt_store.o
  CC      fs/ubifs/orphan.o
  CC      drivers/mtd/ubi/build.o
  CC      drivers/mtd/spi-nor/boya.o
  CC      net/ipv4/af_inet.o
  CC      net/ipv4/igmp.o
  CC      net/bluetooth/hci_request.o
  CC      drivers/base/soc.o
  CC      fs/nfs/nfs3proc.o
  CC      drivers/mtd/nand/spi/fmsh.o
  CC      drivers/spi/spidev.o
  CC      fs/open.o
  CC      net/sunrpc/svc_xprt.o
  CC      drivers/mtd/spi-nor/catalyst.o
  CC      drivers/gpu/drm/drm_vma_manager.o
  CC      fs/read_write.o
  CC      fs/ubifs/budget.o
  CC      drivers/mtd/ubi/cdev.o
  CC      drivers/base/pinctrl.o
  CC      drivers/mtd/nand/spi/foresee.o
  CC      drivers/mtd/spi-nor/dosilicon.o
  CC      drivers/gpu/drm/drm_modeset_lock.o
  CC      drivers/spi/spi-rockchip.o
  CC      drivers/base/arch_topology.o
  CC      fs/file_table.o
  CC      net/bluetooth/mgmt_util.o
  CC      drivers/mtd/ubi/kapi.o
  CC      fs/nfs/nfs3xdr.o
  CC      fs/ubifs/find.o
  CC      drivers/mtd/nand/spi/gigadevice.o
  CC      net/ipv4/fib_frontend.o
  CC      drivers/mtd/nand/spi/gsto.o
  CC      drivers/spi/spi-rockchip-flexbus-fspi.o
  CC      drivers/mtd/spi-nor/eon.o
  CC      drivers/mtd/spi-nor/esmt.o
  CC      net/sunrpc/xprtmultipath.o
  CC      drivers/gpu/drm/drm_atomic.o
  CC      net/bluetooth/mgmt_config.o
  AR      drivers/base/built-in.a
  CC      drivers/mtd/ubi/eba.o
  CC      drivers/spi/spi-rockchip-sfc.o
  CC      net/ipv4/fib_semantics.o
  CC      drivers/mtd/nand/spi/hiksemi.o
  CC      fs/ubifs/tnc_commit.o
  CC      drivers/net/phy/mdio-boardinfo.o
  AR      drivers/firewire/built-in.a
  CC      drivers/net/phy/mdio_devres.o
  CC      drivers/gpu/drm/drm_bridge.o
  CC      drivers/mtd/spi-nor/everspin.o
  AR      drivers/net/pse-pd/built-in.a
  CC      drivers/mtd/ubi/io.o
  AR      fs/nfs/built-in.a
  AR      drivers/cdrom/built-in.a
  CC      fs/ubifs/compress.o
  CC      drivers/mtd/nand/spi/hyf.o
  CC      drivers/mtd/spi-nor/fmsh.o
  CC      drivers/mtd/mtdsuper.o
  AR      drivers/spi/built-in.a
  CC      net/sunrpc/stats.o
  CC      net/bluetooth/hci_codec.o
  CC      drivers/net/phy/phylink.o
  CC      net/sunrpc/sysctl.o
  CC      fs/super.o
  CC      net/ipv4/fib_trie.o
  CC      drivers/gpu/drm/drm_framebuffer.o
  CC      drivers/gpu/drm/drm_connector.o
  CC      fs/char_dev.o
  CC      fs/ubifs/lpt.o
  CC      drivers/mtd/ubi/wl.o
  CC      drivers/mtd/nand/spi/jsc.o
  CC      drivers/mtd/spi-nor/fujitsu.o
  CC      drivers/net/phy/phy.o
  CC      drivers/mtd/nand/spi/macronix.o
  CC      net/bluetooth/eir.o
  CC      drivers/mtd/spi-nor/gigadevice.o
  AR      drivers/auxdisplay/built-in.a
  CC      drivers/usb/common/common.o
  CC      drivers/net/mdio/fwnode_mdio.o
  CC      drivers/gpu/drm/drm_blend.o
  CC      drivers/mtd/mtdconcat.o
  AR      net/sunrpc/built-in.a
  CC      drivers/input/keyboard/adc-keys.o
  CC      drivers/usb/core/usb.o
  CC      drivers/mtd/nand/spi/micron.o
  CC      drivers/mtd/ubi/attach.o
  CC      drivers/mtd/spi-nor/intel.o
  CC      drivers/mtd/spi-nor/issi.o
  CC      drivers/net/mdio/of_mdio.o
  CC      fs/ubifs/lprops.o
  CC      drivers/gpu/drm/drm_encoder.o
  CC      drivers/mtd/ubi/misc.o
  AR      drivers/usb/common/built-in.a
  CC      fs/stat.o
  CC      drivers/net/phy/phy-c45.o
  CC      drivers/input/keyboard/gpio_keys.o
  CC      net/bluetooth/hci_sync.o
  CC      drivers/mtd/nand/spi/paragon.o
  CC      net/ipv4/fib_notifier.o
  CC      fs/exec.o
  CC      drivers/mtd/spi-nor/macronix.o
  CC      drivers/usb/core/hub.o
  CC      drivers/mtd/spi-nor/micron-st.o
  CC      drivers/net/phy/phy-core.o
  CC      drivers/gpu/drm/drm_mode_object.o
  CC      drivers/mtd/ubi/debug.o
  AR      drivers/net/mdio/built-in.a
  CC      drivers/net/pcs/pcs-xpcs.o
  CC      drivers/mtd/nand/spi/silicongo.o
  CC      fs/ubifs/recovery.o
  CC      drivers/rtc/lib.o
  CC      drivers/mtd/spi-nor/normem.o
  CC      drivers/mtd/nand/spi/skyhigh.o
  AR      drivers/input/keyboard/built-in.a
  CC      drivers/input/touchscreen/goodix.o
  CC      net/ipv4/inet_fragment.o
  CC      drivers/mtd/nand/spi/toshiba.o
  CC      drivers/net/phy/phy_device.o
  CC      drivers/usb/core/hcd.o
  CC      drivers/mtd/ubi/block.o
  CC      drivers/rtc/class.o
  CC      drivers/gpu/drm/drm_property.o
  CC      drivers/mtd/spi-nor/puya.o
  CC      drivers/net/pcs/pcs-xpcs-nxp.o
  CC      drivers/input/sensors/lsensor/ls_stk3332.o
  CC      drivers/input/sensors/psensor/ps_stk3332.o
  CC      fs/ubifs/ioctl.o
  CC      drivers/mtd/nand/spi/unim.o
  CC      drivers/mtd/spi-nor/spansion.o
  AR      drivers/net/pcs/built-in.a
  CC      drivers/mtd/nand/spi/winbond.o
  CC      drivers/rtc/interface.o
  CC      drivers/input/sensors/sensor-i2c.o
  CC      drivers/input/touchscreen/goodix_fwupload.o
  AR      drivers/mtd/ubi/built-in.a
  CC      drivers/gpu/drm/drm_plane.o
  CC      fs/ubifs/lpt_commit.o
  CC      drivers/usb/core/urb.o
  AR      drivers/input/sensors/lsensor/built-in.a
  CC      net/bluetooth/sco.o
  CC      net/ipv4/ping.o
  AR      drivers/input/sensors/psensor/built-in.a
  CC      drivers/input/touchscreen/gslx680_pad.o
  CC      drivers/mtd/mtdpart.o
  CC      fs/pipe.o
  CC      drivers/net/phy/linkmode.o
  CC      net/ipv4/ip_tunnel_core.o
  CC      drivers/mtd/spi-nor/sst.o
  CC      drivers/mtd/nand/spi/xincun.o
  CC      drivers/input/sensors/sensor-dev.o
  CC      drivers/rtc/nvmem.o
  CC      fs/ubifs/tnc_misc.o
  CC      drivers/usb/core/message.o
  CC      drivers/net/phy/mdio_bus.o
  CC      drivers/mtd/spi-nor/winbond.o
  CC      drivers/gpu/drm/drm_color_mgmt.o
  CC      drivers/i2c/algos/i2c-algo-bit.o
  CC      drivers/mtd/nand/spi/xtx.o
  CC      drivers/i2c/busses/i2c-gpio.o
  CC      drivers/rtc/dev.o
  CC      drivers/input/misc/rk805-pwrkey.o
  CC      net/bluetooth/iso.o
  CC      drivers/input/touchscreen/gsl_point_id.o
  CC      fs/ubifs/debug.o
  CC      drivers/mtd/spi-nor/xilinx.o
  CC      drivers/mtd/spi-nor/xmc.o
  CC      net/ipv4/gre_offload.o
  CC      drivers/mtd/nand/spi/zbit.o
  AR      drivers/i2c/algos/built-in.a
  CC      drivers/gpu/drm/drm_print.o
  CC      fs/ubifs/misc.o
  CC      drivers/rtc/proc.o
  CC      drivers/i2c/busses/i2c-rk3x.o
  AR      drivers/input/sensors/built-in.a
  CC      fs/ubifs/sysfs.o
  AR      drivers/input/misc/built-in.a
  CC      drivers/gpu/drm/drm_dumb_buffers.o
  CC      drivers/net/phy/mdio_device.o
  CC      drivers/usb/core/driver.o
  AR      drivers/net/ethernet/microsoft/built-in.a
  CC      drivers/mtd/spi-nor/xtx.o
  AR      drivers/mtd/nand/spi/built-in.a
  AR      drivers/mtd/nand/built-in.a
  CC      drivers/net/ethernet/stmicro/stmmac/stmmac_main.o
  CC      drivers/rtc/sysfs.o
  CC      drivers/gpu/drm/drm_mode_config.o
  CC      drivers/rtc/rtc-hym8563.o
  CC      drivers/net/ppp/ppp_generic.o
  CC      drivers/net/slip/slhc.o
  CC      fs/ubifs/xattr.o
  CC      net/ipv4/metrics.o
  CC      drivers/net/phy/swphy.o
  CC      net/bluetooth/hci_debugfs.o
  AR      drivers/i2c/busses/built-in.a
  AR      drivers/input/touchscreen/built-in.a
  AR      drivers/i2c/muxes/built-in.a
  CC      drivers/input/input.o
  CC      drivers/i2c/i2c-boardinfo.o
  CC      drivers/mtd/spi-nor/debugfs.o
  CC      drivers/net/ethernet/stmicro/stmmac/stmmac_mdio.o
  AR      drivers/i3c/built-in.a
  CC      drivers/net/ethernet/stmicro/stmmac/dwmac_lib.o
  CC      drivers/gpu/drm/drm_vblank.o
  CC      drivers/usb/core/config.o
  CC      drivers/rtc/rtc-pcf8563.o
  CC      drivers/net/phy/fixed_phy.o
  AR      fs/ubifs/built-in.a
  CC      fs/namei.o
  AR      drivers/mtd/spi-nor/built-in.a
  CC      drivers/mtd/mtdchar.o
  CC      drivers/i2c/i2c-core-base.o
  AR      drivers/net/slip/built-in.a
  CC      drivers/i2c/i2c-core-smbus.o
  CC      net/ipv4/netlink.o
  CC      drivers/net/phy/motorcomm.o
  CC      drivers/rtc/rtc-rk808.o
  CC      drivers/usb/core/file.o
  CC      net/ipv4/nexthop.o
  AR      net/bluetooth/built-in.a
  AR      drivers/net/ppp/built-in.a
  CC      drivers/gpu/drm/drm_syncobj.o
  CC      net/ipv4/udp_tunnel_stub.o
  CC      net/ipv4/sysctl_net_ipv4.o
  CC      drivers/input/input-compat.o
  CC      drivers/usb/core/buffer.o
  CC      net/ipv4/proc.o
  CC      drivers/mtd/mtd_blkdevs.o
  CC      drivers/gpu/drm/drm_lease.o
  AR      drivers/rtc/built-in.a
  CC      drivers/net/ethernet/stmicro/stmmac/mmc_core.o
  AR      drivers/net/wireless/realtek/built-in.a
  AR      drivers/net/wireless/built-in.a
  CC      drivers/usb/phy/of.o
  CC      drivers/input/input-mt.o
  CC      drivers/i2c/i2c-core-of.o
  AR      drivers/net/phy/built-in.a
  CC      fs/fcntl.o
  CC      drivers/mtd/mtdblock.o
  CC      drivers/usb/core/sysfs.o
  CC      drivers/i2c/i2c-dev.o
  AR      drivers/usb/phy/built-in.a
  CC      drivers/gpu/drm/drm_writeback.o
  CC      fs/ioctl.o
  CC      fs/readdir.o
  CC      drivers/net/mii.o
  CC      drivers/input/input-poller.o
  CC      drivers/usb/core/endpoint.o
  CC      drivers/net/loopback.o
  CC      drivers/i2c/i2c-mux.o
  AR      drivers/usb/storage/built-in.a
  AR      drivers/mtd/built-in.a
  AR      drivers/media/i2c/built-in.a
  CC      fs/select.o
  AR      drivers/media/tuners/built-in.a
  CC      drivers/media/mc/mc-device.o
  CC      drivers/media/v4l2-core/v4l2-async.o
  CC      drivers/media/mc/mc-devnode.o
  CC      drivers/gpu/drm/drm_client.o
  CC      drivers/input/ff-core.o
  CC      drivers/usb/core/devio.o
  CC      drivers/usb/serial/usb-serial.o
  CC      net/ipv4/tcp_cubic.o
  AR      drivers/media/rc/keymaps/built-in.a
  AR      drivers/media/rc/built-in.a
  CC      drivers/gpu/drm/drm_client_modeset.o
  CC      drivers/net/ethernet/stmicro/stmmac/stmmac_hwtstamp.o
  CC      drivers/gpu/drm/drm_atomic_uapi.o
  CC      drivers/usb/core/notify.o
  AR      drivers/i2c/built-in.a
  CC      drivers/usb/core/generic.o
  CC      drivers/media/v4l2-core/v4l2-fwnode.o
  CC      drivers/usb/core/quirks.o
  CC      drivers/input/touchscreen.o
  CC      drivers/media/mc/mc-entity.o
  CC      drivers/usb/core/devices.o
  AR      drivers/usb/misc/built-in.a
  CC      drivers/media/mc/mc-request.o
  AR      drivers/media/common/b2c2/built-in.a
  AR      drivers/media/common/siano/built-in.a
  AR      drivers/media/platform/allegro-dvt/built-in.a
  CC      fs/dcache.o
  AR      drivers/media/common/v4l2-tpg/built-in.a
  AR      drivers/media/platform/amlogic/meson-ge2d/built-in.a
  CC      drivers/media/common/videobuf2/videobuf2-core.o
  AR      drivers/media/platform/amlogic/built-in.a
  CC      drivers/net/ethernet/stmicro/stmmac/stmmac_ptp.o
  AR      drivers/media/platform/amphion/built-in.a
  AR      drivers/media/platform/aspeed/built-in.a
  AR      drivers/media/platform/atmel/built-in.a
  AR      drivers/media/platform/cadence/built-in.a
  AR      drivers/media/platform/chips-media/built-in.a
  AR      drivers/media/platform/intel/built-in.a
  AR      drivers/media/platform/marvell/built-in.a
  AR      drivers/media/platform/mediatek/jpeg/built-in.a
  AR      drivers/media/platform/mediatek/mdp/built-in.a
  AR      drivers/media/platform/mediatek/vcodec/built-in.a
  AR      drivers/media/platform/mediatek/vpu/built-in.a
  AR      drivers/media/platform/mediatek/mdp3/built-in.a
  AR      drivers/media/platform/mediatek/built-in.a
  AR      drivers/media/platform/nvidia/tegra-vde/built-in.a
  AR      drivers/media/platform/nvidia/built-in.a
  AR      drivers/media/platform/nxp/dw100/built-in.a
  AR      drivers/media/platform/nxp/imx-jpeg/built-in.a
  AR      drivers/media/platform/nxp/built-in.a
  AR      drivers/media/platform/qcom/camss/built-in.a
  AR      drivers/media/platform/qcom/venus/built-in.a
  AR      drivers/media/platform/qcom/built-in.a
  AR      drivers/media/platform/renesas/rcar-vin/built-in.a
  AR      drivers/media/platform/renesas/vsp1/built-in.a
  AR      drivers/media/platform/renesas/built-in.a
  AR      drivers/media/platform/rockchip/cif/built-in.a
  CC      drivers/media/platform/rockchip/flexbus_cif/dev.o
  CC      drivers/input/input-leds.o
  CC      drivers/usb/serial/generic.o
  CC      drivers/media/mc/mc-dev-allocator.o
  CC      drivers/gpu/drm/drm_managed.o
  AR      net/ipv4/built-in.a
  AR      net/built-in.a
  AR      drivers/pps/clients/built-in.a
  CC      drivers/net/ethernet/stmicro/stmmac/dwmac4_descs.o
  CC      drivers/ptp/ptp_clock.o
  CC      drivers/media/v4l2-core/v4l2-dv-timings.o
  AR      drivers/pps/generators/built-in.a
  CC      drivers/pps/pps.o
  CC      drivers/ptp/ptp_chardev.o
  CC      drivers/usb/core/phy.o
  CC      drivers/media/platform/rockchip/flexbus_cif/capture.o
  CC      drivers/input/evdev.o
  AR      drivers/media/mc/built-in.a
  CC      drivers/ptp/ptp_sysfs.o
  CC      drivers/gpu/drm/drm_vblank_work.o
  AR      drivers/media/platform/samsung/exynos-gsc/built-in.a
  CC      drivers/pps/kapi.o
  AR      drivers/media/platform/samsung/exynos4-is/built-in.a
  AR      drivers/media/platform/samsung/s3c-camif/built-in.a
  AR      drivers/media/platform/samsung/s5p-g2d/built-in.a
  AR      drivers/media/platform/samsung/s5p-jpeg/built-in.a
  CC      drivers/usb/serial/bus.o
  AR      drivers/media/platform/samsung/s5p-mfc/built-in.a
  AR      drivers/media/platform/samsung/built-in.a
  CC      drivers/media/v4l2-core/v4l2-dev.o
  CC      drivers/usb/core/port.o
  CC      fs/inode.o
  CC      drivers/media/platform/rockchip/flexbus_cif/procfs.o
  CC      drivers/usb/serial/ch341.o
  CC      drivers/media/v4l2-core/v4l2-ioctl.o
  CC      drivers/net/ethernet/stmicro/stmmac/dwmac4_dma.o
  CC      drivers/pps/sysfs.o
  CC      drivers/media/common/videobuf2/frame_vector.o
  CC      drivers/ptp/ptp_vclock.o
  AR      drivers/input/built-in.a
  AR      drivers/media/platform/st/sti/bdisp/built-in.a
  AR      drivers/media/platform/st/sti/c8sectpfe/built-in.a
  AR      drivers/media/platform/rockchip/isp1/built-in.a
  AR      drivers/media/platform/st/sti/delta/built-in.a
  AR      drivers/media/platform/st/sti/hva/built-in.a
  CC      drivers/power/reset/reboot-mode.o
  AR      drivers/media/platform/st/stm32/built-in.a
  CC      drivers/gpu/drm/drm_panel.o
  AR      drivers/media/platform/st/built-in.a
  AR      drivers/thermal/broadcom/built-in.a
  AR      drivers/thermal/samsung/built-in.a
  AR      drivers/thermal/intel/built-in.a
  AR      drivers/thermal/st/built-in.a
  AR      drivers/thermal/qcom/built-in.a
  AR      drivers/thermal/tegra/built-in.a
  CC      drivers/net/ethernet/stmicro/stmmac/dwmac4_lib.o
  CC      drivers/thermal/thermal_core.o
  AR      drivers/pps/built-in.a
  CC      drivers/net/ethernet/stmicro/stmmac/dwmac4_core.o
  CC      drivers/usb/core/of.o
  AR      drivers/usb/serial/built-in.a
  CC      drivers/media/platform/rockchip/flexbus_cif/common.o
  CC      drivers/power/reset/syscon-reboot-mode.o
  CC      drivers/media/common/videobuf2/videobuf2-cma-sg.o
  AR      drivers/media/platform/sunxi/sun4i-csi/built-in.a
  AR      drivers/media/platform/sunxi/sun6i-csi/built-in.a
  AR      drivers/media/platform/sunxi/sun6i-mipi-csi2/built-in.a
  AR      drivers/media/platform/sunxi/sun8i-a83t-mipi-csi2/built-in.a
  AR      drivers/media/platform/sunxi/sun8i-di/built-in.a
  AR      drivers/media/platform/sunxi/sun8i-rotate/built-in.a
  AR      drivers/media/platform/sunxi/built-in.a
  CC      fs/attr.o
  CC      fs/bad_inode.o
  AR      drivers/media/pci/b2c2/built-in.a
  AR      drivers/media/pci/pluto2/built-in.a
  AR      drivers/media/pci/dm1105/built-in.a
  AR      drivers/media/pci/pt1/built-in.a
  AR      drivers/media/pci/pt3/built-in.a
  AR      drivers/media/pci/mantis/built-in.a
  AR      drivers/media/pci/ngene/built-in.a
  AR      drivers/media/pci/ddbridge/built-in.a
  AR      drivers/media/pci/smipcie/built-in.a
  AR      drivers/power/reset/built-in.a
  AR      drivers/ptp/built-in.a
  AR      drivers/media/pci/netup_unidvb/built-in.a
  CC      drivers/media/v4l2-core/v4l2-device.o
  CC      drivers/power/supply/power_supply_core.o
  CC      drivers/usb/roles/class.o
  AR      drivers/media/pci/intel/ipu3/built-in.a
  AR      drivers/media/pci/intel/built-in.a
  AR      drivers/media/pci/built-in.a
  CC      drivers/power/supply/power_supply_sysfs.o
  CC      drivers/gpu/drm/drm_of.o
  AR      drivers/usb/core/built-in.a
  CC      drivers/gpu/drm/drm_debugfs.o
  AR      drivers/media/platform/ti/am437x/built-in.a
  CC      drivers/power/supply/power_supply_leds.o
  AR      drivers/media/platform/ti/cal/built-in.a
  AR      drivers/media/platform/ti/vpe/built-in.a
  CC      drivers/watchdog/watchdog_core.o
  AR      drivers/media/platform/ti/davinci/built-in.a
  AR      drivers/media/platform/rockchip/flexbus_cif/built-in.a
  AR      drivers/media/platform/ti/omap/built-in.a
  AR      drivers/media/platform/rockchip/isp/built-in.a
  AR      drivers/media/platform/ti/omap3isp/built-in.a
  AR      drivers/media/platform/ti/built-in.a
  AR      drivers/media/platform/rockchip/ispp/built-in.a
  CC      drivers/thermal/thermal_sysfs.o
  AR      drivers/media/platform/rockchip/hdmirx/built-in.a
  AR      drivers/media/platform/rockchip/rga/built-in.a
  AR      drivers/media/platform/rockchip/rkisp1/built-in.a
  AR      drivers/media/platform/rockchip/vpss/built-in.a
  AR      drivers/media/platform/rockchip/built-in.a
  AR      drivers/media/platform/verisilicon/built-in.a
  CC      drivers/media/common/videobuf2/videobuf2-memops.o
  AR      drivers/media/platform/via/built-in.a
  AR      drivers/media/platform/xilinx/built-in.a
  CC      fs/file.o
  AR      drivers/usb/roles/built-in.a
  CC      drivers/gpu/drm/drm_debugfs_crc.o
  AR      drivers/media/platform/built-in.a
  CC      drivers/watchdog/watchdog_dev.o
  AR      drivers/usb/built-in.a
  CC      drivers/media/v4l2-core/v4l2-fh.o
  AR      drivers/media/usb/b2c2/built-in.a
  AR      drivers/media/usb/dvb-usb/built-in.a
  AR      drivers/media/usb/dvb-usb-v2/built-in.a
  AR      drivers/media/usb/s2255/built-in.a
  CC      fs/filesystems.o
  AR      drivers/media/usb/siano/built-in.a
  AR      drivers/media/usb/ttusb-budget/built-in.a
  AR      drivers/media/usb/ttusb-dec/built-in.a
  AR      drivers/media/usb/built-in.a
  CC      drivers/media/v4l2-core/v4l2-event.o
  CC      drivers/net/ethernet/stmicro/stmmac/hwif.o
  CC      drivers/power/supply/rk816_battery.o
  CC      drivers/watchdog/dw_wdt.o
  CC      drivers/gpu/drm/drm_nomodeset.o
  CC      drivers/bluetooth/hci_ldisc.o
  CC      drivers/bluetooth/hci_h4.o
  CC      drivers/thermal/thermal_helpers.o
  CC      drivers/thermal/thermal_of.o
  CC      drivers/media/common/videobuf2/videobuf2-v4l2.o
  CC      drivers/thermal/gov_step_wise.o
  CC      drivers/gpu/drm/drm_panel_orientation_quirks.o
  CC      drivers/gpu/drm/drm_gem_dma_helper.o
  CC      drivers/gpu/drm/drm_fb_dma_helper.o
  CC      drivers/thermal/gov_user_space.o
  CC      fs/namespace.o
  CC      drivers/media/v4l2-core/v4l2-subdev.o
  AR      drivers/media/mmc/siano/built-in.a
  AR      drivers/media/mmc/built-in.a
  CC      drivers/gpu/drm/drm_bridge_connector.o
  AR      drivers/watchdog/built-in.a
  CC      drivers/net/ethernet/stmicro/stmmac/stmmac_tc.o
  AR      drivers/media/firewire/built-in.a
  CC      fs/seq_file.o
  CC      drivers/media/v4l2-core/v4l2-common.o
  AR      drivers/media/spi/built-in.a
  CC      drivers/opp/core.o
  CC      fs/xattr.o
  CC      drivers/thermal/cpufreq_cooling.o
  CC      drivers/opp/cpu.o
  AR      drivers/bluetooth/built-in.a
  CC      drivers/gpu/drm/drm_crtc_helper.o
  CC      fs/libfs.o
  CC      drivers/media/common/videobuf2/videobuf2-vmalloc.o
  CC      drivers/opp/of.o
  CC      drivers/thermal/devfreq_cooling.o
  CC      drivers/net/ethernet/stmicro/stmmac/stmmac_xdp.o
  CC      drivers/media/v4l2-core/v4l2-ctrls-core.o
  CC      drivers/opp/debugfs.o
  AR      drivers/media/test-drivers/built-in.a
  CC      drivers/net/ethernet/stmicro/stmmac/ring_mode.o
  AR      drivers/media/radio/built-in.a
  CC      drivers/thermal/rockchip_thermal.o
  CC      drivers/net/ethernet/stmicro/stmmac/chain_mode.o
  CC      drivers/gpu/drm/drm_encoder_slave.o
  AR      drivers/media/common/videobuf2/built-in.a
  AR      drivers/media/common/built-in.a
  CC      drivers/cpufreq/cpufreq.o
  CC      drivers/cpuidle/governors/menu.o
  CC      drivers/mmc/core/core.o
  AR      drivers/ufs/built-in.a
  CC      drivers/mmc/host/dw_mmc.o
  CC      drivers/mmc/host/dw_mmc-pltfm.o
  AR      drivers/opp/built-in.a
  CC      drivers/media/v4l2-core/v4l2-ctrls-api.o
  CC      drivers/mmc/host/dw_mmc-rockchip.o
  CC      drivers/cpuidle/cpuidle.o
  CC      drivers/cpufreq/freq_table.o
  AR      drivers/cpuidle/governors/built-in.a
  CC      drivers/gpu/drm/drm_flip_work.o
  AR      drivers/power/supply/built-in.a
  AR      drivers/power/built-in.a
  CC      drivers/media/v4l2-core/v4l2-ctrls-request.o
  CC      drivers/cpufreq/cpufreq_performance.o
  AR      drivers/thermal/built-in.a
  CC      drivers/net/ethernet/stmicro/stmmac/dwmac1000_core.o
  CC      fs/fs-writeback.o
  CC      drivers/leds/trigger/ledtrig-heartbeat.o
  CC      drivers/net/ethernet/stmicro/stmmac/dwmac1000_dma.o
  AR      drivers/firmware/arm_ffa/built-in.a
  AR      drivers/firmware/arm_scmi/built-in.a
  CC      drivers/media/v4l2-core/v4l2-ctrls-defs.o
  AR      drivers/firmware/broadcom/built-in.a
  AR      drivers/firmware/cirrus/built-in.a
  AR      drivers/firmware/meson/built-in.a
  AR      drivers/firmware/efi/built-in.a
  CC      drivers/mmc/core/bus.o
  AR      drivers/firmware/imx/built-in.a
  CC      drivers/firmware/psci/psci.o
  AR      drivers/crypto/xilinx/built-in.a
  AR      drivers/crypto/hisilicon/built-in.a
  AR      drivers/crypto/keembay/built-in.a
  AR      drivers/crypto/built-in.a
  CC      drivers/gpu/drm/drm_probe_helper.o
  CC      drivers/media/v4l2-core/v4l2-mc.o
  AR      drivers/leds/trigger/built-in.a
  AR      drivers/leds/blink/built-in.a
  CC      drivers/cpuidle/driver.o
  AR      drivers/leds/simple/built-in.a
  CC      drivers/leds/led-core.o
  CC      drivers/clocksource/timer-of.o
  CC      drivers/clocksource/timer-probe.o
  CC      drivers/clocksource/mmio.o
  CC      drivers/cpufreq/cpufreq_userspace.o
  CC      drivers/leds/led-class.o
  CC      fs/pnode.o
  CC      drivers/net/ethernet/stmicro/stmmac/dwmac100_core.o
  CC      drivers/mmc/core/host.o
  CC      fs/splice.o
  CC      drivers/cpuidle/governor.o
  CC      drivers/cpuidle/sysfs.o
  AR      drivers/mmc/host/built-in.a
  CC      drivers/clocksource/timer-rockchip.o
  CC      drivers/firmware/smccc/smccc.o
  CC      drivers/cpufreq/cpufreq_ondemand.o
  AR      drivers/firmware/tegra/built-in.a
  CC      drivers/media/v4l2-core/v4l2-spi.o
  AR      drivers/firmware/psci/built-in.a
  CC      drivers/leds/led-triggers.o
  CC      drivers/media/v4l2-core/v4l2-i2c.o
  CC      drivers/gpu/drm/drm_plane_helper.o
  CC      drivers/net/ethernet/stmicro/stmmac/dwmac100_dma.o
  CC      drivers/cpuidle/dt_idle_states.o
  CC      drivers/firmware/smccc/kvm_guest.o
  CC      drivers/clocksource/arm_arch_timer.o
  CC      drivers/clocksource/dummy_timer.o
  CC      drivers/firmware/smccc/soc_id.o
  AR      drivers/firmware/xilinx/built-in.a
  CC      drivers/cpuidle/cpuidle-arm.o
  CC      fs/sync.o
  CC      drivers/leds/leds-gpio.o
  CC      drivers/mmc/core/mmc.o
  CC      drivers/hid/usbhid/hid-core.o
  AR      drivers/firmware/smccc/built-in.a
  CC      drivers/mmc/core/mmc_ops.o
  CC      drivers/net/ethernet/stmicro/stmmac/enh_desc.o
  CC      drivers/firmware/rockchip_sip.o
  CC      drivers/net/ethernet/stmicro/stmmac/norm_desc.o
  CC      drivers/cpufreq/cpufreq_governor.o
  AR      drivers/cpuidle/built-in.a
  CC      drivers/gpu/drm/drm_atomic_helper.o
  CC      drivers/gpu/drm/drm_kms_helper_common.o
  CC      drivers/mmc/core/sd.o
  CC      fs/utimes.o
  AR      drivers/media/v4l2-core/built-in.a
  AR      drivers/media/built-in.a
  CC      drivers/cpufreq/cpufreq_governor_attr_set.o
  CC      drivers/cpufreq/cpufreq-dt.o
  AR      drivers/clocksource/built-in.a
  AR      drivers/leds/built-in.a
  CC      drivers/hid/usbhid/hiddev.o
  CC      fs/d_path.o
  CC      drivers/mmc/core/sd_ops.o
  CC      drivers/hid/hid-core.o
  CC      drivers/net/ethernet/stmicro/stmmac/dwmac5.o
  AR      drivers/firmware/built-in.a
  CC      drivers/net/ethernet/stmicro/stmmac/dwxgmac2_core.o
  CC      drivers/mmc/core/sdio.o
  CC      drivers/of/base.o
  CC      fs/stack.o
  CC      drivers/of/device.o
  CC      drivers/cpufreq/rockchip-cpufreq.o
  CC      drivers/of/platform.o
  CC      drivers/gpu/drm/drm_simple_kms_helper.o
  AR      drivers/hid/usbhid/built-in.a
  CC      drivers/hid/hid-input.o
  CC      drivers/hid/hid-quirks.o
  CC      fs/fs_struct.o
  AR      drivers/staging/media/deprecated/vpfe_capture/built-in.a
  AR      drivers/staging/iio/accel/built-in.a
  AR      drivers/staging/iio/adc/built-in.a
  AR      drivers/staging/media/deprecated/saa7146/common/built-in.a
  AR      drivers/staging/iio/addac/built-in.a
  AR      drivers/staging/media/deprecated/saa7146/av7110/built-in.a
  AR      drivers/staging/iio/frequency/built-in.a
  AR      drivers/staging/media/deprecated/saa7146/saa7146/built-in.a
  AR      drivers/staging/iio/impedance-analyzer/built-in.a
  AR      drivers/staging/media/deprecated/saa7146/ttpci/built-in.a
  AR      drivers/staging/iio/meter/built-in.a
  AR      drivers/staging/media/deprecated/saa7146/built-in.a
  AR      drivers/staging/media/built-in.a
  AR      drivers/staging/iio/resolver/built-in.a
  AR      drivers/staging/iio/built-in.a
  CC      fs/statfs.o
  AR      drivers/staging/built-in.a
  CC      drivers/net/ethernet/stmicro/stmmac/dwxgmac2_dma.o
  CC      drivers/gpu/drm/drm_modeset_helper.o
  CC      drivers/mmc/core/sdio_ops.o
  CC      drivers/of/property.o
  CC      drivers/mmc/core/sdio_bus.o
  CC      drivers/hid/hid-debug.o
  AR      drivers/platform/built-in.a
  CC      drivers/net/ethernet/stmicro/stmmac/dwxgmac2_descs.o
  CC      drivers/devfreq/devfreq.o
  CC      drivers/hid/hid-generic.o
  AR      drivers/cpufreq/built-in.a
  CC      fs/fs_pin.o
  CC      drivers/of/kobj.o
  CC      drivers/mmc/core/sdio_cis.o
  CC      drivers/devfreq/governor_simpleondemand.o
  CC      drivers/gpu/drm/drm_gem_atomic_helper.o
  CC      drivers/extcon/extcon.o
  CC      drivers/memory/rockchip/dsmc-controller.o
  AR      drivers/iio/accel/built-in.a
  CC      drivers/iio/adc/rockchip-flexbus-adc.o
  CC      fs/nsfs.o
  AR      drivers/iio/addac/built-in.a
  CC      drivers/gpu/drm/drm_gem_framebuffer_helper.o
  AR      drivers/hwtracing/intel_th/built-in.a
  AR      drivers/android/built-in.a
  CC      fs/fs_types.o
  CC      drivers/mmc/core/sdio_io.o
  CC      fs/fs_context.o
  CC      drivers/of/fdt.o
  CC      drivers/net/ethernet/stmicro/stmmac/stmmac_ethtool.o
  CC      drivers/nvmem/core.o
  CC      drivers/net/ethernet/stmicro/stmmac/stmmac_platform.o
  AR      drivers/iio/afe/built-in.a
  AR      drivers/hid/built-in.a
  CC      drivers/net/ethernet/stmicro/stmmac/dwmac-rk.o
  AR      drivers/iio/amplifiers/built-in.a
  CC      drivers/of/fdt_address.o
  CC      drivers/devfreq/governor_userspace.o
  CC      drivers/gpu/drm/drm_atomic_state_helper.o
  CC      drivers/nvmem/rockchip-otp.o
  CC      drivers/iio/adc/rockchip_saradc.o
  CC      drivers/extcon/devres.o
  AR      drivers/devfreq/built-in.a
  CC      drivers/memory/rockchip/dsmc-lb-device.o
  CC      drivers/gpu/drm/drm_damage_helper.o
  CC      drivers/memory/rockchip/dsmc-host.o
  CC      drivers/mmc/core/sdio_irq.o
  CC      fs/fs_parser.o
  CC      fs/fsopen.o
  CC      drivers/of/address.o
  CC      drivers/extcon/extcon-usb-gpio.o
  CC      drivers/net/ethernet/stmicro/stmmac/dwmac-rk-tool.o
  CC      fs/init.o
  AR      drivers/nvmem/built-in.a
  CC      fs/kernel_read_file.o
  CC      fs/remap_range.o
  CC      fs/buffer.o
  AR      drivers/iio/adc/built-in.a
  CC      drivers/iio/buffer/industrialio-triggered-buffer.o
  CC      drivers/gpu/drm/drm_format_helper.o
  CC      drivers/iio/buffer/kfifo_buf.o
  CC      drivers/memory/rockchip/dsmc-lb-slave.o
  CC      fs/direct-io.o
  AR      drivers/extcon/built-in.a
  CC      drivers/memory/pl353-smc.o
  CC      drivers/of/irq.o
  AR      drivers/iio/cdc/built-in.a
  CC      drivers/mmc/core/slot-gpio.o
  CC      drivers/gpu/drm/drm_self_refresh_helper.o
  CC      drivers/mmc/core/regulator.o
  CC      fs/mpage.o
  CC      drivers/gpu/drm/drm_rect.o
  CC      fs/proc_namespace.o
  AR      drivers/iio/buffer/built-in.a
  CC      drivers/gpu/drm/bridge/panel.o
  AR      drivers/iio/chemical/built-in.a
  AR      drivers/iio/common/cros_ec_sensors/built-in.a
  AR      drivers/iio/common/hid-sensors/built-in.a
  AR      drivers/iio/common/ms_sensors/built-in.a
  AR      drivers/iio/common/scmi_sensors/built-in.a
  AR      drivers/iio/common/ssp_sensors/built-in.a
  AR      drivers/memory/rockchip/built-in.a
  CC      fs/eventpoll.o
  AR      drivers/iio/common/st_sensors/built-in.a
  AR      drivers/iio/common/built-in.a
  CC      drivers/iio/dac/rockchip-flexbus-dac.o
  CC      drivers/of/of_reserved_mem.o
  CC      drivers/mmc/core/pwrseq.o
  AR      drivers/memory/built-in.a
  CC      drivers/gpu/drm/drm_fb_helper.o
  CC      fs/anon_inodes.o
  AR      drivers/iio/dummy/built-in.a
  CC      drivers/mmc/core/debugfs.o
  AR      drivers/iio/gyro/built-in.a
  AR      drivers/iio/filter/built-in.a
  AR      drivers/iio/frequency/built-in.a
  CC      drivers/mmc/core/pwrseq_simple.o
  CC      drivers/gpu/drm/drm_mipi_dsi.o
  AR      drivers/iio/health/built-in.a
  AR      drivers/iio/humidity/built-in.a
  AR      drivers/iio/imu/bmi160/built-in.a
  AR      drivers/iio/imu/bno055/built-in.a
  CC      fs/signalfd.o
  AR      drivers/iio/imu/inv_icm42600/built-in.a
  AR      drivers/iio/imu/inv_icm42670/built-in.a
  AR      drivers/iio/imu/inv_mpu6050/built-in.a
  CC      fs/timerfd.o
  AR      drivers/iio/imu/st_lsm6dsr/built-in.a
  AR      drivers/iio/imu/st_lsm6dsx/built-in.a
  AR      drivers/iio/imu/st_lsm9ds0/built-in.a
  AR      drivers/iio/imu/built-in.a
  CC      drivers/mmc/core/pwrseq_emmc.o
  AR      drivers/iio/light/built-in.a
  CC      fs/eventfd.o
  AR      drivers/iio/dac/built-in.a
  CC      drivers/mmc/core/block.o
  AR      drivers/of/built-in.a
  CC      fs/aio.o
  AR      drivers/iio/magnetometer/built-in.a
  CC      fs/locks.o
  AR      drivers/iio/multiplexer/built-in.a
  AR      drivers/iio/orientation/built-in.a
  AR      drivers/iio/position/built-in.a
  AR      drivers/net/ethernet/stmicro/stmmac/built-in.a
  AR      drivers/iio/potentiometer/built-in.a
  AR      drivers/net/ethernet/stmicro/built-in.a
  AR      drivers/iio/potentiostat/built-in.a
  AR      drivers/net/ethernet/built-in.a
  AR      drivers/iio/pressure/built-in.a
  AR      drivers/net/built-in.a
  AR      drivers/iio/resolver/built-in.a
  AR      drivers/iio/proximity/built-in.a
  CC      fs/binfmt_script.o
  AR      drivers/iio/temperature/built-in.a
  AR      drivers/iio/test/built-in.a
  CC      drivers/iio/industrialio-core.o
  CC      drivers/mmc/core/queue.o
  AR      drivers/iio/trigger/built-in.a
  CC      fs/binfmt_elf.o
  CC      drivers/iio/industrialio-event.o
  CC      drivers/iio/inkern.o
  CC      fs/mbcache.o
  CC      drivers/iio/industrialio-buffer.o
  CC      drivers/iio/industrialio-trigger.o
  CC      fs/posix_acl.o
  CC      fs/coredump.o
  CC      fs/drop_caches.o
  AR      drivers/gpu/drm/built-in.a
  AR      drivers/gpu/built-in.a
  CC      fs/sysctls.o
  CC      fs/fhandle.o
  AR      drivers/mmc/core/built-in.a
  AR      drivers/mmc/built-in.a
  AR      drivers/iio/built-in.a
  AR      drivers/built-in.a
  AR      fs/built-in.a
  AR      built-in.a
  AR      vmlinux.a
  LD      vmlinux.o
  OBJCOPY modules.builtin.modinfo
  GEN     modules.builtin
  MODPOST vmlinux.symvers
  CC      .vmlinux.export.o
  UPD     include/generated/utsversion.h
  CC      init/version-timestamp.o
  LD      .tmp_vmlinux.kallsyms1
  NM      .tmp_vmlinux.kallsyms1.syms
  KSYMS   .tmp_vmlinux.kallsyms1.S
  AS      .tmp_vmlinux.kallsyms1.o
  LD      .tmp_vmlinux.kallsyms2
  NM      .tmp_vmlinux.kallsyms2.syms
  KSYMS   .tmp_vmlinux.kallsyms2.S
  AS      .tmp_vmlinux.kallsyms2.o
  LD      vmlinux
  NM      System.map
  SORTTAB vmlinux
  OBJCOPY arch/arm/boot/Image
  Kernel: arch/arm/boot/Image is ready
  LDS     arch/arm/boot/compressed/vmlinux.lds
  AS      arch/arm/boot/compressed/head.o
  LZ4     arch/arm/boot/compressed/piggy_data
  CC      arch/arm/boot/compressed/misc.o
  CC      arch/arm/boot/compressed/decompress.o
  CC      arch/arm/boot/compressed/string.o
  AS      arch/arm/boot/compressed/hyp-stub.o
  CC      arch/arm/boot/compressed/fdt_rw.o
  CC      arch/arm/boot/compressed/fdt_ro.o
  CC      arch/arm/boot/compressed/fdt_wip.o
  CC      arch/arm/boot/compressed/fdt.o
  CC      arch/arm/boot/compressed/fdt_check_mem_start.o
  AS      arch/arm/boot/compressed/lib1funcs.o
  AS      arch/arm/boot/compressed/ashldi3.o
  AS      arch/arm/boot/compressed/bswapsdi2.o
  AS      arch/arm/boot/compressed/piggy.o
  LD      arch/arm/boot/compressed/vmlinux
  OBJCOPY arch/arm/boot/zImage
  Kernel: arch/arm/boot/zImage is ready
make: Leaving directory '/home/charliechen/rk-forge/third_party/vendor-sdk/kernel-6.1'
[35m+ make -C /home/charliechen/rk-forge/third_party/vendor-sdk/kernel/ -j15 CROSS_COMPILE=/home/charliechen/rk-forge/third_party/vendor-sdk/prebuilts/gcc/linux-x86/arm/gcc-arm-10.3-2021.07-x86_64-arm-none-linux-gnueabihf/bin/arm-none-linux-gnueabihf- ARCH=arm modules[0m
make: Entering directory '/home/charliechen/rk-forge/third_party/vendor-sdk/kernel-6.1'
  CALL    scripts/checksyscalls.sh
  CC [M]  drivers/phy/rockchip/phy-rockchip-inno-usb2.o
  CC [M]  lib/crypto/arc4.o
  LDS     scripts/module.lds
  CC [M]  net/rfkill/rfkill-wlan.o
  CC [M]  net/mac80211/main.o
  CC [M]  net/mac80211/status.o
  CC [M]  net/rfkill/rfkill-bt.o
  CC [M]  net/wireless/core.o
  CC [M]  net/mac80211/driver-ops.o
  CC [M]  net/wireless/sysfs.o
  CC [M]  net/mac80211/sta_info.o
  CC [M]  net/wireless/radiotap.o
  CC [M]  net/mac80211/wep.o
  LD [M]  lib/crypto/libarc4.o
  CC [M]  net/mac80211/aead_api.o
  CC [M]  fs/nls/nls_cp437.o
  CC [M]  net/wireless/util.o
  CC [M]  net/wireless/reg.o
  CC [M]  net/wireless/scan.o
  CC [M]  fs/nls/nls_iso8859-1.o
  LD [M]  net/rfkill/rfkill-rk.o
  CC [M]  net/wireless/nl80211.o
  CC [M]  net/mac80211/wpa.o
  CC [M]  fs/configfs/inode.o
  CC [M]  net/wireless/mlme.o
  CC [M]  net/mac80211/scan.o
  CC [M]  net/wireless/ibss.o
  CC [M]  fs/fat/cache.o
  CC [M]  fs/exfat/inode.o
  CC [M]  fs/ntfs3/attrib.o
  CC [M]  fs/ntfs3/attrlist.o
  CC [M]  fs/fat/dir.o
  CC [M]  fs/configfs/file.o
  CC [M]  fs/fat/fatent.o
  CC [M]  fs/ntfs3/bitfunc.o
  CC [M]  fs/exfat/namei.o
  CC [M]  net/mac80211/offchannel.o
  CC [M]  fs/exfat/dir.o
  CC [M]  fs/configfs/dir.o
  CC [M]  fs/ntfs3/bitmap.o
  CC [M]  fs/fat/file.o
  CC [M]  fs/configfs/symlink.o
  CC [M]  drivers/scsi/scsi.o
  CC [M]  fs/configfs/mount.o
  CC [M]  fs/exfat/super.o
  CC [M]  drivers/scsi/hosts.o
  CC [M]  fs/configfs/item.o
  CC [M]  drivers/scsi/scsi_ioctl.o
  CC [M]  drivers/scsi/scsicam.o
  CC [M]  fs/exfat/fatent.o
  CC [M]  fs/fat/inode.o
  CC [M]  net/mac80211/ht.o
  CC [M]  drivers/scsi/scsi_error.o
  LD [M]  fs/configfs/configfs.o
  CC [M]  fs/ntfs3/dir.o
  CC [M]  net/wireless/sme.o
  CC [M]  fs/fat/misc.o
  CC [M]  fs/ntfs3/fsntfs.o
  CC [M]  fs/fat/nfs.o
  CC [M]  fs/ntfs3/frecord.o
  CC [M]  net/mac80211/agg-tx.o
  CC [M]  fs/fat/namei_vfat.o
  CC [M]  net/wireless/chan.o
  CC [M]  net/wireless/ethtool.o
  CC [M]  fs/exfat/cache.o
  CC [M]  drivers/scsi/scsi_lib.o
  CC [M]  fs/exfat/nls.o
  CC [M]  fs/exfat/misc.o
  CC [M]  net/wireless/mesh.o
  CC [M]  net/wireless/ap.o
  CC [M]  fs/exfat/file.o
  CC [M]  net/mac80211/agg-rx.o
  LD [M]  fs/fat/fat.o
  LD [M]  fs/fat/vfat.o
  CC [M]  fs/exfat/balloc.o
  CC [M]  net/wireless/trace.o
  CC [M]  drivers/scsi/scsi_lib_dma.o
  CC [M]  fs/ntfs3/file.o
  CC [M]  drivers/scsi/scsi_scan.o
  CC [M]  net/mac80211/vht.o
  CC [M]  net/wireless/ocb.o
  CC [M]  drivers/net/wireless/realtek/rtl8733bu/core/rtw_cmd.o
  CC [M]  net/wireless/pmsr.o
  CC [M]  net/mac80211/he.o
  CC [M]  fs/ntfs3/fslog.o
  CC [M]  drivers/net/wireless/realtek/rtl8733bu/core/rtw_security.o
  CC [M]  fs/ntfs3/inode.o
  LD [M]  fs/exfat/exfat.o
  CC [M]  drivers/net/wireless/realtek/rtl8733bu/core/rtw_debug.o
  CC [M]  net/mac80211/s1g.o
  CC [M]  net/wireless/of.o
  CC [M]  drivers/usb/storage/scsiglue.o
  CC [M]  drivers/input/keyboard/matrix_keypad.o
  GEN     net/wireless/shipped-certs.c
  GEN     drivers/scsi/scsi_devinfo_tbl.c
  CC [M]  net/mac80211/ibss.o
  CC [M]  drivers/scsi/scsi_devinfo.o
  CC [M]  drivers/scsi/scsi_sysctl.o
  CC [M]  drivers/usb/storage/protocol.o
  CC [M]  fs/ntfs3/index.o
  CC [M]  net/wireless/shipped-certs.o
  CC [M]  drivers/usb/storage/transport.o
  CC [M]  drivers/input/matrix-keymap.o
  CC [M]  drivers/net/wireless/realtek/rtl8733bu/core/rtw_io.o
  CC [M]  drivers/net/wireless/realtek/rtl8733bu/core/rtw_ioctl_query.o
  CC [M]  drivers/scsi/scsi_debugfs.o
  CC [M]  net/mac80211/iface.o
  CC [M]  net/mac80211/link.o
  CC [M]  fs/ntfs3/lznt.o
  CC [M]  drivers/net/wireless/realtek/rtl8733bu/core/rtw_ioctl_set.o
  CC [M]  drivers/net/wireless/realtek/rtl8733bu/core/rtw_ieee80211.o
  CC [M]  drivers/scsi/scsi_trace.o
  CC [M]  drivers/net/wireless/realtek/rtl8733bu/core/rtw_mlme.o
  CC [M]  net/mac80211/rate.o
  CC [M]  drivers/usb/storage/usb.o
  CC [M]  drivers/usb/storage/initializers.o
  CC [M]  net/mac80211/michael.o
  CC [M]  fs/ntfs3/namei.o
  CC [M]  drivers/scsi/scsi_logging.o
  LD [M]  net/wireless/cfg80211.o
  CC [M]  drivers/usb/storage/sierra_ms.o
  CC [M]  drivers/net/wireless/realtek/rtl8733bu/core/rtw_mlme_ext.o
  CC [M]  drivers/scsi/scsi_pm.o
  CC [M]  drivers/media/usb/uvc/uvc_driver.o
  CC [M]  drivers/scsi/scsi_common.o
  CC [M]  drivers/media/usb/uvc/uvc_queue.o
  CC [M]  fs/ntfs3/record.o
  CC [M]  drivers/usb/dwc2/core.o
  CC [M]  drivers/usb/dwc2/core_intr.o
  CC [M]  drivers/usb/dwc2/platform.o
  CC [M]  net/mac80211/tkip.o
  CC [M]  drivers/usb/dwc2/drd.o
  CC [M]  fs/ntfs3/run.o
  CC [M]  drivers/usb/storage/option_ms.o
  CC [M]  fs/ntfs3/super.o
  CC [M]  net/mac80211/aes_cmac.o
  CC [M]  drivers/scsi/sd.o
  CC [M]  drivers/scsi/scsi_sysfs.o
  CC [M]  drivers/media/usb/uvc/uvc_v4l2.o
  CC [M]  drivers/usb/gadget/udc/core.o
  CC [M]  drivers/net/wireless/realtek/rtl8733bu/core/rtw_mi.o
  CC [M]  drivers/usb/storage/usual-tables.o
  CC [M]  drivers/net/wireless/realtek/rtl8733bu/core/rtw_wlan_util.o
  CC [M]  drivers/net/wireless/realtek/rtl8733bu/core/rtw_vht.o
  CC [M]  drivers/media/usb/uvc/uvc_video.o
  CC [M]  drivers/usb/gadget/function/f_fs.o
  CC [M]  drivers/net/wireless/realtek/rtl8733bu/core/rtw_pwrctrl.o
  CC [M]  net/mac80211/aes_gmac.o
  CC [M]  drivers/net/wireless/realtek/rtl8733bu/core/rtw_rf.o
  CC [M]  fs/ntfs3/upcase.o
  CC [M]  drivers/usb/dwc2/params.o
  CC [M]  fs/ntfs3/xattr.o
  CC [M]  drivers/usb/gadget/udc/trace.o
  LD [M]  drivers/usb/storage/usb-storage.o
  CC [M]  drivers/usb/dwc2/hcd.o
  CC [M]  drivers/media/usb/uvc/uvc_ctrl.o
  LD [M]  drivers/usb/gadget/udc/udc-core.o
  CC [M]  drivers/media/usb/uvc/uvc_status.o
  CC [M]  drivers/usb/dwc2/hcd_intr.o
  CC [M]  drivers/net/wireless/realtek/rtl8733bu/core/rtw_chplan.o
  LD [M]  drivers/scsi/scsi_mod.o
  CC [M]  drivers/usb/gadget/usbstring.o
  LD [M]  drivers/scsi/sd_mod.o
  CC [M]  drivers/media/usb/uvc/uvc_isight.o
  LD [M]  fs/ntfs3/ntfs3.o
  CC [M]  net/mac80211/fils_aead.o
  CC [M]  drivers/usb/gadget/config.o
  CC [M]  drivers/net/wireless/realtek/rtl8733bu/core/monitor/rtw_radiotap.o
  CC [M]  drivers/usb/dwc2/hcd_queue.o
  CC [M]  drivers/media/usb/uvc/uvc_debugfs.o
  CC [M]  drivers/usb/dwc2/hcd_ddma.o
  CC [M]  net/mac80211/cfg.o
  LD [M]  drivers/usb/gadget/function/usb_f_fs.o
  CC [M]  drivers/media/usb/uvc/uvc_metadata.o
  CC [M]  drivers/usb/gadget/epautoconf.o
  CC [M]  drivers/media/usb/uvc/uvc_entity.o
  CC [M]  drivers/usb/dwc2/gadget.o
  CC [M]  drivers/usb/gadget/composite.o
  CC [M]  drivers/usb/dwc2/debugfs.o
  CC [M]  net/mac80211/ethtool.o
  CC [M]  drivers/usb/gadget/functions.o
  CC [M]  drivers/bluetooth/bluetooth_usb_driver/rtk_coex.o
  CC [M]  drivers/net/wireless/realtek/rtl8733bu/core/rtw_recv.o
  CC [M]  net/mac80211/rx.o
  CC [M]  drivers/net/wireless/realtek/rtl8733bu/core/rtw_sta_mgt.o
  CC [M]  drivers/usb/gadget/configfs.o
  CC [M]  drivers/usb/gadget/u_f.o
  LD [M]  drivers/media/usb/uvc/uvcvideo.o
  CC [M]  net/mac80211/spectmgmt.o
  CC [M]  net/mac80211/tx.o
  CC [M]  drivers/bluetooth/bluetooth_usb_driver/rtk_misc.o
  CC [M]  drivers/net/wireless/realtek/rtl8733bu/core/rtw_ap.o
  CC [M]  drivers/net/wireless/realtek/rtl8733bu/core/wds/rtw_wds.o
  CC [M]  drivers/net/wireless/realtek/rtl8733bu/core/mesh/rtw_mesh.o
  CC [M]  drivers/bluetooth/bluetooth_usb_driver/rtk_bt.o
  CC [M]  drivers/net/wireless/realtek/rtl8733bu/core/mesh/rtw_mesh_pathtbl.o
  CC [M]  net/mac80211/key.o
  CC [M]  drivers/net/wireless/realtek/rtl8733bu/core/mesh/rtw_mesh_hwmp.o
  CC [M]  net/mac80211/util.o
  CC [M]  net/mac80211/wme.o
  CC [M]  net/mac80211/chan.o
  CC [M]  drivers/net/wireless/realtek/rtl8733bu/core/rtw_xmit.o
  LD [M]  drivers/usb/gadget/libcomposite.o
  CC [M]  net/mac80211/trace.o
  LD [M]  drivers/usb/dwc2/dwc2.o
  CC [M]  net/mac80211/mlme.o
  CC [M]  drivers/net/wireless/realtek/rtl8733bu/core/rtw_p2p.o
  CC [M]  drivers/net/wireless/realtek/rtl8733bu/core/rtw_rson.o
  CC [M]  net/mac80211/tdls.o
  LD [M]  drivers/bluetooth/bluetooth_usb_driver/rtk_btusb.o
  CC [M]  drivers/net/wireless/realtek/rtl8733bu/core/rtw_tdls.o
  CC [M]  drivers/net/wireless/realtek/rtl8733bu/core/rtw_br_ext.o
  CC [M]  drivers/net/wireless/realtek/rtl8733bu/core/rtw_iol.o
  CC [M]  net/mac80211/ocb.o
  CC [M]  drivers/net/wireless/realtek/rtl8733bu/core/rtw_sreset.o
  CC [M]  net/mac80211/airtime.o
  CC [M]  net/mac80211/eht.o
  CC [M]  drivers/net/wireless/realtek/rtl8733bu/core/rtw_btcoex_wifionly.o
  CC [M]  drivers/net/wireless/realtek/rtl8733bu/core/rtw_btcoex.o
  CC [M]  drivers/net/wireless/realtek/rtl8733bu/core/rtw_beamforming.o
  CC [M]  net/mac80211/pm.o
  CC [M]  drivers/net/wireless/realtek/rtl8733bu/core/rtw_odm.o
  CC [M]  drivers/net/wireless/realtek/rtl8733bu/core/rtw_rm.o
  CC [M]  net/mac80211/rc80211_minstrel_ht.o
  CC [M]  drivers/net/wireless/realtek/rtl8733bu/core/rtw_rm_fsm.o
  CC [M]  drivers/net/wireless/realtek/rtl8733bu/core/rtw_ft.o
  CC [M]  drivers/net/wireless/realtek/rtl8733bu/core/rtw_wnm.o
  CC [M]  drivers/net/wireless/realtek/rtl8733bu/core/rtw_mbo.o
  CC [M]  drivers/net/wireless/realtek/rtl8733bu/core/rtw_rm_util.o
  CC [M]  drivers/net/wireless/realtek/rtl8733bu/core/efuse/rtw_efuse.o
  CC [M]  drivers/net/wireless/realtek/rtl8733bu/core/rtw_roch.o
  CC [M]  drivers/net/wireless/realtek/rtl8733bu/core/crypto/aes-internal.o
  CC [M]  drivers/net/wireless/realtek/rtl8733bu/core/crypto/aes-internal-enc.o
  CC [M]  drivers/net/wireless/realtek/rtl8733bu/core/crypto/aes-gcm.o
  CC [M]  drivers/net/wireless/realtek/rtl8733bu/core/crypto/aes-ccm.o
  CC [M]  drivers/net/wireless/realtek/rtl8733bu/core/crypto/aes-omac1.o
  CC [M]  drivers/net/wireless/realtek/rtl8733bu/core/crypto/ccmp.o
  CC [M]  drivers/net/wireless/realtek/rtl8733bu/core/crypto/gcmp.o
  CC [M]  drivers/net/wireless/realtek/rtl8733bu/core/crypto/aes-siv.o
  CC [M]  drivers/net/wireless/realtek/rtl8733bu/core/crypto/aes-ctr.o
  CC [M]  drivers/net/wireless/realtek/rtl8733bu/core/crypto/sha256-internal.o
  CC [M]  drivers/net/wireless/realtek/rtl8733bu/core/crypto/sha256.o
  CC [M]  drivers/net/wireless/realtek/rtl8733bu/core/crypto/sha256-prf.o
  CC [M]  drivers/net/wireless/realtek/rtl8733bu/core/crypto/rtw_crypto_wrap.o
  CC [M]  drivers/net/wireless/realtek/rtl8733bu/core/rtw_swcrypto.o
  CC [M]  drivers/net/wireless/realtek/rtl8733bu/os_dep/osdep_service.o
  CC [M]  drivers/net/wireless/realtek/rtl8733bu/os_dep/linux/os_intfs.o
  CC [M]  drivers/net/wireless/realtek/rtl8733bu/os_dep/linux/usb_intf.o
  CC [M]  drivers/net/wireless/realtek/rtl8733bu/os_dep/linux/usb_ops_linux.o
  CC [M]  drivers/net/wireless/realtek/rtl8733bu/os_dep/linux/ioctl_linux.o
  CC [M]  drivers/net/wireless/realtek/rtl8733bu/os_dep/linux/xmit_linux.o
  CC [M]  drivers/net/wireless/realtek/rtl8733bu/os_dep/linux/mlme_linux.o
  CC [M]  drivers/net/wireless/realtek/rtl8733bu/os_dep/linux/recv_linux.o
  CC [M]  drivers/net/wireless/realtek/rtl8733bu/os_dep/linux/ioctl_cfg80211.o
  CC [M]  drivers/net/wireless/realtek/rtl8733bu/os_dep/linux/rtw_cfgvendor.o
  LD [M]  net/mac80211/mac80211.o
  CC [M]  drivers/net/wireless/realtek/rtl8733bu/os_dep/linux/wifi_regd.o
  CC [M]  drivers/net/wireless/realtek/rtl8733bu/os_dep/linux/rtw_android.o
  CC [M]  drivers/net/wireless/realtek/rtl8733bu/os_dep/linux/rtw_proc.o
  CC [M]  drivers/net/wireless/realtek/rtl8733bu/os_dep/linux/nlrtw.o
  CC [M]  drivers/net/wireless/realtek/rtl8733bu/os_dep/linux/rtw_rhashtable.o
  CC [M]  drivers/net/wireless/realtek/rtl8733bu/os_dep/linux/ioctl_mp.o
  CC [M]  drivers/net/wireless/realtek/rtl8733bu/hal/hal_intf.o
  CC [M]  drivers/net/wireless/realtek/rtl8733bu/hal/hal_com.o
  CC [M]  drivers/net/wireless/realtek/rtl8733bu/hal/hal_com_phycfg.o
  CC [M]  drivers/net/wireless/realtek/rtl8733bu/hal/hal_phy.o
  CC [M]  drivers/net/wireless/realtek/rtl8733bu/hal/hal_dm.o
  CC [M]  drivers/net/wireless/realtek/rtl8733bu/hal/hal_dm_acs.o
  CC [M]  drivers/net/wireless/realtek/rtl8733bu/hal/hal_btcoex_wifionly.o
  CC [M]  drivers/net/wireless/realtek/rtl8733bu/hal/hal_btcoex.o
  CC [M]  drivers/net/wireless/realtek/rtl8733bu/hal/hal_mp.o
  CC [M]  drivers/net/wireless/realtek/rtl8733bu/hal/hal_mcc.o
  CC [M]  drivers/net/wireless/realtek/rtl8733bu/hal/hal_hci/hal_usb.o
  CC [M]  drivers/net/wireless/realtek/rtl8733bu/hal/led/hal_led.o
  CC [M]  drivers/net/wireless/realtek/rtl8733bu/hal/led/hal_usb_led.o
  CC [M]  drivers/net/wireless/realtek/rtl8733bu/hal/rtl8733b/rtl8733b_halinit.o
  CC [M]  drivers/net/wireless/realtek/rtl8733bu/hal/rtl8733b/rtl8733b_mac.o
  CC [M]  drivers/net/wireless/realtek/rtl8733bu/hal/rtl8733b/rtl8733b_cmd.o
  CC [M]  drivers/net/wireless/realtek/rtl8733bu/hal/rtl8733b/rtl8733b_phy.o
  CC [M]  drivers/net/wireless/realtek/rtl8733bu/hal/rtl8733b/rtl8733b_ops.o
  CC [M]  drivers/net/wireless/realtek/rtl8733bu/hal/rtl8733b/hal8733b_fw.o
  CC [M]  drivers/net/wireless/realtek/rtl8733bu/hal/rtl8733b/usb/rtl8733bu_halinit.o
  CC [M]  drivers/net/wireless/realtek/rtl8733bu/hal/rtl8733b/usb/rtl8733bu_halmac.o
  CC [M]  drivers/net/wireless/realtek/rtl8733bu/hal/rtl8733b/usb/rtl8733bu_io.o
  CC [M]  drivers/net/wireless/realtek/rtl8733bu/hal/rtl8733b/usb/rtl8733bu_xmit.o
  CC [M]  drivers/net/wireless/realtek/rtl8733bu/hal/rtl8733b/usb/rtl8733bu_recv.o
  CC [M]  drivers/net/wireless/realtek/rtl8733bu/hal/rtl8733b/usb/rtl8733bu_led.o
  CC [M]  drivers/net/wireless/realtek/rtl8733bu/hal/rtl8733b/usb/rtl8733bu_ops.o
  CC [M]  drivers/net/wireless/realtek/rtl8733bu/hal/efuse/rtl8733b/HalEfuseMask8733B_USB.o
  CC [M]  drivers/net/wireless/realtek/rtl8733bu/hal/hal_halmac.o
  CC [M]  drivers/net/wireless/realtek/rtl8733bu/hal/halmac/halmac_api.o
  CC [M]  drivers/net/wireless/realtek/rtl8733bu/hal/halmac/halmac_dbg.o
  CC [M]  drivers/net/wireless/realtek/rtl8733bu/hal/halmac/halmac_87xx/halmac_bb_rf_87xx.o
  CC [M]  drivers/net/wireless/realtek/rtl8733bu/hal/halmac/halmac_87xx/halmac_cfg_wmac_87xx.o
  CC [M]  drivers/net/wireless/realtek/rtl8733bu/hal/halmac/halmac_87xx/halmac_common_87xx.o
  CC [M]  drivers/net/wireless/realtek/rtl8733bu/hal/halmac/halmac_87xx/halmac_efuse_87xx.o
  CC [M]  drivers/net/wireless/realtek/rtl8733bu/hal/halmac/halmac_87xx/halmac_flash_87xx.o
  CC [M]  drivers/net/wireless/realtek/rtl8733bu/hal/halmac/halmac_87xx/halmac_fw_87xx.o
  CC [M]  drivers/net/wireless/realtek/rtl8733bu/hal/halmac/halmac_87xx/halmac_gpio_87xx.o
  CC [M]  drivers/net/wireless/realtek/rtl8733bu/hal/halmac/halmac_87xx/halmac_init_87xx.o
  CC [M]  drivers/net/wireless/realtek/rtl8733bu/hal/halmac/halmac_87xx/halmac_mimo_87xx.o
  CC [M]  drivers/net/wireless/realtek/rtl8733bu/hal/halmac/halmac_87xx/halmac_usb_87xx.o
  CC [M]  drivers/net/wireless/realtek/rtl8733bu/hal/halmac/halmac_87xx/halmac_8733b/halmac_cfg_wmac_8733b.o
  CC [M]  drivers/net/wireless/realtek/rtl8733bu/hal/halmac/halmac_87xx/halmac_8733b/halmac_common_8733b.o
  CC [M]  drivers/net/wireless/realtek/rtl8733bu/hal/halmac/halmac_87xx/halmac_8733b/halmac_gpio_8733b.o
  CC [M]  drivers/net/wireless/realtek/rtl8733bu/hal/halmac/halmac_87xx/halmac_8733b/halmac_init_8733b.o
  CC [M]  drivers/net/wireless/realtek/rtl8733bu/hal/halmac/halmac_87xx/halmac_8733b/halmac_phy_8733b.o
  CC [M]  drivers/net/wireless/realtek/rtl8733bu/hal/halmac/halmac_87xx/halmac_8733b/halmac_pwr_seq_8733b.o
  CC [M]  drivers/net/wireless/realtek/rtl8733bu/hal/halmac/halmac_87xx/halmac_8733b/halmac_usb_8733b.o
  CC [M]  drivers/net/wireless/realtek/rtl8733bu/hal/phydm/phydm_debug.o
  CC [M]  drivers/net/wireless/realtek/rtl8733bu/hal/phydm/phydm_antdiv.o
  CC [M]  drivers/net/wireless/realtek/rtl8733bu/hal/phydm/phydm_soml.o
  CC [M]  drivers/net/wireless/realtek/rtl8733bu/hal/phydm/phydm_smt_ant.o
  CC [M]  drivers/net/wireless/realtek/rtl8733bu/hal/phydm/phydm_antdect.o
  CC [M]  drivers/net/wireless/realtek/rtl8733bu/hal/phydm/phydm_interface.o
  CC [M]  drivers/net/wireless/realtek/rtl8733bu/hal/phydm/phydm_phystatus.o
  CC [M]  drivers/net/wireless/realtek/rtl8733bu/hal/phydm/phydm_hwconfig.o
  CC [M]  drivers/net/wireless/realtek/rtl8733bu/hal/phydm/phydm.o
  CC [M]  drivers/net/wireless/realtek/rtl8733bu/hal/phydm/phydm_dig.o
  CC [M]  drivers/net/wireless/realtek/rtl8733bu/hal/phydm/phydm_pathdiv.o
  CC [M]  drivers/net/wireless/realtek/rtl8733bu/hal/phydm/phydm_rainfo.o
  CC [M]  drivers/net/wireless/realtek/rtl8733bu/hal/phydm/phydm_dynamictxpower.o
  CC [M]  drivers/net/wireless/realtek/rtl8733bu/hal/phydm/phydm_adaptivity.o
  CC [M]  drivers/net/wireless/realtek/rtl8733bu/hal/phydm/phydm_cfotracking.o
  CC [M]  drivers/net/wireless/realtek/rtl8733bu/hal/phydm/phydm_noisemonitor.o
  CC [M]  drivers/net/wireless/realtek/rtl8733bu/hal/phydm/phydm_beamforming.o
  CC [M]  drivers/net/wireless/realtek/rtl8733bu/hal/phydm/phydm_direct_bf.o
  CC [M]  drivers/net/wireless/realtek/rtl8733bu/hal/phydm/phydm_dfs.o
  CC [M]  drivers/net/wireless/realtek/rtl8733bu/hal/phydm/txbf/halcomtxbf.o
  CC [M]  drivers/net/wireless/realtek/rtl8733bu/hal/phydm/txbf/haltxbfinterface.o
  CC [M]  drivers/net/wireless/realtek/rtl8733bu/hal/phydm/txbf/phydm_hal_txbf_api.o
  CC [M]  drivers/net/wireless/realtek/rtl8733bu/hal/phydm/phydm_adc_sampling.o
  CC [M]  drivers/net/wireless/realtek/rtl8733bu/hal/phydm/phydm_ccx.o
  CC [M]  drivers/net/wireless/realtek/rtl8733bu/hal/phydm/phydm_psd.o
  CC [M]  drivers/net/wireless/realtek/rtl8733bu/hal/phydm/phydm_primary_cca.o
  CC [M]  drivers/net/wireless/realtek/rtl8733bu/hal/phydm/phydm_cck_pd.o
  CC [M]  drivers/net/wireless/realtek/rtl8733bu/hal/phydm/phydm_rssi_monitor.o
  CC [M]  drivers/net/wireless/realtek/rtl8733bu/hal/phydm/phydm_auto_dbg.o
  CC [M]  drivers/net/wireless/realtek/rtl8733bu/hal/phydm/phydm_math_lib.o
  CC [M]  drivers/net/wireless/realtek/rtl8733bu/hal/phydm/phydm_api.o
  CC [M]  drivers/net/wireless/realtek/rtl8733bu/hal/phydm/phydm_pow_train.o
  CC [M]  drivers/net/wireless/realtek/rtl8733bu/hal/phydm/phydm_lna_sat.o
  CC [M]  drivers/net/wireless/realtek/rtl8733bu/hal/phydm/phydm_pmac_tx_setting.o
  CC [M]  drivers/net/wireless/realtek/rtl8733bu/hal/phydm/phydm_mp.o
  CC [M]  drivers/net/wireless/realtek/rtl8733bu/hal/phydm/phydm_cck_rx_pathdiv.o
  CC [M]  drivers/net/wireless/realtek/rtl8733bu/hal/phydm/halrf/halrf.o
  CC [M]  drivers/net/wireless/realtek/rtl8733bu/hal/phydm/halrf/halrf_debug.o
  CC [M]  drivers/net/wireless/realtek/rtl8733bu/hal/phydm/halrf/halphyrf_ce.o
  CC [M]  drivers/net/wireless/realtek/rtl8733bu/hal/phydm/halrf/halrf_powertracking_ce.o
  CC [M]  drivers/net/wireless/realtek/rtl8733bu/hal/phydm/halrf/halrf_powertracking.o
  CC [M]  drivers/net/wireless/realtek/rtl8733bu/hal/phydm/halrf/halrf_kfree.o
  CC [M]  drivers/net/wireless/realtek/rtl8733bu/hal/phydm/halrf/halrf_psd.o
  CC [M]  drivers/net/wireless/realtek/rtl8733bu/hal/phydm/rtl8733b/halhwimg8733b_bb.o
  CC [M]  drivers/net/wireless/realtek/rtl8733bu/hal/phydm/rtl8733b/phydm_hal_api8733b.o
  CC [M]  drivers/net/wireless/realtek/rtl8733bu/hal/phydm/rtl8733b/phydm_regconfig8733b.o
  CC [M]  drivers/net/wireless/realtek/rtl8733bu/hal/phydm/rtl8733b/phydm_rtl8733b.o
  CC [M]  drivers/net/wireless/realtek/rtl8733bu/hal/phydm/halrf/rtl8733b/halrf_8733b.o
  CC [M]  drivers/net/wireless/realtek/rtl8733bu/hal/phydm/halrf/rtl8733b/halrf_iqk_8733b.o
  CC [M]  drivers/net/wireless/realtek/rtl8733bu/hal/phydm/halrf/rtl8733b/halrf_tssi_8733b.o
  CC [M]  drivers/net/wireless/realtek/rtl8733bu/hal/phydm/halrf/rtl8733b/halrf_dpk_8733b.o
  CC [M]  drivers/net/wireless/realtek/rtl8733bu/hal/phydm/halrf/rtl8733b/halrf_txgapk_8733b.o
  CC [M]  drivers/net/wireless/realtek/rtl8733bu/hal/phydm/halrf/rtl8733b/halrf_rfk_init_8733b.o
  CC [M]  drivers/net/wireless/realtek/rtl8733bu/hal/phydm/halrf/rtl8733b/halhwimg8733b_rf.o
  CC [M]  drivers/net/wireless/realtek/rtl8733bu/hal/btc/halbtc8733bwifionly.o
  CC [M]  drivers/net/wireless/realtek/rtl8733bu/hal/btc/halbtccommon.o
  CC [M]  drivers/net/wireless/realtek/rtl8733bu/hal/btc/halbtc8733b.o
  CC [M]  drivers/net/wireless/realtek/rtl8733bu/platform/platform_ops.o
  CC [M]  drivers/net/wireless/realtek/rtl8733bu/core/rtw_mp.o
  LD [M]  drivers/net/wireless/realtek/rtl8733bu/8733bu.o
  MODPOST Module.symvers
  CC [M]  drivers/bluetooth/bluetooth_usb_driver/rtk_btusb.mod.o
  CC [M]  drivers/input/keyboard/matrix_keypad.mod.o
  CC [M]  drivers/input/matrix-keymap.mod.o
  CC [M]  drivers/media/usb/uvc/uvcvideo.mod.o
  CC [M]  drivers/net/wireless/realtek/rtl8733bu/8733bu.mod.o
  CC [M]  drivers/phy/rockchip/phy-rockchip-inno-usb2.mod.o
  CC [M]  drivers/scsi/scsi_common.mod.o
  CC [M]  drivers/scsi/scsi_mod.mod.o
  CC [M]  drivers/scsi/sd_mod.mod.o
  CC [M]  drivers/usb/dwc2/dwc2.mod.o
  CC [M]  drivers/usb/gadget/function/usb_f_fs.mod.o
  CC [M]  drivers/usb/gadget/libcomposite.mod.o
  CC [M]  drivers/usb/gadget/udc/udc-core.mod.o
  CC [M]  drivers/usb/storage/usb-storage.mod.o
  CC [M]  fs/configfs/configfs.mod.o
  CC [M]  fs/exfat/exfat.mod.o
  CC [M]  fs/fat/fat.mod.o
  CC [M]  fs/fat/vfat.mod.o
  CC [M]  fs/nls/nls_cp437.mod.o
  CC [M]  fs/nls/nls_iso8859-1.mod.o
  CC [M]  fs/ntfs3/ntfs3.mod.o
  CC [M]  lib/crypto/libarc4.mod.o
  CC [M]  net/mac80211/mac80211.mod.o
  CC [M]  net/rfkill/rfkill-rk.mod.o
  CC [M]  net/wireless/cfg80211.mod.o
  LD [M]  drivers/input/keyboard/matrix_keypad.ko
  LD [M]  drivers/input/matrix-keymap.ko
  LD [M]  drivers/media/usb/uvc/uvcvideo.ko
  LD [M]  drivers/net/wireless/realtek/rtl8733bu/8733bu.ko
  LD [M]  drivers/phy/rockchip/phy-rockchip-inno-usb2.ko
  LD [M]  drivers/scsi/scsi_common.ko
  LD [M]  drivers/scsi/scsi_mod.ko
  LD [M]  drivers/scsi/sd_mod.ko
  LD [M]  drivers/usb/dwc2/dwc2.ko
  LD [M]  drivers/usb/gadget/function/usb_f_fs.ko
  LD [M]  drivers/usb/gadget/libcomposite.ko
  LD [M]  drivers/usb/gadget/udc/udc-core.ko
  LD [M]  drivers/usb/storage/usb-storage.ko
  LD [M]  fs/configfs/configfs.ko
  LD [M]  drivers/bluetooth/bluetooth_usb_driver/rtk_btusb.ko
  LD [M]  fs/exfat/exfat.ko
  LD [M]  fs/fat/fat.ko
  LD [M]  fs/fat/vfat.ko
  LD [M]  net/mac80211/mac80211.ko
  LD [M]  net/wireless/cfg80211.ko
  LD [M]  fs/nls/nls_cp437.ko
  LD [M]  fs/ntfs3/ntfs3.ko
  LD [M]  fs/nls/nls_iso8859-1.ko
  LD [M]  lib/crypto/libarc4.ko
  LD [M]  net/rfkill/rfkill-rk.ko
make: Leaving directory '/home/charliechen/rk-forge/third_party/vendor-sdk/kernel-6.1'
Compiling device tree: rk3506b-alientek-mipi720x1280-nand-ubi-squashfs.dtb
[35m+ make -C /home/charliechen/rk-forge/third_party/vendor-sdk/kernel/ -j15 CROSS_COMPILE=/home/charliechen/rk-forge/third_party/vendor-sdk/prebuilts/gcc/linux-x86/arm/gcc-arm-10.3-2021.07-x86_64-arm-none-linux-gnueabihf/bin/arm-none-linux-gnueabihf- ARCH=arm rk3506b-alientek-mipi720x1280-nand-ubi-squashfs.dtb[0m
make: Entering directory '/home/charliechen/rk-forge/third_party/vendor-sdk/kernel-6.1'
  DTC     arch/arm/boot/dts/rk3506b-alientek-mipi720x1280-nand-ubi-squashfs.dtb
make: Leaving directory '/home/charliechen/rk-forge/third_party/vendor-sdk/kernel-6.1'
Compiling device tree: rk3506b-alientek-mipi800x1280-nand-ubi-squashfs.dtb
[35m+ make -C /home/charliechen/rk-forge/third_party/vendor-sdk/kernel/ -j15 CROSS_COMPILE=/home/charliechen/rk-forge/third_party/vendor-sdk/prebuilts/gcc/linux-x86/arm/gcc-arm-10.3-2021.07-x86_64-arm-none-linux-gnueabihf/bin/arm-none-linux-gnueabihf- ARCH=arm rk3506b-alientek-mipi800x1280-nand-ubi-squashfs.dtb[0m
make: Entering directory '/home/charliechen/rk-forge/third_party/vendor-sdk/kernel-6.1'
  DTC     arch/arm/boot/dts/rk3506b-alientek-mipi800x1280-nand-ubi-squashfs.dtb
make: Leaving directory '/home/charliechen/rk-forge/third_party/vendor-sdk/kernel-6.1'
All device trees compiled successfully
Generating resource image...
Pack to resource.img successed!
rk-kernel.dtb  rk3506b-alientek-mipi800x1280-nand-ubi-squashfs#_saradc_ch2=691.dtb rk3506b-alientek-mipi720x1280-nand-ubi-squashfs#_saradc_ch2=12.dtb
/home/charliechen/rk-forge/third_party/vendor-sdk
Multiple device trees compilation completed
[35m+ /home/charliechen/rk-forge/third_party/vendor-sdk/device/rockchip/common/scripts/mk-fitimage.sh kernel/zboot.img /home/charliechen/rk-forge/third_party/vendor-sdk/device/rockchip/.chip/zboot.its kernel/arch/arm/boot/zImage kernel/arch/arm/boot/dts/rk3506b-alientek-mipi720x1280-nand-ubi-squashfs.dtb kernel/resource.img[0m
FIT description: U-Boot FIT source file for arm
Created:         Sun Jun 14 11:51:00 2026
 Image 0 (fdt)
  Description:  unavailable
  Created:      Sun Jun 14 11:51:00 2026
  Type:         Flat Device Tree
  Compression:  uncompressed
  Data Size:    43511 Bytes = 42.49 KiB = 0.04 MiB
  Architecture: ARM
  Load Address: 0xffffff00
  Hash algo:    sha256
  Hash value:   5ad36f2dfb397fc3d4418031dca9bab66f37d0cb3deb1061401537f162efb3b4
 Image 1 (kernel)
  Description:  unavailable
  Created:      Sun Jun 14 11:51:00 2026
  Type:         Kernel Image
  Compression:  uncompressed
  Data Size:    5036136 Bytes = 4918.10 KiB = 4.80 MiB
  Architecture: ARM
  OS:           Linux
  Load Address: 0xffffff01
  Entry Point:  0xffffff01
  Hash algo:    sha256
  Hash value:   4b44cb9bf812081db9cbf25f4268e265cb1716cc5152c53fed1027c7edd296cb
 Image 2 (resource)
  Description:  unavailable
  Created:      Sun Jun 14 11:51:00 2026
  Type:         Multi-File Image
  Compression:  uncompressed
  Data Size:    1096192 Bytes = 1070.50 KiB = 1.05 MiB
  Hash algo:    sha256
  Hash value:   d5cef533181b60781fc8685c4aa8fbe0291f9de6713026017e111c29faa036a1
 Default Configuration: 'conf'
 Configuration 0 (conf)
  Description:  unavailable
  Kernel:       kernel
  FDT:          fdt
[35m+ ln -rsf kernel/zboot.img /home/charliechen/rk-forge/third_party/vendor-sdk/output/firmware/boot.img[0m
Not Found io-domains in kernel/arch/arm/boot/dts/rk3506b-alientek-mipi720x1280-nand-ubi-squashfs.dts
[35mRunning 10-kernel.sh - build_kernel succeeded.[0m
